KEY,FREQ,CURRENCY,CURRENCY_DENOM,EXR_TYPE,EXR_SUFFIX,TIME_PERIOD,OBS_VALUE
EXR.D.HKD.EUR.SP00.A,D,HKD,EUR,SP00,A,2000-01-03,7.8624
EXR.D.HKD.EUR.SP00.A,D,HKD,EUR,SP00,A,2000-01-04,8.0201
EXR.D.HKD.EUR.SP00.A,D,HKD,EUR,SP00,A,2000-01-05,8.0629
EXR.D.HKD.EUR.SP00.A,D,HKD,EUR,SP00,A,2000-01-06,8.0843
EXR.D.HKD.EUR.SP00.A,D,HKD,EUR,SP00,A,2000-01-07,8.003
EXR.D.HKD.EUR.SP00.A,D,HKD,EUR,SP00,A,2000-01-10,7.9471
EXR.D.HKD.EUR.SP00.A,D,HKD,EUR,SP00,A,2000-01-11,7.9784
EXR.D.HKD.EUR.SP00.A,D,HKD,EUR,SP00,A,2000-01-12,8.0128
EXR.D.HKD.EUR.SP00.A,D,HKD,EUR,SP00,A,2000-01-13,7.9976
EXR.D.HKD.EUR.SP00.A,D,HKD,EUR,SP00,A,2000-01-14,7.9547
EXR.D.HKD.EUR.SP00.A,D,HKD,EUR,SP00,A,2000-01-17,7.8637
EXR.D.HKD.EUR.SP00.A,D,HKD,EUR,SP00,A,2000-01-18,7.8494
EXR.D.HKD.EUR.SP00.A,D,HKD,EUR,SP00,A,2000-01-19,7.8633
EXR.D.HKD.EUR.SP00.A,D,HKD,EUR,SP00,A,2000-01-20,7.8493
EXR.D.HKD.EUR.SP00.A,D,HKD,EUR,SP00,A,2000-01-21,7.8552
EXR.D.HKD.EUR.SP00.A,D,HKD,EUR,SP00,A,2000-01-24,7.8113
EXR.D.HKD.EUR.SP00.A,D,HKD,EUR,SP00,A,2000-01-25,7.7894
EXR.D.HKD.EUR.SP00.A,D,HKD,EUR,SP00,A,2000-01-26,7.798
EXR.D.HKD.EUR.SP00.A,D,HKD,EUR,SP00,A,2000-01-27,7.7513
EXR.D.HKD.EUR.SP00.A,D,HKD,EUR,SP00,A,2000-01-28,7.6607
EXR.D.HKD.EUR.SP00.A,D,HKD,EUR,SP00,A,2000-01-31,7.6206
EXR.D.HKD.EUR.SP00.A,D,HKD,EUR,SP00,A,2000-02-01,7.5531
EXR.D.HKD.EUR.SP00.A,D,HKD,EUR,SP00,A,2000-02-02,7.5634
EXR.D.HKD.EUR.SP00.A,D,HKD,EUR,SP00,A,2000-02-03,7.584
EXR.D.HKD.EUR.SP00.A,D,HKD,EUR,SP00,A,2000-02-04,7.6623
EXR.D.HKD.EUR.SP00.A,D,HKD,EUR,SP00,A,2000-02-07,7.606
EXR.D.HKD.EUR.SP00.A,D,HKD,EUR,SP00,A,2000-02-08,7.7062
EXR.D.HKD.EUR.SP00.A,D,HKD,EUR,SP00,A,2000-02-09,7.7171
EXR.D.HKD.EUR.SP00.A,D,HKD,EUR,SP00,A,2000-02-10,7.6782
EXR.D.HKD.EUR.SP00.A,D,HKD,EUR,SP00,A,2000-02-11,7.6271
EXR.D.HKD.EUR.SP00.A,D,HKD,EUR,SP00,A,2000-02-14,7.6736
EXR.D.HKD.EUR.SP00.A,D,HKD,EUR,SP00,A,2000-02-15,7.6077
EXR.D.HKD.EUR.SP00.A,D,HKD,EUR,SP00,A,2000-02-16,7.6265
EXR.D.HKD.EUR.SP00.A,D,HKD,EUR,SP00,A,2000-02-17,7.7237
EXR.D.HKD.EUR.SP00.A,D,HKD,EUR,SP00,A,2000-02-18,7.6772
EXR.D.HKD.EUR.SP00.A,D,HKD,EUR,SP00,A,2000-02-21,7.6758
EXR.D.HKD.EUR.SP00.A,D,HKD,EUR,SP00,A,2000-02-22,7.7996
EXR.D.HKD.EUR.SP00.A,D,HKD,EUR,SP00,A,2000-02-23,7.821
EXR.D.HKD.EUR.SP00.A,D,HKD,EUR,SP00,A,2000-02-24,7.7145
EXR.D.HKD.EUR.SP00.A,D,HKD,EUR,SP00,A,2000-02-25,7.6394
EXR.D.HKD.EUR.SP00.A,D,HKD,EUR,SP00,A,2000-02-28,7.4942
EXR.D.HKD.EUR.SP00.A,D,HKD,EUR,SP00,A,2000-02-29,7.559
EXR.D.HKD.EUR.SP00.A,D,HKD,EUR,SP00,A,2000-03-01,7.5211
EXR.D.HKD.EUR.SP00.A,D,HKD,EUR,SP00,A,2000-03-02,7.5697
EXR.D.HKD.EUR.SP00.A,D,HKD,EUR,SP00,A,2000-03-03,7.517
EXR.D.HKD.EUR.SP00.A,D,HKD,EUR,SP00,A,2000-03-06,7.5089
EXR.D.HKD.EUR.SP00.A,D,HKD,EUR,SP00,A,2000-03-07,7.4673
EXR.D.HKD.EUR.SP00.A,D,HKD,EUR,SP00,A,2000-03-08,7.4258
EXR.D.HKD.EUR.SP00.A,D,HKD,EUR,SP00,A,2000-03-09,7.4843
EXR.D.HKD.EUR.SP00.A,D,HKD,EUR,SP00,A,2000-03-10,7.4788
EXR.D.HKD.EUR.SP00.A,D,HKD,EUR,SP00,A,2000-03-13,7.5557
EXR.D.HKD.EUR.SP00.A,D,HKD,EUR,SP00,A,2000-03-14,7.487
EXR.D.HKD.EUR.SP00.A,D,HKD,EUR,SP00,A,2000-03-15,7.5088
EXR.D.HKD.EUR.SP00.A,D,HKD,EUR,SP00,A,2000-03-16,7.5372
EXR.D.HKD.EUR.SP00.A,D,HKD,EUR,SP00,A,2000-03-17,7.528
EXR.D.HKD.EUR.SP00.A,D,HKD,EUR,SP00,A,2000-03-20,7.562
EXR.D.HKD.EUR.SP00.A,D,HKD,EUR,SP00,A,2000-03-21,7.5536
EXR.D.HKD.EUR.SP00.A,D,HKD,EUR,SP00,A,2000-03-22,7.4738
EXR.D.HKD.EUR.SP00.A,D,HKD,EUR,SP00,A,2000-03-23,7.4892
EXR.D.HKD.EUR.SP00.A,D,HKD,EUR,SP00,A,2000-03-24,7.5651
EXR.D.HKD.EUR.SP00.A,D,HKD,EUR,SP00,A,2000-03-27,7.5626
EXR.D.HKD.EUR.SP00.A,D,HKD,EUR,SP00,A,2000-03-28,7.5112
EXR.D.HKD.EUR.SP00.A,D,HKD,EUR,SP00,A,2000-03-29,7.4507
EXR.D.HKD.EUR.SP00.A,D,HKD,EUR,SP00,A,2000-03-30,7.4356
EXR.D.HKD.EUR.SP00.A,D,HKD,EUR,SP00,A,2000-03-31,7.4357
EXR.D.HKD.EUR.SP00.A,D,HKD,EUR,SP00,A,2000-04-03,7.4337
EXR.D.HKD.EUR.SP00.A,D,HKD,EUR,SP00,A,2000-04-04,7.4318
EXR.D.HKD.EUR.SP00.A,D,HKD,EUR,SP00,A,2000-04-05,7.5251
EXR.D.HKD.EUR.SP00.A,D,HKD,EUR,SP00,A,2000-04-06,7.4887
EXR.D.HKD.EUR.SP00.A,D,HKD,EUR,SP00,A,2000-04-07,7.4544
EXR.D.HKD.EUR.SP00.A,D,HKD,EUR,SP00,A,2000-04-10,7.4606
EXR.D.HKD.EUR.SP00.A,D,HKD,EUR,SP00,A,2000-04-11,7.4738
EXR.D.HKD.EUR.SP00.A,D,HKD,EUR,SP00,A,2000-04-12,7.4543
EXR.D.HKD.EUR.SP00.A,D,HKD,EUR,SP00,A,2000-04-13,7.4316
EXR.D.HKD.EUR.SP00.A,D,HKD,EUR,SP00,A,2000-04-14,7.4317
EXR.D.HKD.EUR.SP00.A,D,HKD,EUR,SP00,A,2000-04-17,7.4673
EXR.D.HKD.EUR.SP00.A,D,HKD,EUR,SP00,A,2000-04-18,7.3974
EXR.D.HKD.EUR.SP00.A,D,HKD,EUR,SP00,A,2000-04-19,7.3823
EXR.D.HKD.EUR.SP00.A,D,HKD,EUR,SP00,A,2000-04-20,7.3072
EXR.D.HKD.EUR.SP00.A,D,HKD,EUR,SP00,A,2000-04-21,
EXR.D.HKD.EUR.SP00.A,D,HKD,EUR,SP00,A,2000-04-24,
EXR.D.HKD.EUR.SP00.A,D,HKD,EUR,SP00,A,2000-04-25,7.2451
EXR.D.HKD.EUR.SP00.A,D,HKD,EUR,SP00,A,2000-04-26,7.1613
EXR.D.HKD.EUR.SP00.A,D,HKD,EUR,SP00,A,2000-04-27,7.1413
EXR.D.HKD.EUR.SP00.A,D,HKD,EUR,SP00,A,2000-04-28,7.0676
EXR.D.HKD.EUR.SP00.A,D,HKD,EUR,SP00,A,2000-05-01,
EXR.D.HKD.EUR.SP00.A,D,HKD,EUR,SP00,A,2000-05-02,7.0968
EXR.D.HKD.EUR.SP00.A,D,HKD,EUR,SP00,A,2000-05-03,6.9519
EXR.D.HKD.EUR.SP00.A,D,HKD,EUR,SP00,A,2000-05-04,6.9688
EXR.D.HKD.EUR.SP00.A,D,HKD,EUR,SP00,A,2000-05-05,6.9939
EXR.D.HKD.EUR.SP00.A,D,HKD,EUR,SP00,A,2000-05-08,6.963
EXR.D.HKD.EUR.SP00.A,D,HKD,EUR,SP00,A,2000-05-09,6.9785
EXR.D.HKD.EUR.SP00.A,D,HKD,EUR,SP00,A,2000-05-10,7.0843
EXR.D.HKD.EUR.SP00.A,D,HKD,EUR,SP00,A,2000-05-11,7.0861
EXR.D.HKD.EUR.SP00.A,D,HKD,EUR,SP00,A,2000-05-12,7.0468
EXR.D.HKD.EUR.SP00.A,D,HKD,EUR,SP00,A,2000-05-15,7.1276
EXR.D.HKD.EUR.SP00.A,D,HKD,EUR,SP00,A,2000-05-16,7.0696
EXR.D.HKD.EUR.SP00.A,D,HKD,EUR,SP00,A,2000-05-17,6.9527
EXR.D.HKD.EUR.SP00.A,D,HKD,EUR,SP00,A,2000-05-18,6.9658
EXR.D.HKD.EUR.SP00.A,D,HKD,EUR,SP00,A,2000-05-19,6.909
EXR.D.HKD.EUR.SP00.A,D,HKD,EUR,SP00,A,2000-05-22,7.0069
EXR.D.HKD.EUR.SP00.A,D,HKD,EUR,SP00,A,2000-05-23,7.0961
EXR.D.HKD.EUR.SP00.A,D,HKD,EUR,SP00,A,2000-05-24,7.0964
EXR.D.HKD.EUR.SP00.A,D,HKD,EUR,SP00,A,2000-05-25,7.0177
EXR.D.HKD.EUR.SP00.A,D,HKD,EUR,SP00,A,2000-05-26,7.1145
EXR.D.HKD.EUR.SP00.A,D,HKD,EUR,SP00,A,2000-05-29,7.2214
EXR.D.HKD.EUR.SP00.A,D,HKD,EUR,SP00,A,2000-05-30,7.2988
EXR.D.HKD.EUR.SP00.A,D,HKD,EUR,SP00,A,2000-05-31,7.2422
EXR.D.HKD.EUR.SP00.A,D,HKD,EUR,SP00,A,2000-06-01,7.2728
EXR.D.HKD.EUR.SP00.A,D,HKD,EUR,SP00,A,2000-06-02,7.2912
EXR.D.HKD.EUR.SP00.A,D,HKD,EUR,SP00,A,2000-06-05,7.3491
EXR.D.HKD.EUR.SP00.A,D,HKD,EUR,SP00,A,2000-06-06,7.3836
EXR.D.HKD.EUR.SP00.A,D,HKD,EUR,SP00,A,2000-06-07,7.4536
EXR.D.HKD.EUR.SP00.A,D,HKD,EUR,SP00,A,2000-06-08,7.543
EXR.D.HKD.EUR.SP00.A,D,HKD,EUR,SP00,A,2000-06-09,7.4145
EXR.D.HKD.EUR.SP00.A,D,HKD,EUR,SP00,A,2000-06-12,7.4232
EXR.D.HKD.EUR.SP00.A,D,HKD,EUR,SP00,A,2000-06-13,7.4652
EXR.D.HKD.EUR.SP00.A,D,HKD,EUR,SP00,A,2000-06-14,7.5115
EXR.D.HKD.EUR.SP00.A,D,HKD,EUR,SP00,A,2000-06-15,7.4227
EXR.D.HKD.EUR.SP00.A,D,HKD,EUR,SP00,A,2000-06-16,7.4567
EXR.D.HKD.EUR.SP00.A,D,HKD,EUR,SP00,A,2000-06-19,7.5147
EXR.D.HKD.EUR.SP00.A,D,HKD,EUR,SP00,A,2000-06-20,7.436
EXR.D.HKD.EUR.SP00.A,D,HKD,EUR,SP00,A,2000-06-21,7.3808
EXR.D.HKD.EUR.SP00.A,D,HKD,EUR,SP00,A,2000-06-22,7.3325
EXR.D.HKD.EUR.SP00.A,D,HKD,EUR,SP00,A,2000-06-23,7.3334
EXR.D.HKD.EUR.SP00.A,D,HKD,EUR,SP00,A,2000-06-26,7.2701
EXR.D.HKD.EUR.SP00.A,D,HKD,EUR,SP00,A,2000-06-27,7.3283
EXR.D.HKD.EUR.SP00.A,D,HKD,EUR,SP00,A,2000-06-28,7.3381
EXR.D.HKD.EUR.SP00.A,D,HKD,EUR,SP00,A,2000-06-29,7.4113
EXR.D.HKD.EUR.SP00.A,D,HKD,EUR,SP00,A,2000-06-30,7.4456
EXR.D.HKD.EUR.SP00.A,D,HKD,EUR,SP00,A,2000-07-03,7.4033
EXR.D.HKD.EUR.SP00.A,D,HKD,EUR,SP00,A,2000-07-04,7.4004
EXR.D.HKD.EUR.SP00.A,D,HKD,EUR,SP00,A,2000-07-05,7.4417
EXR.D.HKD.EUR.SP00.A,D,HKD,EUR,SP00,A,2000-07-06,7.4553
EXR.D.HKD.EUR.SP00.A,D,HKD,EUR,SP00,A,2000-07-07,7.3983
EXR.D.HKD.EUR.SP00.A,D,HKD,EUR,SP00,A,2000-07-10,7.4222
EXR.D.HKD.EUR.SP00.A,D,HKD,EUR,SP00,A,2000-07-11,7.4256
EXR.D.HKD.EUR.SP00.A,D,HKD,EUR,SP00,A,2000-07-12,7.4095
EXR.D.HKD.EUR.SP00.A,D,HKD,EUR,SP00,A,2000-07-13,7.2903
EXR.D.HKD.EUR.SP00.A,D,HKD,EUR,SP00,A,2000-07-14,7.2936
EXR.D.HKD.EUR.SP00.A,D,HKD,EUR,SP00,A,2000-07-17,7.3058
EXR.D.HKD.EUR.SP00.A,D,HKD,EUR,SP00,A,2000-07-18,7.2953
EXR.D.HKD.EUR.SP00.A,D,HKD,EUR,SP00,A,2000-07-19,7.1799
EXR.D.HKD.EUR.SP00.A,D,HKD,EUR,SP00,A,2000-07-20,7.1777
EXR.D.HKD.EUR.SP00.A,D,HKD,EUR,SP00,A,2000-07-21,7.2933
EXR.D.HKD.EUR.SP00.A,D,HKD,EUR,SP00,A,2000-07-24,7.2722
EXR.D.HKD.EUR.SP00.A,D,HKD,EUR,SP00,A,2000-07-25,7.3368
EXR.D.HKD.EUR.SP00.A,D,HKD,EUR,SP00,A,2000-07-26,7.3265
EXR.D.HKD.EUR.SP00.A,D,HKD,EUR,SP00,A,2000-07-27,7.3215
EXR.D.HKD.EUR.SP00.A,D,HKD,EUR,SP00,A,2000-07-28,7.2344
EXR.D.HKD.EUR.SP00.A,D,HKD,EUR,SP00,A,2000-07-31,7.2155
EXR.D.HKD.EUR.SP00.A,D,HKD,EUR,SP00,A,2000-08-01,7.2251
EXR.D.HKD.EUR.SP00.A,D,HKD,EUR,SP00,A,2000-08-02,7.1301
EXR.D.HKD.EUR.SP00.A,D,HKD,EUR,SP00,A,2000-08-03,7.0503
EXR.D.HKD.EUR.SP00.A,D,HKD,EUR,SP00,A,2000-08-04,7.0459
EXR.D.HKD.EUR.SP00.A,D,HKD,EUR,SP00,A,2000-08-07,7.0844
EXR.D.HKD.EUR.SP00.A,D,HKD,EUR,SP00,A,2000-08-08,7.0536
EXR.D.HKD.EUR.SP00.A,D,HKD,EUR,SP00,A,2000-08-09,6.9985
EXR.D.HKD.EUR.SP00.A,D,HKD,EUR,SP00,A,2000-08-10,7.0489
EXR.D.HKD.EUR.SP00.A,D,HKD,EUR,SP00,A,2000-08-11,7.1206
EXR.D.HKD.EUR.SP00.A,D,HKD,EUR,SP00,A,2000-08-14,7.0297
EXR.D.HKD.EUR.SP00.A,D,HKD,EUR,SP00,A,2000-08-15,7.1176
EXR.D.HKD.EUR.SP00.A,D,HKD,EUR,SP00,A,2000-08-16,7.0819
EXR.D.HKD.EUR.SP00.A,D,HKD,EUR,SP00,A,2000-08-17,7.117
EXR.D.HKD.EUR.SP00.A,D,HKD,EUR,SP00,A,2000-08-18,7.1203
EXR.D.HKD.EUR.SP00.A,D,HKD,EUR,SP00,A,2000-08-21,7.0405
EXR.D.HKD.EUR.SP00.A,D,HKD,EUR,SP00,A,2000-08-22,6.9978
EXR.D.HKD.EUR.SP00.A,D,HKD,EUR,SP00,A,2000-08-23,6.9553
EXR.D.HKD.EUR.SP00.A,D,HKD,EUR,SP00,A,2000-08-24,7.027
EXR.D.HKD.EUR.SP00.A,D,HKD,EUR,SP00,A,2000-08-25,7.0371
EXR.D.HKD.EUR.SP00.A,D,HKD,EUR,SP00,A,2000-08-28,7.0261
EXR.D.HKD.EUR.SP00.A,D,HKD,EUR,SP00,A,2000-08-29,6.9954
EXR.D.HKD.EUR.SP00.A,D,HKD,EUR,SP00,A,2000-08-30,6.9594
EXR.D.HKD.EUR.SP00.A,D,HKD,EUR,SP00,A,2000-08-31,6.949
EXR.D.HKD.EUR.SP00.A,D,HKD,EUR,SP00,A,2000-09-01,6.9435
EXR.D.HKD.EUR.SP00.A,D,HKD,EUR,SP00,A,2000-09-04,7.0211
EXR.D.HKD.EUR.SP00.A,D,HKD,EUR,SP00,A,2000-09-05,6.9278
EXR.D.HKD.EUR.SP00.A,D,HKD,EUR,SP00,A,2000-09-06,6.8799
EXR.D.HKD.EUR.SP00.A,D,HKD,EUR,SP00,A,2000-09-07,6.7641
EXR.D.HKD.EUR.SP00.A,D,HKD,EUR,SP00,A,2000-09-08,6.8118
EXR.D.HKD.EUR.SP00.A,D,HKD,EUR,SP00,A,2000-09-11,6.702
EXR.D.HKD.EUR.SP00.A,D,HKD,EUR,SP00,A,2000-09-12,6.7162
EXR.D.HKD.EUR.SP00.A,D,HKD,EUR,SP00,A,2000-09-13,6.7454
EXR.D.HKD.EUR.SP00.A,D,HKD,EUR,SP00,A,2000-09-14,6.7934
EXR.D.HKD.EUR.SP00.A,D,HKD,EUR,SP00,A,2000-09-15,6.7229
EXR.D.HKD.EUR.SP00.A,D,HKD,EUR,SP00,A,2000-09-18,6.6486
EXR.D.HKD.EUR.SP00.A,D,HKD,EUR,SP00,A,2000-09-19,6.6632
EXR.D.HKD.EUR.SP00.A,D,HKD,EUR,SP00,A,2000-09-20,6.6008
EXR.D.HKD.EUR.SP00.A,D,HKD,EUR,SP00,A,2000-09-21,6.6355
EXR.D.HKD.EUR.SP00.A,D,HKD,EUR,SP00,A,2000-09-22,6.9247
EXR.D.HKD.EUR.SP00.A,D,HKD,EUR,SP00,A,2000-09-25,6.8424
EXR.D.HKD.EUR.SP00.A,D,HKD,EUR,SP00,A,2000-09-26,6.8269
EXR.D.HKD.EUR.SP00.A,D,HKD,EUR,SP00,A,2000-09-27,6.9102
EXR.D.HKD.EUR.SP00.A,D,HKD,EUR,SP00,A,2000-09-28,6.8832
EXR.D.HKD.EUR.SP00.A,D,HKD,EUR,SP00,A,2000-09-29,6.8302
EXR.D.HKD.EUR.SP00.A,D,HKD,EUR,SP00,A,2000-10-02,6.8626
EXR.D.HKD.EUR.SP00.A,D,HKD,EUR,SP00,A,2000-10-03,6.8313
EXR.D.HKD.EUR.SP00.A,D,HKD,EUR,SP00,A,2000-10-04,6.8041
EXR.D.HKD.EUR.SP00.A,D,HKD,EUR,SP00,A,2000-10-05,6.8494
EXR.D.HKD.EUR.SP00.A,D,HKD,EUR,SP00,A,2000-10-06,6.7845
EXR.D.HKD.EUR.SP00.A,D,HKD,EUR,SP00,A,2000-10-09,6.78
EXR.D.HKD.EUR.SP00.A,D,HKD,EUR,SP00,A,2000-10-10,6.8002
EXR.D.HKD.EUR.SP00.A,D,HKD,EUR,SP00,A,2000-10-11,6.8
EXR.D.HKD.EUR.SP00.A,D,HKD,EUR,SP00,A,2000-10-12,6.7427
EXR.D.HKD.EUR.SP00.A,D,HKD,EUR,SP00,A,2000-10-13,6.7267
EXR.D.HKD.EUR.SP00.A,D,HKD,EUR,SP00,A,2000-10-16,6.6364
EXR.D.HKD.EUR.SP00.A,D,HKD,EUR,SP00,A,2000-10-17,6.6251
EXR.D.HKD.EUR.SP00.A,D,HKD,EUR,SP00,A,2000-10-18,6.6477
EXR.D.HKD.EUR.SP00.A,D,HKD,EUR,SP00,A,2000-10-19,6.5584
EXR.D.HKD.EUR.SP00.A,D,HKD,EUR,SP00,A,2000-10-20,6.5904
EXR.D.HKD.EUR.SP00.A,D,HKD,EUR,SP00,A,2000-10-23,6.5331
EXR.D.HKD.EUR.SP00.A,D,HKD,EUR,SP00,A,2000-10-24,6.5404
EXR.D.HKD.EUR.SP00.A,D,HKD,EUR,SP00,A,2000-10-25,6.4786
EXR.D.HKD.EUR.SP00.A,D,HKD,EUR,SP00,A,2000-10-26,6.4361
EXR.D.HKD.EUR.SP00.A,D,HKD,EUR,SP00,A,2000-10-27,6.4926
EXR.D.HKD.EUR.SP00.A,D,HKD,EUR,SP00,A,2000-10-30,6.6156
EXR.D.HKD.EUR.SP00.A,D,HKD,EUR,SP00,A,2000-10-31,6.5646
EXR.D.HKD.EUR.SP00.A,D,HKD,EUR,SP00,A,2000-11-01,6.6699
EXR.D.HKD.EUR.SP00.A,D,HKD,EUR,SP00,A,2000-11-02,6.7401
EXR.D.HKD.EUR.SP00.A,D,HKD,EUR,SP00,A,2000-11-03,6.8064
EXR.D.HKD.EUR.SP00.A,D,HKD,EUR,SP00,A,2000-11-06,6.7585
EXR.D.HKD.EUR.SP00.A,D,HKD,EUR,SP00,A,2000-11-07,6.6966
EXR.D.HKD.EUR.SP00.A,D,HKD,EUR,SP00,A,2000-11-08,6.6747
EXR.D.HKD.EUR.SP00.A,D,HKD,EUR,SP00,A,2000-11-09,6.6529
EXR.D.HKD.EUR.SP00.A,D,HKD,EUR,SP00,A,2000-11-10,6.7641
EXR.D.HKD.EUR.SP00.A,D,HKD,EUR,SP00,A,2000-11-13,6.7226
EXR.D.HKD.EUR.SP00.A,D,HKD,EUR,SP00,A,2000-11-14,6.6939
EXR.D.HKD.EUR.SP00.A,D,HKD,EUR,SP00,A,2000-11-15,6.7044
EXR.D.HKD.EUR.SP00.A,D,HKD,EUR,SP00,A,2000-11-16,6.6832
EXR.D.HKD.EUR.SP00.A,D,HKD,EUR,SP00,A,2000-11-17,6.6569
EXR.D.HKD.EUR.SP00.A,D,HKD,EUR,SP00,A,2000-11-20,6.6205
EXR.D.HKD.EUR.SP00.A,D,HKD,EUR,SP00,A,2000-11-21,6.6094
EXR.D.HKD.EUR.SP00.A,D,HKD,EUR,SP00,A,2000-11-22,6.5744
EXR.D.HKD.EUR.SP00.A,D,HKD,EUR,SP00,A,2000-11-23,6.5728
EXR.D.HKD.EUR.SP00.A,D,HKD,EUR,SP00,A,2000-11-24,6.5799
EXR.D.HKD.EUR.SP00.A,D,HKD,EUR,SP00,A,2000-11-27,6.5565
EXR.D.HKD.EUR.SP00.A,D,HKD,EUR,SP00,A,2000-11-28,6.6774
EXR.D.HKD.EUR.SP00.A,D,HKD,EUR,SP00,A,2000-11-29,6.7468
EXR.D.HKD.EUR.SP00.A,D,HKD,EUR,SP00,A,2000-11-30,6.7733
EXR.D.HKD.EUR.SP00.A,D,HKD,EUR,SP00,A,2000-12-01,6.8132
EXR.D.HKD.EUR.SP00.A,D,HKD,EUR,SP00,A,2000-12-04,6.948
EXR.D.HKD.EUR.SP00.A,D,HKD,EUR,SP00,A,2000-12-05,6.8715
EXR.D.HKD.EUR.SP00.A,D,HKD,EUR,SP00,A,2000-12-06,6.8842
EXR.D.HKD.EUR.SP00.A,D,HKD,EUR,SP00,A,2000-12-07,6.9733
EXR.D.HKD.EUR.SP00.A,D,HKD,EUR,SP00,A,2000-12-08,6.9352
EXR.D.HKD.EUR.SP00.A,D,HKD,EUR,SP00,A,2000-12-11,6.8639
EXR.D.HKD.EUR.SP00.A,D,HKD,EUR,SP00,A,2000-12-12,6.8475
EXR.D.HKD.EUR.SP00.A,D,HKD,EUR,SP00,A,2000-12-13,6.8233
EXR.D.HKD.EUR.SP00.A,D,HKD,EUR,SP00,A,2000-12-14,6.8943
EXR.D.HKD.EUR.SP00.A,D,HKD,EUR,SP00,A,2000-12-15,7.0074
EXR.D.HKD.EUR.SP00.A,D,HKD,EUR,SP00,A,2000-12-18,6.9933
EXR.D.HKD.EUR.SP00.A,D,HKD,EUR,SP00,A,2000-12-19,6.9441
EXR.D.HKD.EUR.SP00.A,D,HKD,EUR,SP00,A,2000-12-20,7.0658
EXR.D.HKD.EUR.SP00.A,D,HKD,EUR,SP00,A,2000-12-21,7.1334
EXR.D.HKD.EUR.SP00.A,D,HKD,EUR,SP00,A,2000-12-22,7.2067
EXR.D.HKD.EUR.SP00.A,D,HKD,EUR,SP00,A,2000-12-25,
EXR.D.HKD.EUR.SP00.A,D,HKD,EUR,SP00,A,2000-12-26,
EXR.D.HKD.EUR.SP00.A,D,HKD,EUR,SP00,A,2000-12-27,7.261
EXR.D.HKD.EUR.SP00.A,D,HKD,EUR,SP00,A,2000-12-28,7.2414
EXR.D.HKD.EUR.SP00.A,D,HKD,EUR,SP00,A,2000-12-29,7.2578
EXR.D.HKD.EUR.SP00.A,D,HKD,EUR,SP00,A,2001-01-01,
EXR.D.HKD.EUR.SP00.A,D,HKD,EUR,SP00,A,2001-01-02,7.3497
EXR.D.HKD.EUR.SP00.A,D,HKD,EUR,SP00,A,2001-01-03,7.4333
EXR.D.HKD.EUR.SP00.A,D,HKD,EUR,SP00,A,2001-01-04,7.377
EXR.D.HKD.EUR.SP00.A,D,HKD,EUR,SP00,A,2001-01-05,7.4446
EXR.D.HKD.EUR.SP00.A,D,HKD,EUR,SP00,A,2001-01-08,7.4075
EXR.D.HKD.EUR.SP00.A,D,HKD,EUR,SP00,A,2001-01-09,7.3326
EXR.D.HKD.EUR.SP00.A,D,HKD,EUR,SP00,A,2001-01-10,7.3412
EXR.D.HKD.EUR.SP00.A,D,HKD,EUR,SP00,A,2001-01-11,7.4277
EXR.D.HKD.EUR.SP00.A,D,HKD,EUR,SP00,A,2001-01-12,7.4448
EXR.D.HKD.EUR.SP00.A,D,HKD,EUR,SP00,A,2001-01-15,7.3535
EXR.D.HKD.EUR.SP00.A,D,HKD,EUR,SP00,A,2001-01-16,7.3411
EXR.D.HKD.EUR.SP00.A,D,HKD,EUR,SP00,A,2001-01-17,7.3286
EXR.D.HKD.EUR.SP00.A,D,HKD,EUR,SP00,A,2001-01-18,7.3345
EXR.D.HKD.EUR.SP00.A,D,HKD,EUR,SP00,A,2001-01-19,7.3315
EXR.D.HKD.EUR.SP00.A,D,HKD,EUR,SP00,A,2001-01-22,7.2456
EXR.D.HKD.EUR.SP00.A,D,HKD,EUR,SP00,A,2001-01-23,7.3372
EXR.D.HKD.EUR.SP00.A,D,HKD,EUR,SP00,A,2001-01-24,7.2489
EXR.D.HKD.EUR.SP00.A,D,HKD,EUR,SP00,A,2001-01-25,7.1335
EXR.D.HKD.EUR.SP00.A,D,HKD,EUR,SP00,A,2001-01-26,7.1974
EXR.D.HKD.EUR.SP00.A,D,HKD,EUR,SP00,A,2001-01-29,7.1702
EXR.D.HKD.EUR.SP00.A,D,HKD,EUR,SP00,A,2001-01-30,7.1731
EXR.D.HKD.EUR.SP00.A,D,HKD,EUR,SP00,A,2001-01-31,7.2477
EXR.D.HKD.EUR.SP00.A,D,HKD,EUR,SP00,A,2001-02-01,7.3356
EXR.D.HKD.EUR.SP00.A,D,HKD,EUR,SP00,A,2001-02-02,7.3362
EXR.D.HKD.EUR.SP00.A,D,HKD,EUR,SP00,A,2001-02-05,7.3506
EXR.D.HKD.EUR.SP00.A,D,HKD,EUR,SP00,A,2001-02-06,7.2709
EXR.D.HKD.EUR.SP00.A,D,HKD,EUR,SP00,A,2001-02-07,7.2734
EXR.D.HKD.EUR.SP00.A,D,HKD,EUR,SP00,A,2001-02-08,7.1914
EXR.D.HKD.EUR.SP00.A,D,HKD,EUR,SP00,A,2001-02-09,7.1964
EXR.D.HKD.EUR.SP00.A,D,HKD,EUR,SP00,A,2001-02-12,7.2442
EXR.D.HKD.EUR.SP00.A,D,HKD,EUR,SP00,A,2001-02-13,7.2343
EXR.D.HKD.EUR.SP00.A,D,HKD,EUR,SP00,A,2001-02-14,7.1586
EXR.D.HKD.EUR.SP00.A,D,HKD,EUR,SP00,A,2001-02-15,7.0897
EXR.D.HKD.EUR.SP00.A,D,HKD,EUR,SP00,A,2001-02-16,7.1078
EXR.D.HKD.EUR.SP00.A,D,HKD,EUR,SP00,A,2001-02-19,7.186
EXR.D.HKD.EUR.SP00.A,D,HKD,EUR,SP00,A,2001-02-20,7.0744
EXR.D.HKD.EUR.SP00.A,D,HKD,EUR,SP00,A,2001-02-21,7.1336
EXR.D.HKD.EUR.SP00.A,D,HKD,EUR,SP00,A,2001-02-22,7.0635
EXR.D.HKD.EUR.SP00.A,D,HKD,EUR,SP00,A,2001-02-23,7.0696
EXR.D.HKD.EUR.SP00.A,D,HKD,EUR,SP00,A,2001-02-26,7.1018
EXR.D.HKD.EUR.SP00.A,D,HKD,EUR,SP00,A,2001-02-27,7.1469
EXR.D.HKD.EUR.SP00.A,D,HKD,EUR,SP00,A,2001-02-28,7.2133
EXR.D.HKD.EUR.SP00.A,D,HKD,EUR,SP00,A,2001-03-01,7.2296
EXR.D.HKD.EUR.SP00.A,D,HKD,EUR,SP00,A,2001-03-02,7.303
EXR.D.HKD.EUR.SP00.A,D,HKD,EUR,SP00,A,2001-03-05,7.2579
EXR.D.HKD.EUR.SP00.A,D,HKD,EUR,SP00,A,2001-03-06,7.2376
EXR.D.HKD.EUR.SP00.A,D,HKD,EUR,SP00,A,2001-03-07,7.2592
EXR.D.HKD.EUR.SP00.A,D,HKD,EUR,SP00,A,2001-03-08,7.2632
EXR.D.HKD.EUR.SP00.A,D,HKD,EUR,SP00,A,2001-03-09,7.2981
EXR.D.HKD.EUR.SP00.A,D,HKD,EUR,SP00,A,2001-03-12,7.2318
EXR.D.HKD.EUR.SP00.A,D,HKD,EUR,SP00,A,2001-03-13,7.1774
EXR.D.HKD.EUR.SP00.A,D,HKD,EUR,SP00,A,2001-03-14,7.1615
EXR.D.HKD.EUR.SP00.A,D,HKD,EUR,SP00,A,2001-03-15,7.0697
EXR.D.HKD.EUR.SP00.A,D,HKD,EUR,SP00,A,2001-03-16,6.9779
EXR.D.HKD.EUR.SP00.A,D,HKD,EUR,SP00,A,2001-03-19,7.0162
EXR.D.HKD.EUR.SP00.A,D,HKD,EUR,SP00,A,2001-03-20,7.0349
EXR.D.HKD.EUR.SP00.A,D,HKD,EUR,SP00,A,2001-03-21,7.0115
EXR.D.HKD.EUR.SP00.A,D,HKD,EUR,SP00,A,2001-03-22,6.9323
EXR.D.HKD.EUR.SP00.A,D,HKD,EUR,SP00,A,2001-03-23,6.9589
EXR.D.HKD.EUR.SP00.A,D,HKD,EUR,SP00,A,2001-03-26,6.9691
EXR.D.HKD.EUR.SP00.A,D,HKD,EUR,SP00,A,2001-03-27,6.9825
EXR.D.HKD.EUR.SP00.A,D,HKD,EUR,SP00,A,2001-03-28,6.9104
EXR.D.HKD.EUR.SP00.A,D,HKD,EUR,SP00,A,2001-03-29,6.8948
EXR.D.HKD.EUR.SP00.A,D,HKD,EUR,SP00,A,2001-03-30,6.8882
EXR.D.HKD.EUR.SP00.A,D,HKD,EUR,SP00,A,2001-04-02,6.8407
EXR.D.HKD.EUR.SP00.A,D,HKD,EUR,SP00,A,2001-04-03,6.898
EXR.D.HKD.EUR.SP00.A,D,HKD,EUR,SP00,A,2001-04-04,7.0436
EXR.D.HKD.EUR.SP00.A,D,HKD,EUR,SP00,A,2001-04-05,7.0343
EXR.D.HKD.EUR.SP00.A,D,HKD,EUR,SP00,A,2001-04-06,6.9717
EXR.D.HKD.EUR.SP00.A,D,HKD,EUR,SP00,A,2001-04-09,7.0331
EXR.D.HKD.EUR.SP00.A,D,HKD,EUR,SP00,A,2001-04-10,6.9767
EXR.D.HKD.EUR.SP00.A,D,HKD,EUR,SP00,A,2001-04-11,6.8948
EXR.D.HKD.EUR.SP00.A,D,HKD,EUR,SP00,A,2001-04-12,6.9015
EXR.D.HKD.EUR.SP00.A,D,HKD,EUR,SP00,A,2001-04-13,
EXR.D.HKD.EUR.SP00.A,D,HKD,EUR,SP00,A,2001-04-16,
EXR.D.HKD.EUR.SP00.A,D,HKD,EUR,SP00,A,2001-04-17,6.8566
EXR.D.HKD.EUR.SP00.A,D,HKD,EUR,SP00,A,2001-04-18,6.8466
EXR.D.HKD.EUR.SP00.A,D,HKD,EUR,SP00,A,2001-04-19,6.8845
EXR.D.HKD.EUR.SP00.A,D,HKD,EUR,SP00,A,2001-04-20,7.0108
EXR.D.HKD.EUR.SP00.A,D,HKD,EUR,SP00,A,2001-04-23,7.0207
EXR.D.HKD.EUR.SP00.A,D,HKD,EUR,SP00,A,2001-04-24,6.9981
EXR.D.HKD.EUR.SP00.A,D,HKD,EUR,SP00,A,2001-04-25,6.9781
EXR.D.HKD.EUR.SP00.A,D,HKD,EUR,SP00,A,2001-04-26,7.0295
EXR.D.HKD.EUR.SP00.A,D,HKD,EUR,SP00,A,2001-04-27,7.0374
EXR.D.HKD.EUR.SP00.A,D,HKD,EUR,SP00,A,2001-04-30,6.9223
EXR.D.HKD.EUR.SP00.A,D,HKD,EUR,SP00,A,2001-05-01,
EXR.D.HKD.EUR.SP00.A,D,HKD,EUR,SP00,A,2001-05-02,6.9469
EXR.D.HKD.EUR.SP00.A,D,HKD,EUR,SP00,A,2001-05-03,6.9436
EXR.D.HKD.EUR.SP00.A,D,HKD,EUR,SP00,A,2001-05-04,6.9718
EXR.D.HKD.EUR.SP00.A,D,HKD,EUR,SP00,A,2001-05-07,6.9563
EXR.D.HKD.EUR.SP00.A,D,HKD,EUR,SP00,A,2001-05-08,6.9151
EXR.D.HKD.EUR.SP00.A,D,HKD,EUR,SP00,A,2001-05-09,6.8848
EXR.D.HKD.EUR.SP00.A,D,HKD,EUR,SP00,A,2001-05-10,6.9028
EXR.D.HKD.EUR.SP00.A,D,HKD,EUR,SP00,A,2001-05-11,6.8427
EXR.D.HKD.EUR.SP00.A,D,HKD,EUR,SP00,A,2001-05-14,6.821
EXR.D.HKD.EUR.SP00.A,D,HKD,EUR,SP00,A,2001-05-15,6.839
EXR.D.HKD.EUR.SP00.A,D,HKD,EUR,SP00,A,2001-05-16,6.8904
EXR.D.HKD.EUR.SP00.A,D,HKD,EUR,SP00,A,2001-05-17,6.8755
EXR.D.HKD.EUR.SP00.A,D,HKD,EUR,SP00,A,2001-05-18,6.8459
EXR.D.HKD.EUR.SP00.A,D,HKD,EUR,SP00,A,2001-05-21,6.8279
EXR.D.HKD.EUR.SP00.A,D,HKD,EUR,SP00,A,2001-05-22,6.7741
EXR.D.HKD.EUR.SP00.A,D,HKD,EUR,SP00,A,2001-05-23,6.6962
EXR.D.HKD.EUR.SP00.A,D,HKD,EUR,SP00,A,2001-05-24,6.7109
EXR.D.HKD.EUR.SP00.A,D,HKD,EUR,SP00,A,2001-05-25,6.7008
EXR.D.HKD.EUR.SP00.A,D,HKD,EUR,SP00,A,2001-05-28,6.6954
EXR.D.HKD.EUR.SP00.A,D,HKD,EUR,SP00,A,2001-05-29,6.6704
EXR.D.HKD.EUR.SP00.A,D,HKD,EUR,SP00,A,2001-05-30,6.6751
EXR.D.HKD.EUR.SP00.A,D,HKD,EUR,SP00,A,2001-05-31,6.6142
EXR.D.HKD.EUR.SP00.A,D,HKD,EUR,SP00,A,2001-06-01,6.6126
EXR.D.HKD.EUR.SP00.A,D,HKD,EUR,SP00,A,2001-06-04,6.6392
EXR.D.HKD.EUR.SP00.A,D,HKD,EUR,SP00,A,2001-06-05,6.6025
EXR.D.HKD.EUR.SP00.A,D,HKD,EUR,SP00,A,2001-06-06,6.6634
EXR.D.HKD.EUR.SP00.A,D,HKD,EUR,SP00,A,2001-06-07,6.6031
EXR.D.HKD.EUR.SP00.A,D,HKD,EUR,SP00,A,2001-06-08,6.6043
EXR.D.HKD.EUR.SP00.A,D,HKD,EUR,SP00,A,2001-06-11,6.6244
EXR.D.HKD.EUR.SP00.A,D,HKD,EUR,SP00,A,2001-06-12,6.6086
EXR.D.HKD.EUR.SP00.A,D,HKD,EUR,SP00,A,2001-06-13,6.6618
EXR.D.HKD.EUR.SP00.A,D,HKD,EUR,SP00,A,2001-06-14,6.6227
EXR.D.HKD.EUR.SP00.A,D,HKD,EUR,SP00,A,2001-06-15,6.7556
EXR.D.HKD.EUR.SP00.A,D,HKD,EUR,SP00,A,2001-06-18,6.6928
EXR.D.HKD.EUR.SP00.A,D,HKD,EUR,SP00,A,2001-06-19,6.6788
EXR.D.HKD.EUR.SP00.A,D,HKD,EUR,SP00,A,2001-06-20,6.6397
EXR.D.HKD.EUR.SP00.A,D,HKD,EUR,SP00,A,2001-06-21,6.6701
EXR.D.HKD.EUR.SP00.A,D,HKD,EUR,SP00,A,2001-06-22,6.6516
EXR.D.HKD.EUR.SP00.A,D,HKD,EUR,SP00,A,2001-06-25,6.7131
EXR.D.HKD.EUR.SP00.A,D,HKD,EUR,SP00,A,2001-06-26,6.7165
EXR.D.HKD.EUR.SP00.A,D,HKD,EUR,SP00,A,2001-06-27,6.7248
EXR.D.HKD.EUR.SP00.A,D,HKD,EUR,SP00,A,2001-06-28,6.6382
EXR.D.HKD.EUR.SP00.A,D,HKD,EUR,SP00,A,2001-06-29,6.6143
EXR.D.HKD.EUR.SP00.A,D,HKD,EUR,SP00,A,2001-07-02,6.5946
EXR.D.HKD.EUR.SP00.A,D,HKD,EUR,SP00,A,2001-07-03,6.6275
EXR.D.HKD.EUR.SP00.A,D,HKD,EUR,SP00,A,2001-07-04,6.5932
EXR.D.HKD.EUR.SP00.A,D,HKD,EUR,SP00,A,2001-07-05,6.569
EXR.D.HKD.EUR.SP00.A,D,HKD,EUR,SP00,A,2001-07-06,6.5394
EXR.D.HKD.EUR.SP00.A,D,HKD,EUR,SP00,A,2001-07-09,6.5979
EXR.D.HKD.EUR.SP00.A,D,HKD,EUR,SP00,A,2001-07-10,6.665
EXR.D.HKD.EUR.SP00.A,D,HKD,EUR,SP00,A,2001-07-11,6.7165
EXR.D.HKD.EUR.SP00.A,D,HKD,EUR,SP00,A,2001-07-12,6.6594
EXR.D.HKD.EUR.SP00.A,D,HKD,EUR,SP00,A,2001-07-13,6.66
EXR.D.HKD.EUR.SP00.A,D,HKD,EUR,SP00,A,2001-07-16,6.6947
EXR.D.HKD.EUR.SP00.A,D,HKD,EUR,SP00,A,2001-07-17,6.6424
EXR.D.HKD.EUR.SP00.A,D,HKD,EUR,SP00,A,2001-07-18,6.7313
EXR.D.HKD.EUR.SP00.A,D,HKD,EUR,SP00,A,2001-07-19,6.8038
EXR.D.HKD.EUR.SP00.A,D,HKD,EUR,SP00,A,2001-07-20,6.8451
EXR.D.HKD.EUR.SP00.A,D,HKD,EUR,SP00,A,2001-07-23,6.7671
EXR.D.HKD.EUR.SP00.A,D,HKD,EUR,SP00,A,2001-07-24,6.7921
EXR.D.HKD.EUR.SP00.A,D,HKD,EUR,SP00,A,2001-07-25,6.8583
EXR.D.HKD.EUR.SP00.A,D,HKD,EUR,SP00,A,2001-07-26,6.8357
EXR.D.HKD.EUR.SP00.A,D,HKD,EUR,SP00,A,2001-07-27,6.8387
EXR.D.HKD.EUR.SP00.A,D,HKD,EUR,SP00,A,2001-07-30,6.8254
EXR.D.HKD.EUR.SP00.A,D,HKD,EUR,SP00,A,2001-07-31,6.8286
EXR.D.HKD.EUR.SP00.A,D,HKD,EUR,SP00,A,2001-08-01,6.8769
EXR.D.HKD.EUR.SP00.A,D,HKD,EUR,SP00,A,2001-08-02,6.854
EXR.D.HKD.EUR.SP00.A,D,HKD,EUR,SP00,A,2001-08-03,6.868
EXR.D.HKD.EUR.SP00.A,D,HKD,EUR,SP00,A,2001-08-06,6.8668
EXR.D.HKD.EUR.SP00.A,D,HKD,EUR,SP00,A,2001-08-07,6.8383
EXR.D.HKD.EUR.SP00.A,D,HKD,EUR,SP00,A,2001-08-08,6.8346
EXR.D.HKD.EUR.SP00.A,D,HKD,EUR,SP00,A,2001-08-09,6.9049
EXR.D.HKD.EUR.SP00.A,D,HKD,EUR,SP00,A,2001-08-10,6.9695
EXR.D.HKD.EUR.SP00.A,D,HKD,EUR,SP00,A,2001-08-13,7.0123
EXR.D.HKD.EUR.SP00.A,D,HKD,EUR,SP00,A,2001-08-14,6.9948
EXR.D.HKD.EUR.SP00.A,D,HKD,EUR,SP00,A,2001-08-15,7.1126
EXR.D.HKD.EUR.SP00.A,D,HKD,EUR,SP00,A,2001-08-16,7.132
EXR.D.HKD.EUR.SP00.A,D,HKD,EUR,SP00,A,2001-08-17,7.1275
EXR.D.HKD.EUR.SP00.A,D,HKD,EUR,SP00,A,2001-08-20,7.136
EXR.D.HKD.EUR.SP00.A,D,HKD,EUR,SP00,A,2001-08-21,7.1196
EXR.D.HKD.EUR.SP00.A,D,HKD,EUR,SP00,A,2001-08-22,7.1883
EXR.D.HKD.EUR.SP00.A,D,HKD,EUR,SP00,A,2001-08-23,7.1071
EXR.D.HKD.EUR.SP00.A,D,HKD,EUR,SP00,A,2001-08-24,7.1041
EXR.D.HKD.EUR.SP00.A,D,HKD,EUR,SP00,A,2001-08-27,7.09
EXR.D.HKD.EUR.SP00.A,D,HKD,EUR,SP00,A,2001-08-28,7.0527
EXR.D.HKD.EUR.SP00.A,D,HKD,EUR,SP00,A,2001-08-29,7.1149
EXR.D.HKD.EUR.SP00.A,D,HKD,EUR,SP00,A,2001-08-30,7.0939
EXR.D.HKD.EUR.SP00.A,D,HKD,EUR,SP00,A,2001-08-31,7.143
EXR.D.HKD.EUR.SP00.A,D,HKD,EUR,SP00,A,2001-09-03,7.076
EXR.D.HKD.EUR.SP00.A,D,HKD,EUR,SP00,A,2001-09-04,6.9965
EXR.D.HKD.EUR.SP00.A,D,HKD,EUR,SP00,A,2001-09-05,6.9349
EXR.D.HKD.EUR.SP00.A,D,HKD,EUR,SP00,A,2001-09-06,6.9067
EXR.D.HKD.EUR.SP00.A,D,HKD,EUR,SP00,A,2001-09-07,6.9823
EXR.D.HKD.EUR.SP00.A,D,HKD,EUR,SP00,A,2001-09-10,7.0566
EXR.D.HKD.EUR.SP00.A,D,HKD,EUR,SP00,A,2001-09-11,6.9917
EXR.D.HKD.EUR.SP00.A,D,HKD,EUR,SP00,A,2001-09-12,7.0599
EXR.D.HKD.EUR.SP00.A,D,HKD,EUR,SP00,A,2001-09-13,7.0666
EXR.D.HKD.EUR.SP00.A,D,HKD,EUR,SP00,A,2001-09-14,7.1907
EXR.D.HKD.EUR.SP00.A,D,HKD,EUR,SP00,A,2001-09-17,7.2296
EXR.D.HKD.EUR.SP00.A,D,HKD,EUR,SP00,A,2001-09-18,7.2194
EXR.D.HKD.EUR.SP00.A,D,HKD,EUR,SP00,A,2001-09-19,7.2208
EXR.D.HKD.EUR.SP00.A,D,HKD,EUR,SP00,A,2001-09-20,7.2215
EXR.D.HKD.EUR.SP00.A,D,HKD,EUR,SP00,A,2001-09-21,7.1759
EXR.D.HKD.EUR.SP00.A,D,HKD,EUR,SP00,A,2001-09-24,7.1477
EXR.D.HKD.EUR.SP00.A,D,HKD,EUR,SP00,A,2001-09-25,7.1569
EXR.D.HKD.EUR.SP00.A,D,HKD,EUR,SP00,A,2001-09-26,7.1904
EXR.D.HKD.EUR.SP00.A,D,HKD,EUR,SP00,A,2001-09-27,7.1794
EXR.D.HKD.EUR.SP00.A,D,HKD,EUR,SP00,A,2001-09-28,7.1217
EXR.D.HKD.EUR.SP00.A,D,HKD,EUR,SP00,A,2001-10-01,7.1161
EXR.D.HKD.EUR.SP00.A,D,HKD,EUR,SP00,A,2001-10-02,7.1663
EXR.D.HKD.EUR.SP00.A,D,HKD,EUR,SP00,A,2001-10-03,7.1823
EXR.D.HKD.EUR.SP00.A,D,HKD,EUR,SP00,A,2001-10-04,7.1107
EXR.D.HKD.EUR.SP00.A,D,HKD,EUR,SP00,A,2001-10-05,7.1554
EXR.D.HKD.EUR.SP00.A,D,HKD,EUR,SP00,A,2001-10-08,7.1866
EXR.D.HKD.EUR.SP00.A,D,HKD,EUR,SP00,A,2001-10-09,7.1703
EXR.D.HKD.EUR.SP00.A,D,HKD,EUR,SP00,A,2001-10-10,7.1259
EXR.D.HKD.EUR.SP00.A,D,HKD,EUR,SP00,A,2001-10-11,7.0681
EXR.D.HKD.EUR.SP00.A,D,HKD,EUR,SP00,A,2001-10-12,7.0512
EXR.D.HKD.EUR.SP00.A,D,HKD,EUR,SP00,A,2001-10-15,7.0956
EXR.D.HKD.EUR.SP00.A,D,HKD,EUR,SP00,A,2001-10-16,7.0605
EXR.D.HKD.EUR.SP00.A,D,HKD,EUR,SP00,A,2001-10-17,7.0372
EXR.D.HKD.EUR.SP00.A,D,HKD,EUR,SP00,A,2001-10-18,7.0403
EXR.D.HKD.EUR.SP00.A,D,HKD,EUR,SP00,A,2001-10-19,7.027
EXR.D.HKD.EUR.SP00.A,D,HKD,EUR,SP00,A,2001-10-22,6.9957
EXR.D.HKD.EUR.SP00.A,D,HKD,EUR,SP00,A,2001-10-23,6.9318
EXR.D.HKD.EUR.SP00.A,D,HKD,EUR,SP00,A,2001-10-24,6.9552
EXR.D.HKD.EUR.SP00.A,D,HKD,EUR,SP00,A,2001-10-25,6.9333
EXR.D.HKD.EUR.SP00.A,D,HKD,EUR,SP00,A,2001-10-26,6.9504
EXR.D.HKD.EUR.SP00.A,D,HKD,EUR,SP00,A,2001-10-29,7.0238
EXR.D.HKD.EUR.SP00.A,D,HKD,EUR,SP00,A,2001-10-30,7.0698
EXR.D.HKD.EUR.SP00.A,D,HKD,EUR,SP00,A,2001-10-31,7.0528
EXR.D.HKD.EUR.SP00.A,D,HKD,EUR,SP00,A,2001-11-01,7.0973
EXR.D.HKD.EUR.SP00.A,D,HKD,EUR,SP00,A,2001-11-02,7.0637
EXR.D.HKD.EUR.SP00.A,D,HKD,EUR,SP00,A,2001-11-05,6.9896
EXR.D.HKD.EUR.SP00.A,D,HKD,EUR,SP00,A,2001-11-06,6.9895
EXR.D.HKD.EUR.SP00.A,D,HKD,EUR,SP00,A,2001-11-07,7.0308
EXR.D.HKD.EUR.SP00.A,D,HKD,EUR,SP00,A,2001-11-08,6.9982
EXR.D.HKD.EUR.SP00.A,D,HKD,EUR,SP00,A,2001-11-09,6.9653
EXR.D.HKD.EUR.SP00.A,D,HKD,EUR,SP00,A,2001-11-12,6.9567
EXR.D.HKD.EUR.SP00.A,D,HKD,EUR,SP00,A,2001-11-13,6.8968
EXR.D.HKD.EUR.SP00.A,D,HKD,EUR,SP00,A,2001-11-14,6.8663
EXR.D.HKD.EUR.SP00.A,D,HKD,EUR,SP00,A,2001-11-15,6.8834
EXR.D.HKD.EUR.SP00.A,D,HKD,EUR,SP00,A,2001-11-16,6.8986
EXR.D.HKD.EUR.SP00.A,D,HKD,EUR,SP00,A,2001-11-19,6.8582
EXR.D.HKD.EUR.SP00.A,D,HKD,EUR,SP00,A,2001-11-20,6.882
EXR.D.HKD.EUR.SP00.A,D,HKD,EUR,SP00,A,2001-11-21,6.8561
EXR.D.HKD.EUR.SP00.A,D,HKD,EUR,SP00,A,2001-11-22,6.846
EXR.D.HKD.EUR.SP00.A,D,HKD,EUR,SP00,A,2001-11-23,6.8592
EXR.D.HKD.EUR.SP00.A,D,HKD,EUR,SP00,A,2001-11-26,6.8771
EXR.D.HKD.EUR.SP00.A,D,HKD,EUR,SP00,A,2001-11-27,6.8534
EXR.D.HKD.EUR.SP00.A,D,HKD,EUR,SP00,A,2001-11-28,6.8869
EXR.D.HKD.EUR.SP00.A,D,HKD,EUR,SP00,A,2001-11-29,6.9305
EXR.D.HKD.EUR.SP00.A,D,HKD,EUR,SP00,A,2001-11-30,6.9395
EXR.D.HKD.EUR.SP00.A,D,HKD,EUR,SP00,A,2001-12-03,6.9603
EXR.D.HKD.EUR.SP00.A,D,HKD,EUR,SP00,A,2001-12-04,6.9428
EXR.D.HKD.EUR.SP00.A,D,HKD,EUR,SP00,A,2001-12-05,6.9564
EXR.D.HKD.EUR.SP00.A,D,HKD,EUR,SP00,A,2001-12-06,6.9331
EXR.D.HKD.EUR.SP00.A,D,HKD,EUR,SP00,A,2001-12-07,6.9499
EXR.D.HKD.EUR.SP00.A,D,HKD,EUR,SP00,A,2001-12-10,6.9023
EXR.D.HKD.EUR.SP00.A,D,HKD,EUR,SP00,A,2001-12-11,6.9478
EXR.D.HKD.EUR.SP00.A,D,HKD,EUR,SP00,A,2001-12-12,6.9714
EXR.D.HKD.EUR.SP00.A,D,HKD,EUR,SP00,A,2001-12-13,7.0003
EXR.D.HKD.EUR.SP00.A,D,HKD,EUR,SP00,A,2001-12-14,7.0321
EXR.D.HKD.EUR.SP00.A,D,HKD,EUR,SP00,A,2001-12-17,7.0578
EXR.D.HKD.EUR.SP00.A,D,HKD,EUR,SP00,A,2001-12-18,7.0287
EXR.D.HKD.EUR.SP00.A,D,HKD,EUR,SP00,A,2001-12-19,7.0058
EXR.D.HKD.EUR.SP00.A,D,HKD,EUR,SP00,A,2001-12-20,6.9975
EXR.D.HKD.EUR.SP00.A,D,HKD,EUR,SP00,A,2001-12-21,6.9733
EXR.D.HKD.EUR.SP00.A,D,HKD,EUR,SP00,A,2001-12-24,6.8602
EXR.D.HKD.EUR.SP00.A,D,HKD,EUR,SP00,A,2001-12-25,
EXR.D.HKD.EUR.SP00.A,D,HKD,EUR,SP00,A,2001-12-26,
EXR.D.HKD.EUR.SP00.A,D,HKD,EUR,SP00,A,2001-12-27,6.8793
EXR.D.HKD.EUR.SP00.A,D,HKD,EUR,SP00,A,2001-12-28,6.8723
EXR.D.HKD.EUR.SP00.A,D,HKD,EUR,SP00,A,2001-12-31,
EXR.D.HKD.EUR.SP00.A,D,HKD,EUR,SP00,A,2002-01-01,
EXR.D.HKD.EUR.SP00.A,D,HKD,EUR,SP00,A,2002-01-02,7.0482
EXR.D.HKD.EUR.SP00.A,D,HKD,EUR,SP00,A,2002-01-03,7.0463
EXR.D.HKD.EUR.SP00.A,D,HKD,EUR,SP00,A,2002-01-04,6.9828
EXR.D.HKD.EUR.SP00.A,D,HKD,EUR,SP00,A,2002-01-07,6.945
EXR.D.HKD.EUR.SP00.A,D,HKD,EUR,SP00,A,2002-01-08,6.948
EXR.D.HKD.EUR.SP00.A,D,HKD,EUR,SP00,A,2002-01-09,6.9571
EXR.D.HKD.EUR.SP00.A,D,HKD,EUR,SP00,A,2002-01-10,6.9478
EXR.D.HKD.EUR.SP00.A,D,HKD,EUR,SP00,A,2002-01-11,6.9554
EXR.D.HKD.EUR.SP00.A,D,HKD,EUR,SP00,A,2002-01-14,6.9617
EXR.D.HKD.EUR.SP00.A,D,HKD,EUR,SP00,A,2002-01-15,6.9578
EXR.D.HKD.EUR.SP00.A,D,HKD,EUR,SP00,A,2002-01-16,6.876
EXR.D.HKD.EUR.SP00.A,D,HKD,EUR,SP00,A,2002-01-17,6.8777
EXR.D.HKD.EUR.SP00.A,D,HKD,EUR,SP00,A,2002-01-18,6.8708
EXR.D.HKD.EUR.SP00.A,D,HKD,EUR,SP00,A,2002-01-21,6.8943
EXR.D.HKD.EUR.SP00.A,D,HKD,EUR,SP00,A,2002-01-22,6.8869
EXR.D.HKD.EUR.SP00.A,D,HKD,EUR,SP00,A,2002-01-23,6.9071
EXR.D.HKD.EUR.SP00.A,D,HKD,EUR,SP00,A,2002-01-24,6.8378
EXR.D.HKD.EUR.SP00.A,D,HKD,EUR,SP00,A,2002-01-25,6.7565
EXR.D.HKD.EUR.SP00.A,D,HKD,EUR,SP00,A,2002-01-28,6.6903
EXR.D.HKD.EUR.SP00.A,D,HKD,EUR,SP00,A,2002-01-29,6.7261
EXR.D.HKD.EUR.SP00.A,D,HKD,EUR,SP00,A,2002-01-30,6.7401
EXR.D.HKD.EUR.SP00.A,D,HKD,EUR,SP00,A,2002-01-31,6.7363
EXR.D.HKD.EUR.SP00.A,D,HKD,EUR,SP00,A,2002-02-01,6.7324
EXR.D.HKD.EUR.SP00.A,D,HKD,EUR,SP00,A,2002-02-04,6.742
EXR.D.HKD.EUR.SP00.A,D,HKD,EUR,SP00,A,2002-02-05,6.7722
EXR.D.HKD.EUR.SP00.A,D,HKD,EUR,SP00,A,2002-02-06,6.7575
EXR.D.HKD.EUR.SP00.A,D,HKD,EUR,SP00,A,2002-02-07,6.7574
EXR.D.HKD.EUR.SP00.A,D,HKD,EUR,SP00,A,2002-02-08,6.8169
EXR.D.HKD.EUR.SP00.A,D,HKD,EUR,SP00,A,2002-02-11,6.8589
EXR.D.HKD.EUR.SP00.A,D,HKD,EUR,SP00,A,2002-02-12,6.8272
EXR.D.HKD.EUR.SP00.A,D,HKD,EUR,SP00,A,2002-02-13,6.8098
EXR.D.HKD.EUR.SP00.A,D,HKD,EUR,SP00,A,2002-02-14,6.7802
EXR.D.HKD.EUR.SP00.A,D,HKD,EUR,SP00,A,2002-02-15,6.7893
EXR.D.HKD.EUR.SP00.A,D,HKD,EUR,SP00,A,2002-02-18,6.7971
EXR.D.HKD.EUR.SP00.A,D,HKD,EUR,SP00,A,2002-02-19,6.7792
EXR.D.HKD.EUR.SP00.A,D,HKD,EUR,SP00,A,2002-02-20,6.8189
EXR.D.HKD.EUR.SP00.A,D,HKD,EUR,SP00,A,2002-02-21,6.7861
EXR.D.HKD.EUR.SP00.A,D,HKD,EUR,SP00,A,2002-02-22,6.8219
EXR.D.HKD.EUR.SP00.A,D,HKD,EUR,SP00,A,2002-02-25,6.8041
EXR.D.HKD.EUR.SP00.A,D,HKD,EUR,SP00,A,2002-02-26,6.7713
EXR.D.HKD.EUR.SP00.A,D,HKD,EUR,SP00,A,2002-02-27,6.7454
EXR.D.HKD.EUR.SP00.A,D,HKD,EUR,SP00,A,2002-02-28,6.747
EXR.D.HKD.EUR.SP00.A,D,HKD,EUR,SP00,A,2002-03-01,6.7692
EXR.D.HKD.EUR.SP00.A,D,HKD,EUR,SP00,A,2002-03-04,6.7458
EXR.D.HKD.EUR.SP00.A,D,HKD,EUR,SP00,A,2002-03-05,6.7715
EXR.D.HKD.EUR.SP00.A,D,HKD,EUR,SP00,A,2002-03-06,6.7949
EXR.D.HKD.EUR.SP00.A,D,HKD,EUR,SP00,A,2002-03-07,6.8353
EXR.D.HKD.EUR.SP00.A,D,HKD,EUR,SP00,A,2002-03-08,6.8614
EXR.D.HKD.EUR.SP00.A,D,HKD,EUR,SP00,A,2002-03-11,6.8176
EXR.D.HKD.EUR.SP00.A,D,HKD,EUR,SP00,A,2002-03-12,6.8115
EXR.D.HKD.EUR.SP00.A,D,HKD,EUR,SP00,A,2002-03-13,6.8123
EXR.D.HKD.EUR.SP00.A,D,HKD,EUR,SP00,A,2002-03-14,6.8659
EXR.D.HKD.EUR.SP00.A,D,HKD,EUR,SP00,A,2002-03-15,6.9049
EXR.D.HKD.EUR.SP00.A,D,HKD,EUR,SP00,A,2002-03-18,6.8571
EXR.D.HKD.EUR.SP00.A,D,HKD,EUR,SP00,A,2002-03-19,6.8862
EXR.D.HKD.EUR.SP00.A,D,HKD,EUR,SP00,A,2002-03-20,6.8746
EXR.D.HKD.EUR.SP00.A,D,HKD,EUR,SP00,A,2002-03-21,6.8769
EXR.D.HKD.EUR.SP00.A,D,HKD,EUR,SP00,A,2002-03-22,6.8598
EXR.D.HKD.EUR.SP00.A,D,HKD,EUR,SP00,A,2002-03-25,6.8317
EXR.D.HKD.EUR.SP00.A,D,HKD,EUR,SP00,A,2002-03-26,6.8141
EXR.D.HKD.EUR.SP00.A,D,HKD,EUR,SP00,A,2002-03-27,6.8214
EXR.D.HKD.EUR.SP00.A,D,HKD,EUR,SP00,A,2002-03-28,6.8044
EXR.D.HKD.EUR.SP00.A,D,HKD,EUR,SP00,A,2002-03-29,
EXR.D.HKD.EUR.SP00.A,D,HKD,EUR,SP00,A,2002-04-01,
EXR.D.HKD.EUR.SP00.A,D,HKD,EUR,SP00,A,2002-04-02,6.8527
EXR.D.HKD.EUR.SP00.A,D,HKD,EUR,SP00,A,2002-04-03,6.8659
EXR.D.HKD.EUR.SP00.A,D,HKD,EUR,SP00,A,2002-04-04,6.8777
EXR.D.HKD.EUR.SP00.A,D,HKD,EUR,SP00,A,2002-04-05,6.8526
EXR.D.HKD.EUR.SP00.A,D,HKD,EUR,SP00,A,2002-04-08,6.8465
EXR.D.HKD.EUR.SP00.A,D,HKD,EUR,SP00,A,2002-04-09,6.8349
EXR.D.HKD.EUR.SP00.A,D,HKD,EUR,SP00,A,2002-04-10,6.8622
EXR.D.HKD.EUR.SP00.A,D,HKD,EUR,SP00,A,2002-04-11,6.859
EXR.D.HKD.EUR.SP00.A,D,HKD,EUR,SP00,A,2002-04-12,6.8661
EXR.D.HKD.EUR.SP00.A,D,HKD,EUR,SP00,A,2002-04-15,6.8653
EXR.D.HKD.EUR.SP00.A,D,HKD,EUR,SP00,A,2002-04-16,6.8661
EXR.D.HKD.EUR.SP00.A,D,HKD,EUR,SP00,A,2002-04-17,6.926
EXR.D.HKD.EUR.SP00.A,D,HKD,EUR,SP00,A,2002-04-18,6.9376
EXR.D.HKD.EUR.SP00.A,D,HKD,EUR,SP00,A,2002-04-19,6.9305
EXR.D.HKD.EUR.SP00.A,D,HKD,EUR,SP00,A,2002-04-22,6.9274
EXR.D.HKD.EUR.SP00.A,D,HKD,EUR,SP00,A,2002-04-23,6.9195
EXR.D.HKD.EUR.SP00.A,D,HKD,EUR,SP00,A,2002-04-24,6.9352
EXR.D.HKD.EUR.SP00.A,D,HKD,EUR,SP00,A,2002-04-25,6.9952
EXR.D.HKD.EUR.SP00.A,D,HKD,EUR,SP00,A,2002-04-26,6.9968
EXR.D.HKD.EUR.SP00.A,D,HKD,EUR,SP00,A,2002-04-29,7.0489
EXR.D.HKD.EUR.SP00.A,D,HKD,EUR,SP00,A,2002-04-30,7.0255
EXR.D.HKD.EUR.SP00.A,D,HKD,EUR,SP00,A,2002-05-01,
EXR.D.HKD.EUR.SP00.A,D,HKD,EUR,SP00,A,2002-05-02,7.044
EXR.D.HKD.EUR.SP00.A,D,HKD,EUR,SP00,A,2002-05-03,7.084
EXR.D.HKD.EUR.SP00.A,D,HKD,EUR,SP00,A,2002-05-06,7.1315
EXR.D.HKD.EUR.SP00.A,D,HKD,EUR,SP00,A,2002-05-07,7.1169
EXR.D.HKD.EUR.SP00.A,D,HKD,EUR,SP00,A,2002-05-08,7.0875
EXR.D.HKD.EUR.SP00.A,D,HKD,EUR,SP00,A,2002-05-09,7.0667
EXR.D.HKD.EUR.SP00.A,D,HKD,EUR,SP00,A,2002-05-10,7.1113
EXR.D.HKD.EUR.SP00.A,D,HKD,EUR,SP00,A,2002-05-13,7.1112
EXR.D.HKD.EUR.SP00.A,D,HKD,EUR,SP00,A,2002-05-14,7.0675
EXR.D.HKD.EUR.SP00.A,D,HKD,EUR,SP00,A,2002-05-15,7.0426
EXR.D.HKD.EUR.SP00.A,D,HKD,EUR,SP00,A,2002-05-16,7.1155
EXR.D.HKD.EUR.SP00.A,D,HKD,EUR,SP00,A,2002-05-17,7.1375
EXR.D.HKD.EUR.SP00.A,D,HKD,EUR,SP00,A,2002-05-20,7.1765
EXR.D.HKD.EUR.SP00.A,D,HKD,EUR,SP00,A,2002-05-21,7.1887
EXR.D.HKD.EUR.SP00.A,D,HKD,EUR,SP00,A,2002-05-22,7.2225
EXR.D.HKD.EUR.SP00.A,D,HKD,EUR,SP00,A,2002-05-23,7.1859
EXR.D.HKD.EUR.SP00.A,D,HKD,EUR,SP00,A,2002-05-24,7.1664
EXR.D.HKD.EUR.SP00.A,D,HKD,EUR,SP00,A,2002-05-27,7.168
EXR.D.HKD.EUR.SP00.A,D,HKD,EUR,SP00,A,2002-05-28,7.2188
EXR.D.HKD.EUR.SP00.A,D,HKD,EUR,SP00,A,2002-05-29,7.2695
EXR.D.HKD.EUR.SP00.A,D,HKD,EUR,SP00,A,2002-05-30,7.3123
EXR.D.HKD.EUR.SP00.A,D,HKD,EUR,SP00,A,2002-05-31,7.3216
EXR.D.HKD.EUR.SP00.A,D,HKD,EUR,SP00,A,2002-06-03,7.264
EXR.D.HKD.EUR.SP00.A,D,HKD,EUR,SP00,A,2002-06-04,7.3591
EXR.D.HKD.EUR.SP00.A,D,HKD,EUR,SP00,A,2002-06-05,7.3092
EXR.D.HKD.EUR.SP00.A,D,HKD,EUR,SP00,A,2002-06-06,7.3208
EXR.D.HKD.EUR.SP00.A,D,HKD,EUR,SP00,A,2002-06-07,7.3725
EXR.D.HKD.EUR.SP00.A,D,HKD,EUR,SP00,A,2002-06-10,7.3778
EXR.D.HKD.EUR.SP00.A,D,HKD,EUR,SP00,A,2002-06-11,7.345
EXR.D.HKD.EUR.SP00.A,D,HKD,EUR,SP00,A,2002-06-12,7.3723
EXR.D.HKD.EUR.SP00.A,D,HKD,EUR,SP00,A,2002-06-13,7.3451
EXR.D.HKD.EUR.SP00.A,D,HKD,EUR,SP00,A,2002-06-14,7.3928
EXR.D.HKD.EUR.SP00.A,D,HKD,EUR,SP00,A,2002-06-17,7.3521
EXR.D.HKD.EUR.SP00.A,D,HKD,EUR,SP00,A,2002-06-18,7.3975
EXR.D.HKD.EUR.SP00.A,D,HKD,EUR,SP00,A,2002-06-19,7.4575
EXR.D.HKD.EUR.SP00.A,D,HKD,EUR,SP00,A,2002-06-20,7.4817
EXR.D.HKD.EUR.SP00.A,D,HKD,EUR,SP00,A,2002-06-21,7.516
EXR.D.HKD.EUR.SP00.A,D,HKD,EUR,SP00,A,2002-06-24,7.6291
EXR.D.HKD.EUR.SP00.A,D,HKD,EUR,SP00,A,2002-06-25,7.5753
EXR.D.HKD.EUR.SP00.A,D,HKD,EUR,SP00,A,2002-06-26,7.7352
EXR.D.HKD.EUR.SP00.A,D,HKD,EUR,SP00,A,2002-06-27,7.6627
EXR.D.HKD.EUR.SP00.A,D,HKD,EUR,SP00,A,2002-06-28,7.7805
EXR.D.HKD.EUR.SP00.A,D,HKD,EUR,SP00,A,2002-07-01,7.732
EXR.D.HKD.EUR.SP00.A,D,HKD,EUR,SP00,A,2002-07-02,7.6736
EXR.D.HKD.EUR.SP00.A,D,HKD,EUR,SP00,A,2002-07-03,7.6284
EXR.D.HKD.EUR.SP00.A,D,HKD,EUR,SP00,A,2002-07-04,7.6362
EXR.D.HKD.EUR.SP00.A,D,HKD,EUR,SP00,A,2002-07-05,7.5853
EXR.D.HKD.EUR.SP00.A,D,HKD,EUR,SP00,A,2002-07-08,7.6657
EXR.D.HKD.EUR.SP00.A,D,HKD,EUR,SP00,A,2002-07-09,7.7451
EXR.D.HKD.EUR.SP00.A,D,HKD,EUR,SP00,A,2002-07-10,7.7203
EXR.D.HKD.EUR.SP00.A,D,HKD,EUR,SP00,A,2002-07-11,7.6719
EXR.D.HKD.EUR.SP00.A,D,HKD,EUR,SP00,A,2002-07-12,7.7008
EXR.D.HKD.EUR.SP00.A,D,HKD,EUR,SP00,A,2002-07-15,7.8186
EXR.D.HKD.EUR.SP00.A,D,HKD,EUR,SP00,A,2002-07-16,7.8989
EXR.D.HKD.EUR.SP00.A,D,HKD,EUR,SP00,A,2002-07-17,7.8499
EXR.D.HKD.EUR.SP00.A,D,HKD,EUR,SP00,A,2002-07-18,7.8452
EXR.D.HKD.EUR.SP00.A,D,HKD,EUR,SP00,A,2002-07-19,7.9138
EXR.D.HKD.EUR.SP00.A,D,HKD,EUR,SP00,A,2002-07-22,7.867
EXR.D.HKD.EUR.SP00.A,D,HKD,EUR,SP00,A,2002-07-23,7.7297
EXR.D.HKD.EUR.SP00.A,D,HKD,EUR,SP00,A,2002-07-24,7.7336
EXR.D.HKD.EUR.SP00.A,D,HKD,EUR,SP00,A,2002-07-25,7.8108
EXR.D.HKD.EUR.SP00.A,D,HKD,EUR,SP00,A,2002-07-26,7.8061
EXR.D.HKD.EUR.SP00.A,D,HKD,EUR,SP00,A,2002-07-29,7.6602
EXR.D.HKD.EUR.SP00.A,D,HKD,EUR,SP00,A,2002-07-30,7.6712
EXR.D.HKD.EUR.SP00.A,D,HKD,EUR,SP00,A,2002-07-31,7.6306
EXR.D.HKD.EUR.SP00.A,D,HKD,EUR,SP00,A,2002-08-01,7.6127
EXR.D.HKD.EUR.SP00.A,D,HKD,EUR,SP00,A,2002-08-02,7.7008
EXR.D.HKD.EUR.SP00.A,D,HKD,EUR,SP00,A,2002-08-05,7.672
EXR.D.HKD.EUR.SP00.A,D,HKD,EUR,SP00,A,2002-08-06,7.5574
EXR.D.HKD.EUR.SP00.A,D,HKD,EUR,SP00,A,2002-08-07,7.5644
EXR.D.HKD.EUR.SP00.A,D,HKD,EUR,SP00,A,2002-08-08,7.5557
EXR.D.HKD.EUR.SP00.A,D,HKD,EUR,SP00,A,2002-08-09,7.5885
EXR.D.HKD.EUR.SP00.A,D,HKD,EUR,SP00,A,2002-08-12,7.6285
EXR.D.HKD.EUR.SP00.A,D,HKD,EUR,SP00,A,2002-08-13,7.6431
EXR.D.HKD.EUR.SP00.A,D,HKD,EUR,SP00,A,2002-08-14,7.6883
EXR.D.HKD.EUR.SP00.A,D,HKD,EUR,SP00,A,2002-08-15,7.6268
EXR.D.HKD.EUR.SP00.A,D,HKD,EUR,SP00,A,2002-08-16,7.6634
EXR.D.HKD.EUR.SP00.A,D,HKD,EUR,SP00,A,2002-08-19,7.6431
EXR.D.HKD.EUR.SP00.A,D,HKD,EUR,SP00,A,2002-08-20,7.6377
EXR.D.HKD.EUR.SP00.A,D,HKD,EUR,SP00,A,2002-08-21,7.6142
EXR.D.HKD.EUR.SP00.A,D,HKD,EUR,SP00,A,2002-08-22,7.6205
EXR.D.HKD.EUR.SP00.A,D,HKD,EUR,SP00,A,2002-08-23,7.5636
EXR.D.HKD.EUR.SP00.A,D,HKD,EUR,SP00,A,2002-08-26,7.5666
EXR.D.HKD.EUR.SP00.A,D,HKD,EUR,SP00,A,2002-08-27,7.6236
EXR.D.HKD.EUR.SP00.A,D,HKD,EUR,SP00,A,2002-08-28,7.6643
EXR.D.HKD.EUR.SP00.A,D,HKD,EUR,SP00,A,2002-08-29,7.6774
EXR.D.HKD.EUR.SP00.A,D,HKD,EUR,SP00,A,2002-08-30,7.6697
EXR.D.HKD.EUR.SP00.A,D,HKD,EUR,SP00,A,2002-09-02,7.6603
EXR.D.HKD.EUR.SP00.A,D,HKD,EUR,SP00,A,2002-09-03,7.7297
EXR.D.HKD.EUR.SP00.A,D,HKD,EUR,SP00,A,2002-09-04,7.7585
EXR.D.HKD.EUR.SP00.A,D,HKD,EUR,SP00,A,2002-09-05,7.7805
EXR.D.HKD.EUR.SP00.A,D,HKD,EUR,SP00,A,2002-09-06,7.736
EXR.D.HKD.EUR.SP00.A,D,HKD,EUR,SP00,A,2002-09-09,7.6395
EXR.D.HKD.EUR.SP00.A,D,HKD,EUR,SP00,A,2002-09-10,7.613
EXR.D.HKD.EUR.SP00.A,D,HKD,EUR,SP00,A,2002-09-11,7.6042
EXR.D.HKD.EUR.SP00.A,D,HKD,EUR,SP00,A,2002-09-12,7.61
EXR.D.HKD.EUR.SP00.A,D,HKD,EUR,SP00,A,2002-09-13,7.651
EXR.D.HKD.EUR.SP00.A,D,HKD,EUR,SP00,A,2002-09-16,7.5522
EXR.D.HKD.EUR.SP00.A,D,HKD,EUR,SP00,A,2002-09-17,7.5257
EXR.D.HKD.EUR.SP00.A,D,HKD,EUR,SP00,A,2002-09-18,7.5851
EXR.D.HKD.EUR.SP00.A,D,HKD,EUR,SP00,A,2002-09-19,7.6545
EXR.D.HKD.EUR.SP00.A,D,HKD,EUR,SP00,A,2002-09-20,7.6359
EXR.D.HKD.EUR.SP00.A,D,HKD,EUR,SP00,A,2002-09-23,7.6681
EXR.D.HKD.EUR.SP00.A,D,HKD,EUR,SP00,A,2002-09-24,7.6657
EXR.D.HKD.EUR.SP00.A,D,HKD,EUR,SP00,A,2002-09-25,7.621
EXR.D.HKD.EUR.SP00.A,D,HKD,EUR,SP00,A,2002-09-26,7.6406
EXR.D.HKD.EUR.SP00.A,D,HKD,EUR,SP00,A,2002-09-27,7.6275
EXR.D.HKD.EUR.SP00.A,D,HKD,EUR,SP00,A,2002-09-30,7.6905
EXR.D.HKD.EUR.SP00.A,D,HKD,EUR,SP00,A,2002-10-01,7.691
EXR.D.HKD.EUR.SP00.A,D,HKD,EUR,SP00,A,2002-10-02,7.6709
EXR.D.HKD.EUR.SP00.A,D,HKD,EUR,SP00,A,2002-10-03,7.714
EXR.D.HKD.EUR.SP00.A,D,HKD,EUR,SP00,A,2002-10-04,7.6944
EXR.D.HKD.EUR.SP00.A,D,HKD,EUR,SP00,A,2002-10-07,7.65
EXR.D.HKD.EUR.SP00.A,D,HKD,EUR,SP00,A,2002-10-08,7.6436
EXR.D.HKD.EUR.SP00.A,D,HKD,EUR,SP00,A,2002-10-09,7.6546
EXR.D.HKD.EUR.SP00.A,D,HKD,EUR,SP00,A,2002-10-10,7.7023
EXR.D.HKD.EUR.SP00.A,D,HKD,EUR,SP00,A,2002-10-11,7.6884
EXR.D.HKD.EUR.SP00.A,D,HKD,EUR,SP00,A,2002-10-14,7.7007
EXR.D.HKD.EUR.SP00.A,D,HKD,EUR,SP00,A,2002-10-15,7.6514
EXR.D.HKD.EUR.SP00.A,D,HKD,EUR,SP00,A,2002-10-16,7.6612
EXR.D.HKD.EUR.SP00.A,D,HKD,EUR,SP00,A,2002-10-17,7.6146
EXR.D.HKD.EUR.SP00.A,D,HKD,EUR,SP00,A,2002-10-18,7.5924
EXR.D.HKD.EUR.SP00.A,D,HKD,EUR,SP00,A,2002-10-21,7.6024
EXR.D.HKD.EUR.SP00.A,D,HKD,EUR,SP00,A,2002-10-22,7.6181
EXR.D.HKD.EUR.SP00.A,D,HKD,EUR,SP00,A,2002-10-23,7.6235
EXR.D.HKD.EUR.SP00.A,D,HKD,EUR,SP00,A,2002-10-24,7.5947
EXR.D.HKD.EUR.SP00.A,D,HKD,EUR,SP00,A,2002-10-25,7.614
EXR.D.HKD.EUR.SP00.A,D,HKD,EUR,SP00,A,2002-10-28,7.6001
EXR.D.HKD.EUR.SP00.A,D,HKD,EUR,SP00,A,2002-10-29,7.6588
EXR.D.HKD.EUR.SP00.A,D,HKD,EUR,SP00,A,2002-10-30,7.663
EXR.D.HKD.EUR.SP00.A,D,HKD,EUR,SP00,A,2002-10-31,7.6932
EXR.D.HKD.EUR.SP00.A,D,HKD,EUR,SP00,A,2002-11-01,7.7793
EXR.D.HKD.EUR.SP00.A,D,HKD,EUR,SP00,A,2002-11-04,7.7557
EXR.D.HKD.EUR.SP00.A,D,HKD,EUR,SP00,A,2002-11-05,7.8177
EXR.D.HKD.EUR.SP00.A,D,HKD,EUR,SP00,A,2002-11-06,7.7643
EXR.D.HKD.EUR.SP00.A,D,HKD,EUR,SP00,A,2002-11-07,7.8093
EXR.D.HKD.EUR.SP00.A,D,HKD,EUR,SP00,A,2002-11-08,7.8827
EXR.D.HKD.EUR.SP00.A,D,HKD,EUR,SP00,A,2002-11-11,7.8976
EXR.D.HKD.EUR.SP00.A,D,HKD,EUR,SP00,A,2002-11-12,7.8628
EXR.D.HKD.EUR.SP00.A,D,HKD,EUR,SP00,A,2002-11-13,7.8525
EXR.D.HKD.EUR.SP00.A,D,HKD,EUR,SP00,A,2002-11-14,7.874
EXR.D.HKD.EUR.SP00.A,D,HKD,EUR,SP00,A,2002-11-15,7.8222
EXR.D.HKD.EUR.SP00.A,D,HKD,EUR,SP00,A,2002-11-18,7.8503
EXR.D.HKD.EUR.SP00.A,D,HKD,EUR,SP00,A,2002-11-19,7.8968
EXR.D.HKD.EUR.SP00.A,D,HKD,EUR,SP00,A,2002-11-20,7.8144
EXR.D.HKD.EUR.SP00.A,D,HKD,EUR,SP00,A,2002-11-21,7.8258
EXR.D.HKD.EUR.SP00.A,D,HKD,EUR,SP00,A,2002-11-22,7.8176
EXR.D.HKD.EUR.SP00.A,D,HKD,EUR,SP00,A,2002-11-25,7.7245
EXR.D.HKD.EUR.SP00.A,D,HKD,EUR,SP00,A,2002-11-26,7.7283
EXR.D.HKD.EUR.SP00.A,D,HKD,EUR,SP00,A,2002-11-27,7.7416
EXR.D.HKD.EUR.SP00.A,D,HKD,EUR,SP00,A,2002-11-28,7.7471
EXR.D.HKD.EUR.SP00.A,D,HKD,EUR,SP00,A,2002-11-29,7.7417
EXR.D.HKD.EUR.SP00.A,D,HKD,EUR,SP00,A,2002-12-02,7.6981
EXR.D.HKD.EUR.SP00.A,D,HKD,EUR,SP00,A,2002-12-03,7.7728
EXR.D.HKD.EUR.SP00.A,D,HKD,EUR,SP00,A,2002-12-04,7.8125
EXR.D.HKD.EUR.SP00.A,D,HKD,EUR,SP00,A,2002-12-05,7.7915
EXR.D.HKD.EUR.SP00.A,D,HKD,EUR,SP00,A,2002-12-06,7.8032
EXR.D.HKD.EUR.SP00.A,D,HKD,EUR,SP00,A,2002-12-09,7.8712
EXR.D.HKD.EUR.SP00.A,D,HKD,EUR,SP00,A,2002-12-10,7.8854
EXR.D.HKD.EUR.SP00.A,D,HKD,EUR,SP00,A,2002-12-11,7.8513
EXR.D.HKD.EUR.SP00.A,D,HKD,EUR,SP00,A,2002-12-12,7.921
EXR.D.HKD.EUR.SP00.A,D,HKD,EUR,SP00,A,2002-12-13,7.971
EXR.D.HKD.EUR.SP00.A,D,HKD,EUR,SP00,A,2002-12-16,7.9639
EXR.D.HKD.EUR.SP00.A,D,HKD,EUR,SP00,A,2002-12-17,8.038
EXR.D.HKD.EUR.SP00.A,D,HKD,EUR,SP00,A,2002-12-18,7.9851
EXR.D.HKD.EUR.SP00.A,D,HKD,EUR,SP00,A,2002-12-19,8.0109
EXR.D.HKD.EUR.SP00.A,D,HKD,EUR,SP00,A,2002-12-20,7.9966
EXR.D.HKD.EUR.SP00.A,D,HKD,EUR,SP00,A,2002-12-23,8.0184
EXR.D.HKD.EUR.SP00.A,D,HKD,EUR,SP00,A,2002-12-24,8.0295
EXR.D.HKD.EUR.SP00.A,D,HKD,EUR,SP00,A,2002-12-25,
EXR.D.HKD.EUR.SP00.A,D,HKD,EUR,SP00,A,2002-12-26,
EXR.D.HKD.EUR.SP00.A,D,HKD,EUR,SP00,A,2002-12-27,8.092
EXR.D.HKD.EUR.SP00.A,D,HKD,EUR,SP00,A,2002-12-30,8.128
EXR.D.HKD.EUR.SP00.A,D,HKD,EUR,SP00,A,2002-12-31,8.1781
EXR.D.HKD.EUR.SP00.A,D,HKD,EUR,SP00,A,2003-01-01,
EXR.D.HKD.EUR.SP00.A,D,HKD,EUR,SP00,A,2003-01-02,8.1445
EXR.D.HKD.EUR.SP00.A,D,HKD,EUR,SP00,A,2003-01-03,8.1047
EXR.D.HKD.EUR.SP00.A,D,HKD,EUR,SP00,A,2003-01-06,8.1797
EXR.D.HKD.EUR.SP00.A,D,HKD,EUR,SP00,A,2003-01-07,8.1307
EXR.D.HKD.EUR.SP00.A,D,HKD,EUR,SP00,A,2003-01-08,8.0936
EXR.D.HKD.EUR.SP00.A,D,HKD,EUR,SP00,A,2003-01-09,8.1946
EXR.D.HKD.EUR.SP00.A,D,HKD,EUR,SP00,A,2003-01-10,8.1915
EXR.D.HKD.EUR.SP00.A,D,HKD,EUR,SP00,A,2003-01-13,8.2272
EXR.D.HKD.EUR.SP00.A,D,HKD,EUR,SP00,A,2003-01-14,8.2491
EXR.D.HKD.EUR.SP00.A,D,HKD,EUR,SP00,A,2003-01-15,8.2093
EXR.D.HKD.EUR.SP00.A,D,HKD,EUR,SP00,A,2003-01-16,8.2388
EXR.D.HKD.EUR.SP00.A,D,HKD,EUR,SP00,A,2003-01-17,8.3073
EXR.D.HKD.EUR.SP00.A,D,HKD,EUR,SP00,A,2003-01-20,8.3082
EXR.D.HKD.EUR.SP00.A,D,HKD,EUR,SP00,A,2003-01-21,8.3084
EXR.D.HKD.EUR.SP00.A,D,HKD,EUR,SP00,A,2003-01-22,8.3591
EXR.D.HKD.EUR.SP00.A,D,HKD,EUR,SP00,A,2003-01-23,8.3894
EXR.D.HKD.EUR.SP00.A,D,HKD,EUR,SP00,A,2003-01-24,8.4105
EXR.D.HKD.EUR.SP00.A,D,HKD,EUR,SP00,A,2003-01-27,8.4781
EXR.D.HKD.EUR.SP00.A,D,HKD,EUR,SP00,A,2003-01-28,8.4297
EXR.D.HKD.EUR.SP00.A,D,HKD,EUR,SP00,A,2003-01-29,8.4768
EXR.D.HKD.EUR.SP00.A,D,HKD,EUR,SP00,A,2003-01-30,8.3831
EXR.D.HKD.EUR.SP00.A,D,HKD,EUR,SP00,A,2003-01-31,8.4363
EXR.D.HKD.EUR.SP00.A,D,HKD,EUR,SP00,A,2003-02-03,8.3685
EXR.D.HKD.EUR.SP00.A,D,HKD,EUR,SP00,A,2003-02-04,8.4407
EXR.D.HKD.EUR.SP00.A,D,HKD,EUR,SP00,A,2003-02-05,8.5094
EXR.D.HKD.EUR.SP00.A,D,HKD,EUR,SP00,A,2003-02-06,8.4335
EXR.D.HKD.EUR.SP00.A,D,HKD,EUR,SP00,A,2003-02-07,8.415
EXR.D.HKD.EUR.SP00.A,D,HKD,EUR,SP00,A,2003-02-10,8.4296
EXR.D.HKD.EUR.SP00.A,D,HKD,EUR,SP00,A,2003-02-11,8.35
EXR.D.HKD.EUR.SP00.A,D,HKD,EUR,SP00,A,2003-02-12,8.3695
EXR.D.HKD.EUR.SP00.A,D,HKD,EUR,SP00,A,2003-02-13,8.3907
EXR.D.HKD.EUR.SP00.A,D,HKD,EUR,SP00,A,2003-02-14,8.4179
EXR.D.HKD.EUR.SP00.A,D,HKD,EUR,SP00,A,2003-02-17,8.3578
EXR.D.HKD.EUR.SP00.A,D,HKD,EUR,SP00,A,2003-02-18,8.3564
EXR.D.HKD.EUR.SP00.A,D,HKD,EUR,SP00,A,2003-02-19,8.3587
EXR.D.HKD.EUR.SP00.A,D,HKD,EUR,SP00,A,2003-02-20,8.3945
EXR.D.HKD.EUR.SP00.A,D,HKD,EUR,SP00,A,2003-02-21,8.4528
EXR.D.HKD.EUR.SP00.A,D,HKD,EUR,SP00,A,2003-02-24,8.3615
EXR.D.HKD.EUR.SP00.A,D,HKD,EUR,SP00,A,2003-02-25,8.4025
EXR.D.HKD.EUR.SP00.A,D,HKD,EUR,SP00,A,2003-02-26,8.386
EXR.D.HKD.EUR.SP00.A,D,HKD,EUR,SP00,A,2003-02-27,8.4398
EXR.D.HKD.EUR.SP00.A,D,HKD,EUR,SP00,A,2003-02-28,8.409
EXR.D.HKD.EUR.SP00.A,D,HKD,EUR,SP00,A,2003-03-03,8.4227
EXR.D.HKD.EUR.SP00.A,D,HKD,EUR,SP00,A,2003-03-04,8.5155
EXR.D.HKD.EUR.SP00.A,D,HKD,EUR,SP00,A,2003-03-05,8.5524
EXR.D.HKD.EUR.SP00.A,D,HKD,EUR,SP00,A,2003-03-06,8.5499
EXR.D.HKD.EUR.SP00.A,D,HKD,EUR,SP00,A,2003-03-07,8.609
EXR.D.HKD.EUR.SP00.A,D,HKD,EUR,SP00,A,2003-03-10,8.6114
EXR.D.HKD.EUR.SP00.A,D,HKD,EUR,SP00,A,2003-03-11,8.6411
EXR.D.HKD.EUR.SP00.A,D,HKD,EUR,SP00,A,2003-03-12,8.6006
EXR.D.HKD.EUR.SP00.A,D,HKD,EUR,SP00,A,2003-03-13,8.4728
EXR.D.HKD.EUR.SP00.A,D,HKD,EUR,SP00,A,2003-03-14,8.403
EXR.D.HKD.EUR.SP00.A,D,HKD,EUR,SP00,A,2003-03-17,8.4238
EXR.D.HKD.EUR.SP00.A,D,HKD,EUR,SP00,A,2003-03-18,8.2561
EXR.D.HKD.EUR.SP00.A,D,HKD,EUR,SP00,A,2003-03-19,8.2437
EXR.D.HKD.EUR.SP00.A,D,HKD,EUR,SP00,A,2003-03-20,8.2607
EXR.D.HKD.EUR.SP00.A,D,HKD,EUR,SP00,A,2003-03-21,8.2449
EXR.D.HKD.EUR.SP00.A,D,HKD,EUR,SP00,A,2003-03-24,8.2933
EXR.D.HKD.EUR.SP00.A,D,HKD,EUR,SP00,A,2003-03-25,8.338
EXR.D.HKD.EUR.SP00.A,D,HKD,EUR,SP00,A,2003-03-26,8.319
EXR.D.HKD.EUR.SP00.A,D,HKD,EUR,SP00,A,2003-03-27,8.3631
EXR.D.HKD.EUR.SP00.A,D,HKD,EUR,SP00,A,2003-03-28,8.3684
EXR.D.HKD.EUR.SP00.A,D,HKD,EUR,SP00,A,2003-03-31,8.4975
EXR.D.HKD.EUR.SP00.A,D,HKD,EUR,SP00,A,2003-04-01,8.4943
EXR.D.HKD.EUR.SP00.A,D,HKD,EUR,SP00,A,2003-04-02,8.4465
EXR.D.HKD.EUR.SP00.A,D,HKD,EUR,SP00,A,2003-04-03,8.3468
EXR.D.HKD.EUR.SP00.A,D,HKD,EUR,SP00,A,2003-04-04,8.3611
EXR.D.HKD.EUR.SP00.A,D,HKD,EUR,SP00,A,2003-04-07,8.2534
EXR.D.HKD.EUR.SP00.A,D,HKD,EUR,SP00,A,2003-04-08,8.3141
EXR.D.HKD.EUR.SP00.A,D,HKD,EUR,SP00,A,2003-04-09,8.3782
EXR.D.HKD.EUR.SP00.A,D,HKD,EUR,SP00,A,2003-04-10,8.4272
EXR.D.HKD.EUR.SP00.A,D,HKD,EUR,SP00,A,2003-04-11,8.3726
EXR.D.HKD.EUR.SP00.A,D,HKD,EUR,SP00,A,2003-04-14,8.3742
EXR.D.HKD.EUR.SP00.A,D,HKD,EUR,SP00,A,2003-04-15,8.4108
EXR.D.HKD.EUR.SP00.A,D,HKD,EUR,SP00,A,2003-04-16,8.4516
EXR.D.HKD.EUR.SP00.A,D,HKD,EUR,SP00,A,2003-04-17,8.5172
EXR.D.HKD.EUR.SP00.A,D,HKD,EUR,SP00,A,2003-04-18,
EXR.D.HKD.EUR.SP00.A,D,HKD,EUR,SP00,A,2003-04-21,
EXR.D.HKD.EUR.SP00.A,D,HKD,EUR,SP00,A,2003-04-22,8.557
EXR.D.HKD.EUR.SP00.A,D,HKD,EUR,SP00,A,2003-04-23,8.5357
EXR.D.HKD.EUR.SP00.A,D,HKD,EUR,SP00,A,2003-04-24,8.5858
EXR.D.HKD.EUR.SP00.A,D,HKD,EUR,SP00,A,2003-04-25,8.5586
EXR.D.HKD.EUR.SP00.A,D,HKD,EUR,SP00,A,2003-04-28,8.5989
EXR.D.HKD.EUR.SP00.A,D,HKD,EUR,SP00,A,2003-04-29,8.5449
EXR.D.HKD.EUR.SP00.A,D,HKD,EUR,SP00,A,2003-04-30,8.681
EXR.D.HKD.EUR.SP00.A,D,HKD,EUR,SP00,A,2003-05-01,
EXR.D.HKD.EUR.SP00.A,D,HKD,EUR,SP00,A,2003-05-02,8.7653
EXR.D.HKD.EUR.SP00.A,D,HKD,EUR,SP00,A,2003-05-05,8.7489
EXR.D.HKD.EUR.SP00.A,D,HKD,EUR,SP00,A,2003-05-06,8.8393
EXR.D.HKD.EUR.SP00.A,D,HKD,EUR,SP00,A,2003-05-07,8.9119
EXR.D.HKD.EUR.SP00.A,D,HKD,EUR,SP00,A,2003-05-08,8.9166
EXR.D.HKD.EUR.SP00.A,D,HKD,EUR,SP00,A,2003-05-09,8.9424
EXR.D.HKD.EUR.SP00.A,D,HKD,EUR,SP00,A,2003-05-12,9.0443
EXR.D.HKD.EUR.SP00.A,D,HKD,EUR,SP00,A,2003-05-13,8.983
EXR.D.HKD.EUR.SP00.A,D,HKD,EUR,SP00,A,2003-05-14,8.9677
EXR.D.HKD.EUR.SP00.A,D,HKD,EUR,SP00,A,2003-05-15,8.9364
EXR.D.HKD.EUR.SP00.A,D,HKD,EUR,SP00,A,2003-05-16,8.9628
EXR.D.HKD.EUR.SP00.A,D,HKD,EUR,SP00,A,2003-05-19,9.0871
EXR.D.HKD.EUR.SP00.A,D,HKD,EUR,SP00,A,2003-05-20,9.0811
EXR.D.HKD.EUR.SP00.A,D,HKD,EUR,SP00,A,2003-05-21,9.1162
EXR.D.HKD.EUR.SP00.A,D,HKD,EUR,SP00,A,2003-05-22,9.1404
EXR.D.HKD.EUR.SP00.A,D,HKD,EUR,SP00,A,2003-05-23,9.1949
EXR.D.HKD.EUR.SP00.A,D,HKD,EUR,SP00,A,2003-05-26,9.2124
EXR.D.HKD.EUR.SP00.A,D,HKD,EUR,SP00,A,2003-05-27,9.2812
EXR.D.HKD.EUR.SP00.A,D,HKD,EUR,SP00,A,2003-05-28,9.154
EXR.D.HKD.EUR.SP00.A,D,HKD,EUR,SP00,A,2003-05-29,9.1685
EXR.D.HKD.EUR.SP00.A,D,HKD,EUR,SP00,A,2003-05-30,9.2195
EXR.D.HKD.EUR.SP00.A,D,HKD,EUR,SP00,A,2003-06-02,9.1027
EXR.D.HKD.EUR.SP00.A,D,HKD,EUR,SP00,A,2003-06-03,9.1423
EXR.D.HKD.EUR.SP00.A,D,HKD,EUR,SP00,A,2003-06-04,9.1172
EXR.D.HKD.EUR.SP00.A,D,HKD,EUR,SP00,A,2003-06-05,9.1828
EXR.D.HKD.EUR.SP00.A,D,HKD,EUR,SP00,A,2003-06-06,9.2125
EXR.D.HKD.EUR.SP00.A,D,HKD,EUR,SP00,A,2003-06-09,9.1461
EXR.D.HKD.EUR.SP00.A,D,HKD,EUR,SP00,A,2003-06-10,9.1235
EXR.D.HKD.EUR.SP00.A,D,HKD,EUR,SP00,A,2003-06-11,9.1619
EXR.D.HKD.EUR.SP00.A,D,HKD,EUR,SP00,A,2003-06-12,9.1513
EXR.D.HKD.EUR.SP00.A,D,HKD,EUR,SP00,A,2003-06-13,9.1647
EXR.D.HKD.EUR.SP00.A,D,HKD,EUR,SP00,A,2003-06-16,9.2446
EXR.D.HKD.EUR.SP00.A,D,HKD,EUR,SP00,A,2003-06-17,9.2002
EXR.D.HKD.EUR.SP00.A,D,HKD,EUR,SP00,A,2003-06-18,9.1238
EXR.D.HKD.EUR.SP00.A,D,HKD,EUR,SP00,A,2003-06-19,9.0897
EXR.D.HKD.EUR.SP00.A,D,HKD,EUR,SP00,A,2003-06-20,9.0896
EXR.D.HKD.EUR.SP00.A,D,HKD,EUR,SP00,A,2003-06-23,8.9989
EXR.D.HKD.EUR.SP00.A,D,HKD,EUR,SP00,A,2003-06-24,9.019
EXR.D.HKD.EUR.SP00.A,D,HKD,EUR,SP00,A,2003-06-25,9.008
EXR.D.HKD.EUR.SP00.A,D,HKD,EUR,SP00,A,2003-06-26,8.9149
EXR.D.HKD.EUR.SP00.A,D,HKD,EUR,SP00,A,2003-06-27,8.8999
EXR.D.HKD.EUR.SP00.A,D,HKD,EUR,SP00,A,2003-06-30,8.911
EXR.D.HKD.EUR.SP00.A,D,HKD,EUR,SP00,A,2003-07-01,9.0018
EXR.D.HKD.EUR.SP00.A,D,HKD,EUR,SP00,A,2003-07-02,8.9952
EXR.D.HKD.EUR.SP00.A,D,HKD,EUR,SP00,A,2003-07-03,8.9344
EXR.D.HKD.EUR.SP00.A,D,HKD,EUR,SP00,A,2003-07-04,8.9414
EXR.D.HKD.EUR.SP00.A,D,HKD,EUR,SP00,A,2003-07-07,8.8587
EXR.D.HKD.EUR.SP00.A,D,HKD,EUR,SP00,A,2003-07-08,8.8326
EXR.D.HKD.EUR.SP00.A,D,HKD,EUR,SP00,A,2003-07-09,8.8554
EXR.D.HKD.EUR.SP00.A,D,HKD,EUR,SP00,A,2003-07-10,8.8458
EXR.D.HKD.EUR.SP00.A,D,HKD,EUR,SP00,A,2003-07-11,8.8247
EXR.D.HKD.EUR.SP00.A,D,HKD,EUR,SP00,A,2003-07-14,8.814
EXR.D.HKD.EUR.SP00.A,D,HKD,EUR,SP00,A,2003-07-15,8.8286
EXR.D.HKD.EUR.SP00.A,D,HKD,EUR,SP00,A,2003-07-16,8.687
EXR.D.HKD.EUR.SP00.A,D,HKD,EUR,SP00,A,2003-07-17,8.7594
EXR.D.HKD.EUR.SP00.A,D,HKD,EUR,SP00,A,2003-07-18,8.7389
EXR.D.HKD.EUR.SP00.A,D,HKD,EUR,SP00,A,2003-07-21,8.8007
EXR.D.HKD.EUR.SP00.A,D,HKD,EUR,SP00,A,2003-07-22,8.8467
EXR.D.HKD.EUR.SP00.A,D,HKD,EUR,SP00,A,2003-07-23,8.8917
EXR.D.HKD.EUR.SP00.A,D,HKD,EUR,SP00,A,2003-07-24,8.9431
EXR.D.HKD.EUR.SP00.A,D,HKD,EUR,SP00,A,2003-07-25,8.9509
EXR.D.HKD.EUR.SP00.A,D,HKD,EUR,SP00,A,2003-07-28,8.9604
EXR.D.HKD.EUR.SP00.A,D,HKD,EUR,SP00,A,2003-07-29,8.9392
EXR.D.HKD.EUR.SP00.A,D,HKD,EUR,SP00,A,2003-07-30,8.9065
EXR.D.HKD.EUR.SP00.A,D,HKD,EUR,SP00,A,2003-07-31,8.8271
EXR.D.HKD.EUR.SP00.A,D,HKD,EUR,SP00,A,2003-08-01,8.7109
EXR.D.HKD.EUR.SP00.A,D,HKD,EUR,SP00,A,2003-08-04,8.8185
EXR.D.HKD.EUR.SP00.A,D,HKD,EUR,SP00,A,2003-08-05,8.8388
EXR.D.HKD.EUR.SP00.A,D,HKD,EUR,SP00,A,2003-08-06,8.885
EXR.D.HKD.EUR.SP00.A,D,HKD,EUR,SP00,A,2003-08-07,8.8547
EXR.D.HKD.EUR.SP00.A,D,HKD,EUR,SP00,A,2003-08-08,8.8337
EXR.D.HKD.EUR.SP00.A,D,HKD,EUR,SP00,A,2003-08-11,8.8093
EXR.D.HKD.EUR.SP00.A,D,HKD,EUR,SP00,A,2003-08-12,8.8225
EXR.D.HKD.EUR.SP00.A,D,HKD,EUR,SP00,A,2003-08-13,8.7951
EXR.D.HKD.EUR.SP00.A,D,HKD,EUR,SP00,A,2003-08-14,8.7896
EXR.D.HKD.EUR.SP00.A,D,HKD,EUR,SP00,A,2003-08-15,8.7758
EXR.D.HKD.EUR.SP00.A,D,HKD,EUR,SP00,A,2003-08-18,8.7257
EXR.D.HKD.EUR.SP00.A,D,HKD,EUR,SP00,A,2003-08-19,8.6292
EXR.D.HKD.EUR.SP00.A,D,HKD,EUR,SP00,A,2003-08-20,8.6633
EXR.D.HKD.EUR.SP00.A,D,HKD,EUR,SP00,A,2003-08-21,8.5854
EXR.D.HKD.EUR.SP00.A,D,HKD,EUR,SP00,A,2003-08-22,8.4957
EXR.D.HKD.EUR.SP00.A,D,HKD,EUR,SP00,A,2003-08-25,8.4913
EXR.D.HKD.EUR.SP00.A,D,HKD,EUR,SP00,A,2003-08-26,8.4355
EXR.D.HKD.EUR.SP00.A,D,HKD,EUR,SP00,A,2003-08-27,8.5065
EXR.D.HKD.EUR.SP00.A,D,HKD,EUR,SP00,A,2003-08-28,8.4449
EXR.D.HKD.EUR.SP00.A,D,HKD,EUR,SP00,A,2003-08-29,8.5222
EXR.D.HKD.EUR.SP00.A,D,HKD,EUR,SP00,A,2003-09-01,8.5518
EXR.D.HKD.EUR.SP00.A,D,HKD,EUR,SP00,A,2003-09-02,8.4616
EXR.D.HKD.EUR.SP00.A,D,HKD,EUR,SP00,A,2003-09-03,8.4092
EXR.D.HKD.EUR.SP00.A,D,HKD,EUR,SP00,A,2003-09-04,8.4373
EXR.D.HKD.EUR.SP00.A,D,HKD,EUR,SP00,A,2003-09-05,8.5192
EXR.D.HKD.EUR.SP00.A,D,HKD,EUR,SP00,A,2003-09-08,8.6347
EXR.D.HKD.EUR.SP00.A,D,HKD,EUR,SP00,A,2003-09-09,8.6847
EXR.D.HKD.EUR.SP00.A,D,HKD,EUR,SP00,A,2003-09-10,8.7132
EXR.D.HKD.EUR.SP00.A,D,HKD,EUR,SP00,A,2003-09-11,8.7482
EXR.D.HKD.EUR.SP00.A,D,HKD,EUR,SP00,A,2003-09-12,8.7134
EXR.D.HKD.EUR.SP00.A,D,HKD,EUR,SP00,A,2003-09-15,8.7984
EXR.D.HKD.EUR.SP00.A,D,HKD,EUR,SP00,A,2003-09-16,8.7621
EXR.D.HKD.EUR.SP00.A,D,HKD,EUR,SP00,A,2003-09-17,8.7447
EXR.D.HKD.EUR.SP00.A,D,HKD,EUR,SP00,A,2003-09-18,8.8052
EXR.D.HKD.EUR.SP00.A,D,HKD,EUR,SP00,A,2003-09-19,8.8221
EXR.D.HKD.EUR.SP00.A,D,HKD,EUR,SP00,A,2003-09-22,8.9389
EXR.D.HKD.EUR.SP00.A,D,HKD,EUR,SP00,A,2003-09-23,8.8814
EXR.D.HKD.EUR.SP00.A,D,HKD,EUR,SP00,A,2003-09-24,8.899
EXR.D.HKD.EUR.SP00.A,D,HKD,EUR,SP00,A,2003-09-25,8.9229
EXR.D.HKD.EUR.SP00.A,D,HKD,EUR,SP00,A,2003-09-26,8.9089
EXR.D.HKD.EUR.SP00.A,D,HKD,EUR,SP00,A,2003-09-29,8.8467
EXR.D.HKD.EUR.SP00.A,D,HKD,EUR,SP00,A,2003-09-30,9.0254
EXR.D.HKD.EUR.SP00.A,D,HKD,EUR,SP00,A,2003-10-01,9.0368
EXR.D.HKD.EUR.SP00.A,D,HKD,EUR,SP00,A,2003-10-02,9.0377
EXR.D.HKD.EUR.SP00.A,D,HKD,EUR,SP00,A,2003-10-03,9.0069
EXR.D.HKD.EUR.SP00.A,D,HKD,EUR,SP00,A,2003-10-06,8.9279
EXR.D.HKD.EUR.SP00.A,D,HKD,EUR,SP00,A,2003-10-07,9.0748
EXR.D.HKD.EUR.SP00.A,D,HKD,EUR,SP00,A,2003-10-08,9.1126
EXR.D.HKD.EUR.SP00.A,D,HKD,EUR,SP00,A,2003-10-09,9.1174
EXR.D.HKD.EUR.SP00.A,D,HKD,EUR,SP00,A,2003-10-10,9.1177
EXR.D.HKD.EUR.SP00.A,D,HKD,EUR,SP00,A,2003-10-13,9.0416
EXR.D.HKD.EUR.SP00.A,D,HKD,EUR,SP00,A,2003-10-14,9.0204
EXR.D.HKD.EUR.SP00.A,D,HKD,EUR,SP00,A,2003-10-15,9.0355
EXR.D.HKD.EUR.SP00.A,D,HKD,EUR,SP00,A,2003-10-16,8.9955
EXR.D.HKD.EUR.SP00.A,D,HKD,EUR,SP00,A,2003-10-17,8.9693
EXR.D.HKD.EUR.SP00.A,D,HKD,EUR,SP00,A,2003-10-20,9.0115
EXR.D.HKD.EUR.SP00.A,D,HKD,EUR,SP00,A,2003-10-21,9.0121
EXR.D.HKD.EUR.SP00.A,D,HKD,EUR,SP00,A,2003-10-22,9.066
EXR.D.HKD.EUR.SP00.A,D,HKD,EUR,SP00,A,2003-10-23,9.1353
EXR.D.HKD.EUR.SP00.A,D,HKD,EUR,SP00,A,2003-10-24,9.1326
EXR.D.HKD.EUR.SP00.A,D,HKD,EUR,SP00,A,2003-10-27,9.1104
EXR.D.HKD.EUR.SP00.A,D,HKD,EUR,SP00,A,2003-10-28,9.0553
EXR.D.HKD.EUR.SP00.A,D,HKD,EUR,SP00,A,2003-10-29,9.0659
EXR.D.HKD.EUR.SP00.A,D,HKD,EUR,SP00,A,2003-10-30,9.1106
EXR.D.HKD.EUR.SP00.A,D,HKD,EUR,SP00,A,2003-10-31,9.0257
EXR.D.HKD.EUR.SP00.A,D,HKD,EUR,SP00,A,2003-11-03,8.9996
EXR.D.HKD.EUR.SP00.A,D,HKD,EUR,SP00,A,2003-11-04,8.9072
EXR.D.HKD.EUR.SP00.A,D,HKD,EUR,SP00,A,2003-11-05,8.9117
EXR.D.HKD.EUR.SP00.A,D,HKD,EUR,SP00,A,2003-11-06,8.8935
EXR.D.HKD.EUR.SP00.A,D,HKD,EUR,SP00,A,2003-11-07,8.8758
EXR.D.HKD.EUR.SP00.A,D,HKD,EUR,SP00,A,2003-11-10,8.8941
EXR.D.HKD.EUR.SP00.A,D,HKD,EUR,SP00,A,2003-11-11,8.9162
EXR.D.HKD.EUR.SP00.A,D,HKD,EUR,SP00,A,2003-11-12,9.0048
EXR.D.HKD.EUR.SP00.A,D,HKD,EUR,SP00,A,2003-11-13,9.0686
EXR.D.HKD.EUR.SP00.A,D,HKD,EUR,SP00,A,2003-11-14,9.1268
EXR.D.HKD.EUR.SP00.A,D,HKD,EUR,SP00,A,2003-11-17,9.1602
EXR.D.HKD.EUR.SP00.A,D,HKD,EUR,SP00,A,2003-11-18,9.138
EXR.D.HKD.EUR.SP00.A,D,HKD,EUR,SP00,A,2003-11-19,9.2376
EXR.D.HKD.EUR.SP00.A,D,HKD,EUR,SP00,A,2003-11-20,9.2418
EXR.D.HKD.EUR.SP00.A,D,HKD,EUR,SP00,A,2003-11-21,9.2346
EXR.D.HKD.EUR.SP00.A,D,HKD,EUR,SP00,A,2003-11-24,9.1799
EXR.D.HKD.EUR.SP00.A,D,HKD,EUR,SP00,A,2003-11-25,9.1394
EXR.D.HKD.EUR.SP00.A,D,HKD,EUR,SP00,A,2003-11-26,9.1879
EXR.D.HKD.EUR.SP00.A,D,HKD,EUR,SP00,A,2003-11-27,9.2421
EXR.D.HKD.EUR.SP00.A,D,HKD,EUR,SP00,A,2003-11-28,9.3117
EXR.D.HKD.EUR.SP00.A,D,HKD,EUR,SP00,A,2003-12-01,9.3329
EXR.D.HKD.EUR.SP00.A,D,HKD,EUR,SP00,A,2003-12-02,9.2951
EXR.D.HKD.EUR.SP00.A,D,HKD,EUR,SP00,A,2003-12-03,9.3956
EXR.D.HKD.EUR.SP00.A,D,HKD,EUR,SP00,A,2003-12-04,9.3772
EXR.D.HKD.EUR.SP00.A,D,HKD,EUR,SP00,A,2003-12-05,9.3839
EXR.D.HKD.EUR.SP00.A,D,HKD,EUR,SP00,A,2003-12-08,9.4872
EXR.D.HKD.EUR.SP00.A,D,HKD,EUR,SP00,A,2003-12-09,9.5168
EXR.D.HKD.EUR.SP00.A,D,HKD,EUR,SP00,A,2003-12-10,9.5024
EXR.D.HKD.EUR.SP00.A,D,HKD,EUR,SP00,A,2003-12-11,9.4633
EXR.D.HKD.EUR.SP00.A,D,HKD,EUR,SP00,A,2003-12-12,9.5127
EXR.D.HKD.EUR.SP00.A,D,HKD,EUR,SP00,A,2003-12-15,9.4941
EXR.D.HKD.EUR.SP00.A,D,HKD,EUR,SP00,A,2003-12-16,9.5787
EXR.D.HKD.EUR.SP00.A,D,HKD,EUR,SP00,A,2003-12-17,9.5774
EXR.D.HKD.EUR.SP00.A,D,HKD,EUR,SP00,A,2003-12-18,9.6305
EXR.D.HKD.EUR.SP00.A,D,HKD,EUR,SP00,A,2003-12-19,9.6443
EXR.D.HKD.EUR.SP00.A,D,HKD,EUR,SP00,A,2003-12-22,9.6534
EXR.D.HKD.EUR.SP00.A,D,HKD,EUR,SP00,A,2003-12-23,9.6204
EXR.D.HKD.EUR.SP00.A,D,HKD,EUR,SP00,A,2003-12-24,9.635
EXR.D.HKD.EUR.SP00.A,D,HKD,EUR,SP00,A,2003-12-25,
EXR.D.HKD.EUR.SP00.A,D,HKD,EUR,SP00,A,2003-12-26,
EXR.D.HKD.EUR.SP00.A,D,HKD,EUR,SP00,A,2003-12-29,9.704
EXR.D.HKD.EUR.SP00.A,D,HKD,EUR,SP00,A,2003-12-30,9.701
EXR.D.HKD.EUR.SP00.A,D,HKD,EUR,SP00,A,2003-12-31,9.8049
EXR.D.HKD.EUR.SP00.A,D,HKD,EUR,SP00,A,2004-01-01,
EXR.D.HKD.EUR.SP00.A,D,HKD,EUR,SP00,A,2004-01-02,9.7769
EXR.D.HKD.EUR.SP00.A,D,HKD,EUR,SP00,A,2004-01-05,9.8267
EXR.D.HKD.EUR.SP00.A,D,HKD,EUR,SP00,A,2004-01-06,9.9026
EXR.D.HKD.EUR.SP00.A,D,HKD,EUR,SP00,A,2004-01-07,9.8432
EXR.D.HKD.EUR.SP00.A,D,HKD,EUR,SP00,A,2004-01-08,9.8086
EXR.D.HKD.EUR.SP00.A,D,HKD,EUR,SP00,A,2004-01-09,9.8878
EXR.D.HKD.EUR.SP00.A,D,HKD,EUR,SP00,A,2004-01-12,9.9585
EXR.D.HKD.EUR.SP00.A,D,HKD,EUR,SP00,A,2004-01-13,9.8975
EXR.D.HKD.EUR.SP00.A,D,HKD,EUR,SP00,A,2004-01-14,9.8545
EXR.D.HKD.EUR.SP00.A,D,HKD,EUR,SP00,A,2004-01-15,9.8088
EXR.D.HKD.EUR.SP00.A,D,HKD,EUR,SP00,A,2004-01-16,9.702
EXR.D.HKD.EUR.SP00.A,D,HKD,EUR,SP00,A,2004-01-19,9.6088
EXR.D.HKD.EUR.SP00.A,D,HKD,EUR,SP00,A,2004-01-20,9.7394
EXR.D.HKD.EUR.SP00.A,D,HKD,EUR,SP00,A,2004-01-21,9.7931
EXR.D.HKD.EUR.SP00.A,D,HKD,EUR,SP00,A,2004-01-22,9.871
EXR.D.HKD.EUR.SP00.A,D,HKD,EUR,SP00,A,2004-01-23,9.8548
EXR.D.HKD.EUR.SP00.A,D,HKD,EUR,SP00,A,2004-01-26,9.7668
EXR.D.HKD.EUR.SP00.A,D,HKD,EUR,SP00,A,2004-01-27,9.7185
EXR.D.HKD.EUR.SP00.A,D,HKD,EUR,SP00,A,2004-01-28,9.7576
EXR.D.HKD.EUR.SP00.A,D,HKD,EUR,SP00,A,2004-01-29,9.6923
EXR.D.HKD.EUR.SP00.A,D,HKD,EUR,SP00,A,2004-01-30,9.6281
EXR.D.HKD.EUR.SP00.A,D,HKD,EUR,SP00,A,2004-02-02,9.6888
EXR.D.HKD.EUR.SP00.A,D,HKD,EUR,SP00,A,2004-02-03,9.7854
EXR.D.HKD.EUR.SP00.A,D,HKD,EUR,SP00,A,2004-02-04,9.7392
EXR.D.HKD.EUR.SP00.A,D,HKD,EUR,SP00,A,2004-02-05,9.781
EXR.D.HKD.EUR.SP00.A,D,HKD,EUR,SP00,A,2004-02-06,9.741
EXR.D.HKD.EUR.SP00.A,D,HKD,EUR,SP00,A,2004-02-09,9.876
EXR.D.HKD.EUR.SP00.A,D,HKD,EUR,SP00,A,2004-02-10,9.9153
EXR.D.HKD.EUR.SP00.A,D,HKD,EUR,SP00,A,2004-02-11,9.8526
EXR.D.HKD.EUR.SP00.A,D,HKD,EUR,SP00,A,2004-02-12,9.9488
EXR.D.HKD.EUR.SP00.A,D,HKD,EUR,SP00,A,2004-02-13,9.959
EXR.D.HKD.EUR.SP00.A,D,HKD,EUR,SP00,A,2004-02-16,9.8997
EXR.D.HKD.EUR.SP00.A,D,HKD,EUR,SP00,A,2004-02-17,9.9911
EXR.D.HKD.EUR.SP00.A,D,HKD,EUR,SP00,A,2004-02-18,9.9652
EXR.D.HKD.EUR.SP00.A,D,HKD,EUR,SP00,A,2004-02-19,9.89
EXR.D.HKD.EUR.SP00.A,D,HKD,EUR,SP00,A,2004-02-20,9.845
EXR.D.HKD.EUR.SP00.A,D,HKD,EUR,SP00,A,2004-02-23,9.7792
EXR.D.HKD.EUR.SP00.A,D,HKD,EUR,SP00,A,2004-02-24,9.7963
EXR.D.HKD.EUR.SP00.A,D,HKD,EUR,SP00,A,2004-02-25,9.8244
EXR.D.HKD.EUR.SP00.A,D,HKD,EUR,SP00,A,2004-02-26,9.6855
EXR.D.HKD.EUR.SP00.A,D,HKD,EUR,SP00,A,2004-02-27,9.6649
EXR.D.HKD.EUR.SP00.A,D,HKD,EUR,SP00,A,2004-03-01,9.7174
EXR.D.HKD.EUR.SP00.A,D,HKD,EUR,SP00,A,2004-03-02,9.655
EXR.D.HKD.EUR.SP00.A,D,HKD,EUR,SP00,A,2004-03-03,9.4614
EXR.D.HKD.EUR.SP00.A,D,HKD,EUR,SP00,A,2004-03-04,9.4661
EXR.D.HKD.EUR.SP00.A,D,HKD,EUR,SP00,A,2004-03-05,9.492
EXR.D.HKD.EUR.SP00.A,D,HKD,EUR,SP00,A,2004-03-08,9.6269
EXR.D.HKD.EUR.SP00.A,D,HKD,EUR,SP00,A,2004-03-09,9.6297
EXR.D.HKD.EUR.SP00.A,D,HKD,EUR,SP00,A,2004-03-10,9.5842
EXR.D.HKD.EUR.SP00.A,D,HKD,EUR,SP00,A,2004-03-11,9.5537
EXR.D.HKD.EUR.SP00.A,D,HKD,EUR,SP00,A,2004-03-12,9.5368
EXR.D.HKD.EUR.SP00.A,D,HKD,EUR,SP00,A,2004-03-15,9.5693
EXR.D.HKD.EUR.SP00.A,D,HKD,EUR,SP00,A,2004-03-16,9.623
EXR.D.HKD.EUR.SP00.A,D,HKD,EUR,SP00,A,2004-03-17,9.5451
EXR.D.HKD.EUR.SP00.A,D,HKD,EUR,SP00,A,2004-03-18,9.5547
EXR.D.HKD.EUR.SP00.A,D,HKD,EUR,SP00,A,2004-03-19,9.6189
EXR.D.HKD.EUR.SP00.A,D,HKD,EUR,SP00,A,2004-03-22,9.6263
EXR.D.HKD.EUR.SP00.A,D,HKD,EUR,SP00,A,2004-03-23,9.5689
EXR.D.HKD.EUR.SP00.A,D,HKD,EUR,SP00,A,2004-03-24,9.507
EXR.D.HKD.EUR.SP00.A,D,HKD,EUR,SP00,A,2004-03-25,9.4591
EXR.D.HKD.EUR.SP00.A,D,HKD,EUR,SP00,A,2004-03-26,9.4922
EXR.D.HKD.EUR.SP00.A,D,HKD,EUR,SP00,A,2004-03-29,9.4473
EXR.D.HKD.EUR.SP00.A,D,HKD,EUR,SP00,A,2004-03-30,9.5012
EXR.D.HKD.EUR.SP00.A,D,HKD,EUR,SP00,A,2004-03-31,9.5228
EXR.D.HKD.EUR.SP00.A,D,HKD,EUR,SP00,A,2004-04-01,9.5953
EXR.D.HKD.EUR.SP00.A,D,HKD,EUR,SP00,A,2004-04-02,9.5929
EXR.D.HKD.EUR.SP00.A,D,HKD,EUR,SP00,A,2004-04-05,9.3925
EXR.D.HKD.EUR.SP00.A,D,HKD,EUR,SP00,A,2004-04-06,9.4238
EXR.D.HKD.EUR.SP00.A,D,HKD,EUR,SP00,A,2004-04-07,9.4329
EXR.D.HKD.EUR.SP00.A,D,HKD,EUR,SP00,A,2004-04-08,9.4291
EXR.D.HKD.EUR.SP00.A,D,HKD,EUR,SP00,A,2004-04-09,
EXR.D.HKD.EUR.SP00.A,D,HKD,EUR,SP00,A,2004-04-12,
EXR.D.HKD.EUR.SP00.A,D,HKD,EUR,SP00,A,2004-04-13,9.3349
EXR.D.HKD.EUR.SP00.A,D,HKD,EUR,SP00,A,2004-04-14,9.2974
EXR.D.HKD.EUR.SP00.A,D,HKD,EUR,SP00,A,2004-04-15,9.2989
EXR.D.HKD.EUR.SP00.A,D,HKD,EUR,SP00,A,2004-04-16,9.3057
EXR.D.HKD.EUR.SP00.A,D,HKD,EUR,SP00,A,2004-04-19,9.3929
EXR.D.HKD.EUR.SP00.A,D,HKD,EUR,SP00,A,2004-04-20,9.3009
EXR.D.HKD.EUR.SP00.A,D,HKD,EUR,SP00,A,2004-04-21,9.2313
EXR.D.HKD.EUR.SP00.A,D,HKD,EUR,SP00,A,2004-04-22,9.2595
EXR.D.HKD.EUR.SP00.A,D,HKD,EUR,SP00,A,2004-04-23,9.2695
EXR.D.HKD.EUR.SP00.A,D,HKD,EUR,SP00,A,2004-04-26,9.2424
EXR.D.HKD.EUR.SP00.A,D,HKD,EUR,SP00,A,2004-04-27,9.2715
EXR.D.HKD.EUR.SP00.A,D,HKD,EUR,SP00,A,2004-04-28,9.2872
EXR.D.HKD.EUR.SP00.A,D,HKD,EUR,SP00,A,2004-04-29,9.2241
EXR.D.HKD.EUR.SP00.A,D,HKD,EUR,SP00,A,2004-04-30,9.3183
EXR.D.HKD.EUR.SP00.A,D,HKD,EUR,SP00,A,2004-05-03,9.3231
EXR.D.HKD.EUR.SP00.A,D,HKD,EUR,SP00,A,2004-05-04,9.4071
EXR.D.HKD.EUR.SP00.A,D,HKD,EUR,SP00,A,2004-05-05,9.4581
EXR.D.HKD.EUR.SP00.A,D,HKD,EUR,SP00,A,2004-05-06,9.4499
EXR.D.HKD.EUR.SP00.A,D,HKD,EUR,SP00,A,2004-05-07,9.4164
EXR.D.HKD.EUR.SP00.A,D,HKD,EUR,SP00,A,2004-05-10,9.2375
EXR.D.HKD.EUR.SP00.A,D,HKD,EUR,SP00,A,2004-05-11,9.2071
EXR.D.HKD.EUR.SP00.A,D,HKD,EUR,SP00,A,2004-05-12,9.2483
EXR.D.HKD.EUR.SP00.A,D,HKD,EUR,SP00,A,2004-05-13,9.2218
EXR.D.HKD.EUR.SP00.A,D,HKD,EUR,SP00,A,2004-05-14,9.2053
EXR.D.HKD.EUR.SP00.A,D,HKD,EUR,SP00,A,2004-05-17,9.3778
EXR.D.HKD.EUR.SP00.A,D,HKD,EUR,SP00,A,2004-05-18,9.3466
EXR.D.HKD.EUR.SP00.A,D,HKD,EUR,SP00,A,2004-05-19,9.3285
EXR.D.HKD.EUR.SP00.A,D,HKD,EUR,SP00,A,2004-05-20,9.295
EXR.D.HKD.EUR.SP00.A,D,HKD,EUR,SP00,A,2004-05-21,9.373
EXR.D.HKD.EUR.SP00.A,D,HKD,EUR,SP00,A,2004-05-24,9.3265
EXR.D.HKD.EUR.SP00.A,D,HKD,EUR,SP00,A,2004-05-25,9.4023
EXR.D.HKD.EUR.SP00.A,D,HKD,EUR,SP00,A,2004-05-26,9.4359
EXR.D.HKD.EUR.SP00.A,D,HKD,EUR,SP00,A,2004-05-27,9.4808
EXR.D.HKD.EUR.SP00.A,D,HKD,EUR,SP00,A,2004-05-28,9.5447
EXR.D.HKD.EUR.SP00.A,D,HKD,EUR,SP00,A,2004-05-31,9.5122
EXR.D.HKD.EUR.SP00.A,D,HKD,EUR,SP00,A,2004-06-01,9.5351
EXR.D.HKD.EUR.SP00.A,D,HKD,EUR,SP00,A,2004-06-02,9.5704
EXR.D.HKD.EUR.SP00.A,D,HKD,EUR,SP00,A,2004-06-03,9.5318
EXR.D.HKD.EUR.SP00.A,D,HKD,EUR,SP00,A,2004-06-04,9.5146
EXR.D.HKD.EUR.SP00.A,D,HKD,EUR,SP00,A,2004-06-07,9.6024
EXR.D.HKD.EUR.SP00.A,D,HKD,EUR,SP00,A,2004-06-08,9.5838
EXR.D.HKD.EUR.SP00.A,D,HKD,EUR,SP00,A,2004-06-09,9.4773
EXR.D.HKD.EUR.SP00.A,D,HKD,EUR,SP00,A,2004-06-10,9.3975
EXR.D.HKD.EUR.SP00.A,D,HKD,EUR,SP00,A,2004-06-11,9.3575
EXR.D.HKD.EUR.SP00.A,D,HKD,EUR,SP00,A,2004-06-14,9.3573
EXR.D.HKD.EUR.SP00.A,D,HKD,EUR,SP00,A,2004-06-15,9.3971
EXR.D.HKD.EUR.SP00.A,D,HKD,EUR,SP00,A,2004-06-16,9.4029
EXR.D.HKD.EUR.SP00.A,D,HKD,EUR,SP00,A,2004-06-17,9.3929
EXR.D.HKD.EUR.SP00.A,D,HKD,EUR,SP00,A,2004-06-18,9.3913
EXR.D.HKD.EUR.SP00.A,D,HKD,EUR,SP00,A,2004-06-21,9.4463
EXR.D.HKD.EUR.SP00.A,D,HKD,EUR,SP00,A,2004-06-22,9.4305
EXR.D.HKD.EUR.SP00.A,D,HKD,EUR,SP00,A,2004-06-23,9.4265
EXR.D.HKD.EUR.SP00.A,D,HKD,EUR,SP00,A,2004-06-24,9.4526
EXR.D.HKD.EUR.SP00.A,D,HKD,EUR,SP00,A,2004-06-25,9.4657
EXR.D.HKD.EUR.SP00.A,D,HKD,EUR,SP00,A,2004-06-28,9.5197
EXR.D.HKD.EUR.SP00.A,D,HKD,EUR,SP00,A,2004-06-29,9.492
EXR.D.HKD.EUR.SP00.A,D,HKD,EUR,SP00,A,2004-06-30,9.4803
EXR.D.HKD.EUR.SP00.A,D,HKD,EUR,SP00,A,2004-07-01,9.4907
EXR.D.HKD.EUR.SP00.A,D,HKD,EUR,SP00,A,2004-07-02,9.4752
EXR.D.HKD.EUR.SP00.A,D,HKD,EUR,SP00,A,2004-07-05,9.5841
EXR.D.HKD.EUR.SP00.A,D,HKD,EUR,SP00,A,2004-07-06,9.6007
EXR.D.HKD.EUR.SP00.A,D,HKD,EUR,SP00,A,2004-07-07,9.6383
EXR.D.HKD.EUR.SP00.A,D,HKD,EUR,SP00,A,2004-07-08,9.6306
EXR.D.HKD.EUR.SP00.A,D,HKD,EUR,SP00,A,2004-07-09,9.6496
EXR.D.HKD.EUR.SP00.A,D,HKD,EUR,SP00,A,2004-07-12,9.6693
EXR.D.HKD.EUR.SP00.A,D,HKD,EUR,SP00,A,2004-07-13,9.6499
EXR.D.HKD.EUR.SP00.A,D,HKD,EUR,SP00,A,2004-07-14,9.6597
EXR.D.HKD.EUR.SP00.A,D,HKD,EUR,SP00,A,2004-07-15,9.6514
EXR.D.HKD.EUR.SP00.A,D,HKD,EUR,SP00,A,2004-07-16,9.6353
EXR.D.HKD.EUR.SP00.A,D,HKD,EUR,SP00,A,2004-07-19,9.6813
EXR.D.HKD.EUR.SP00.A,D,HKD,EUR,SP00,A,2004-07-20,9.6601
EXR.D.HKD.EUR.SP00.A,D,HKD,EUR,SP00,A,2004-07-21,9.5908
EXR.D.HKD.EUR.SP00.A,D,HKD,EUR,SP00,A,2004-07-22,9.569
EXR.D.HKD.EUR.SP00.A,D,HKD,EUR,SP00,A,2004-07-23,9.5089
EXR.D.HKD.EUR.SP00.A,D,HKD,EUR,SP00,A,2004-07-26,9.4871
EXR.D.HKD.EUR.SP00.A,D,HKD,EUR,SP00,A,2004-07-27,9.4908
EXR.D.HKD.EUR.SP00.A,D,HKD,EUR,SP00,A,2004-07-28,9.3863
EXR.D.HKD.EUR.SP00.A,D,HKD,EUR,SP00,A,2004-07-29,9.3799
EXR.D.HKD.EUR.SP00.A,D,HKD,EUR,SP00,A,2004-07-30,9.3902
EXR.D.HKD.EUR.SP00.A,D,HKD,EUR,SP00,A,2004-08-02,9.4027
EXR.D.HKD.EUR.SP00.A,D,HKD,EUR,SP00,A,2004-08-03,9.377
EXR.D.HKD.EUR.SP00.A,D,HKD,EUR,SP00,A,2004-08-04,9.3465
EXR.D.HKD.EUR.SP00.A,D,HKD,EUR,SP00,A,2004-08-05,9.3925
EXR.D.HKD.EUR.SP00.A,D,HKD,EUR,SP00,A,2004-08-06,9.4081
EXR.D.HKD.EUR.SP00.A,D,HKD,EUR,SP00,A,2004-08-09,9.5508
EXR.D.HKD.EUR.SP00.A,D,HKD,EUR,SP00,A,2004-08-10,9.5768
EXR.D.HKD.EUR.SP00.A,D,HKD,EUR,SP00,A,2004-08-11,9.5408
EXR.D.HKD.EUR.SP00.A,D,HKD,EUR,SP00,A,2004-08-12,9.5602
EXR.D.HKD.EUR.SP00.A,D,HKD,EUR,SP00,A,2004-08-13,9.5302
EXR.D.HKD.EUR.SP00.A,D,HKD,EUR,SP00,A,2004-08-16,9.6221
EXR.D.HKD.EUR.SP00.A,D,HKD,EUR,SP00,A,2004-08-17,9.6235
EXR.D.HKD.EUR.SP00.A,D,HKD,EUR,SP00,A,2004-08-18,9.618
EXR.D.HKD.EUR.SP00.A,D,HKD,EUR,SP00,A,2004-08-19,9.6395
EXR.D.HKD.EUR.SP00.A,D,HKD,EUR,SP00,A,2004-08-20,9.5879
EXR.D.HKD.EUR.SP00.A,D,HKD,EUR,SP00,A,2004-08-23,9.5548
EXR.D.HKD.EUR.SP00.A,D,HKD,EUR,SP00,A,2004-08-24,9.4681
EXR.D.HKD.EUR.SP00.A,D,HKD,EUR,SP00,A,2004-08-25,9.4232
EXR.D.HKD.EUR.SP00.A,D,HKD,EUR,SP00,A,2004-08-26,9.438
EXR.D.HKD.EUR.SP00.A,D,HKD,EUR,SP00,A,2004-08-27,9.4263
EXR.D.HKD.EUR.SP00.A,D,HKD,EUR,SP00,A,2004-08-30,9.3966
EXR.D.HKD.EUR.SP00.A,D,HKD,EUR,SP00,A,2004-08-31,9.4466
EXR.D.HKD.EUR.SP00.A,D,HKD,EUR,SP00,A,2004-09-01,9.491
EXR.D.HKD.EUR.SP00.A,D,HKD,EUR,SP00,A,2004-09-02,9.4918
EXR.D.HKD.EUR.SP00.A,D,HKD,EUR,SP00,A,2004-09-03,9.4955
EXR.D.HKD.EUR.SP00.A,D,HKD,EUR,SP00,A,2004-09-06,9.4154
EXR.D.HKD.EUR.SP00.A,D,HKD,EUR,SP00,A,2004-09-07,9.421
EXR.D.HKD.EUR.SP00.A,D,HKD,EUR,SP00,A,2004-09-08,9.3899
EXR.D.HKD.EUR.SP00.A,D,HKD,EUR,SP00,A,2004-09-09,9.5081
EXR.D.HKD.EUR.SP00.A,D,HKD,EUR,SP00,A,2004-09-10,9.5307
EXR.D.HKD.EUR.SP00.A,D,HKD,EUR,SP00,A,2004-09-13,9.5437
EXR.D.HKD.EUR.SP00.A,D,HKD,EUR,SP00,A,2004-09-14,9.5421
EXR.D.HKD.EUR.SP00.A,D,HKD,EUR,SP00,A,2004-09-15,9.5456
EXR.D.HKD.EUR.SP00.A,D,HKD,EUR,SP00,A,2004-09-16,9.4827
EXR.D.HKD.EUR.SP00.A,D,HKD,EUR,SP00,A,2004-09-17,9.5241
EXR.D.HKD.EUR.SP00.A,D,HKD,EUR,SP00,A,2004-09-20,9.4628
EXR.D.HKD.EUR.SP00.A,D,HKD,EUR,SP00,A,2004-09-21,9.5749
EXR.D.HKD.EUR.SP00.A,D,HKD,EUR,SP00,A,2004-09-22,9.5505
EXR.D.HKD.EUR.SP00.A,D,HKD,EUR,SP00,A,2004-09-23,9.6044
EXR.D.HKD.EUR.SP00.A,D,HKD,EUR,SP00,A,2004-09-24,9.5995
EXR.D.HKD.EUR.SP00.A,D,HKD,EUR,SP00,A,2004-09-27,9.5578
EXR.D.HKD.EUR.SP00.A,D,HKD,EUR,SP00,A,2004-09-28,9.6206
EXR.D.HKD.EUR.SP00.A,D,HKD,EUR,SP00,A,2004-09-29,9.6107
EXR.D.HKD.EUR.SP00.A,D,HKD,EUR,SP00,A,2004-09-30,9.6745
EXR.D.HKD.EUR.SP00.A,D,HKD,EUR,SP00,A,2004-10-01,9.6786
EXR.D.HKD.EUR.SP00.A,D,HKD,EUR,SP00,A,2004-10-04,9.5961
EXR.D.HKD.EUR.SP00.A,D,HKD,EUR,SP00,A,2004-10-05,9.5941
EXR.D.HKD.EUR.SP00.A,D,HKD,EUR,SP00,A,2004-10-06,9.578
EXR.D.HKD.EUR.SP00.A,D,HKD,EUR,SP00,A,2004-10-07,9.5914
EXR.D.HKD.EUR.SP00.A,D,HKD,EUR,SP00,A,2004-10-08,9.5937
EXR.D.HKD.EUR.SP00.A,D,HKD,EUR,SP00,A,2004-10-11,9.6518
EXR.D.HKD.EUR.SP00.A,D,HKD,EUR,SP00,A,2004-10-12,9.5939
EXR.D.HKD.EUR.SP00.A,D,HKD,EUR,SP00,A,2004-10-13,9.561
EXR.D.HKD.EUR.SP00.A,D,HKD,EUR,SP00,A,2004-10-14,9.6433
EXR.D.HKD.EUR.SP00.A,D,HKD,EUR,SP00,A,2004-10-15,9.6677
EXR.D.HKD.EUR.SP00.A,D,HKD,EUR,SP00,A,2004-10-18,9.7183
EXR.D.HKD.EUR.SP00.A,D,HKD,EUR,SP00,A,2004-10-19,9.7433
EXR.D.HKD.EUR.SP00.A,D,HKD,EUR,SP00,A,2004-10-20,9.804
EXR.D.HKD.EUR.SP00.A,D,HKD,EUR,SP00,A,2004-10-21,9.8153
EXR.D.HKD.EUR.SP00.A,D,HKD,EUR,SP00,A,2004-10-22,9.8158
EXR.D.HKD.EUR.SP00.A,D,HKD,EUR,SP00,A,2004-10-25,9.9486
EXR.D.HKD.EUR.SP00.A,D,HKD,EUR,SP00,A,2004-10-26,9.947
EXR.D.HKD.EUR.SP00.A,D,HKD,EUR,SP00,A,2004-10-27,9.9487
EXR.D.HKD.EUR.SP00.A,D,HKD,EUR,SP00,A,2004-10-28,9.892
EXR.D.HKD.EUR.SP00.A,D,HKD,EUR,SP00,A,2004-10-29,9.9133
EXR.D.HKD.EUR.SP00.A,D,HKD,EUR,SP00,A,2004-11-01,9.9172
EXR.D.HKD.EUR.SP00.A,D,HKD,EUR,SP00,A,2004-11-02,9.8868
EXR.D.HKD.EUR.SP00.A,D,HKD,EUR,SP00,A,2004-11-03,9.9251
EXR.D.HKD.EUR.SP00.A,D,HKD,EUR,SP00,A,2004-11-04,10.0131
EXR.D.HKD.EUR.SP00.A,D,HKD,EUR,SP00,A,2004-11-05,9.9956
EXR.D.HKD.EUR.SP00.A,D,HKD,EUR,SP00,A,2004-11-08,10.0447
EXR.D.HKD.EUR.SP00.A,D,HKD,EUR,SP00,A,2004-11-09,10.0394
EXR.D.HKD.EUR.SP00.A,D,HKD,EUR,SP00,A,2004-11-10,10.0961
EXR.D.HKD.EUR.SP00.A,D,HKD,EUR,SP00,A,2004-11-11,10.0339
EXR.D.HKD.EUR.SP00.A,D,HKD,EUR,SP00,A,2004-11-12,10.0481
EXR.D.HKD.EUR.SP00.A,D,HKD,EUR,SP00,A,2004-11-15,10.0733
EXR.D.HKD.EUR.SP00.A,D,HKD,EUR,SP00,A,2004-11-16,10.0837
EXR.D.HKD.EUR.SP00.A,D,HKD,EUR,SP00,A,2004-11-17,10.1257
EXR.D.HKD.EUR.SP00.A,D,HKD,EUR,SP00,A,2004-11-18,10.1296
EXR.D.HKD.EUR.SP00.A,D,HKD,EUR,SP00,A,2004-11-19,10.1248
EXR.D.HKD.EUR.SP00.A,D,HKD,EUR,SP00,A,2004-11-22,10.1316
EXR.D.HKD.EUR.SP00.A,D,HKD,EUR,SP00,A,2004-11-23,10.1788
EXR.D.HKD.EUR.SP00.A,D,HKD,EUR,SP00,A,2004-11-24,10.2181
EXR.D.HKD.EUR.SP00.A,D,HKD,EUR,SP00,A,2004-11-25,10.2687
EXR.D.HKD.EUR.SP00.A,D,HKD,EUR,SP00,A,2004-11-26,10.2904
EXR.D.HKD.EUR.SP00.A,D,HKD,EUR,SP00,A,2004-11-29,10.301
EXR.D.HKD.EUR.SP00.A,D,HKD,EUR,SP00,A,2004-11-30,10.3365
EXR.D.HKD.EUR.SP00.A,D,HKD,EUR,SP00,A,2004-12-01,10.3365
EXR.D.HKD.EUR.SP00.A,D,HKD,EUR,SP00,A,2004-12-02,10.3488
EXR.D.HKD.EUR.SP00.A,D,HKD,EUR,SP00,A,2004-12-03,10.3378
EXR.D.HKD.EUR.SP00.A,D,HKD,EUR,SP00,A,2004-12-06,10.4404
EXR.D.HKD.EUR.SP00.A,D,HKD,EUR,SP00,A,2004-12-07,10.4571
EXR.D.HKD.EUR.SP00.A,D,HKD,EUR,SP00,A,2004-12-08,10.3343
EXR.D.HKD.EUR.SP00.A,D,HKD,EUR,SP00,A,2004-12-09,10.3484
EXR.D.HKD.EUR.SP00.A,D,HKD,EUR,SP00,A,2004-12-10,10.2569
EXR.D.HKD.EUR.SP00.A,D,HKD,EUR,SP00,A,2004-12-13,10.3166
EXR.D.HKD.EUR.SP00.A,D,HKD,EUR,SP00,A,2004-12-14,10.3538
EXR.D.HKD.EUR.SP00.A,D,HKD,EUR,SP00,A,2004-12-15,10.4051
EXR.D.HKD.EUR.SP00.A,D,HKD,EUR,SP00,A,2004-12-16,10.4191
EXR.D.HKD.EUR.SP00.A,D,HKD,EUR,SP00,A,2004-12-17,10.3193
EXR.D.HKD.EUR.SP00.A,D,HKD,EUR,SP00,A,2004-12-20,10.4076
EXR.D.HKD.EUR.SP00.A,D,HKD,EUR,SP00,A,2004-12-21,10.4202
EXR.D.HKD.EUR.SP00.A,D,HKD,EUR,SP00,A,2004-12-22,10.4143
EXR.D.HKD.EUR.SP00.A,D,HKD,EUR,SP00,A,2004-12-23,10.4706
EXR.D.HKD.EUR.SP00.A,D,HKD,EUR,SP00,A,2004-12-24,10.5412
EXR.D.HKD.EUR.SP00.A,D,HKD,EUR,SP00,A,2004-12-27,10.5289
EXR.D.HKD.EUR.SP00.A,D,HKD,EUR,SP00,A,2004-12-28,10.5967
EXR.D.HKD.EUR.SP00.A,D,HKD,EUR,SP00,A,2004-12-29,10.5861
EXR.D.HKD.EUR.SP00.A,D,HKD,EUR,SP00,A,2004-12-30,10.5794
EXR.D.HKD.EUR.SP00.A,D,HKD,EUR,SP00,A,2004-12-31,10.5881
EXR.D.HKD.EUR.SP00.A,D,HKD,EUR,SP00,A,2005-01-03,10.5055
EXR.D.HKD.EUR.SP00.A,D,HKD,EUR,SP00,A,2005-01-04,10.4042
EXR.D.HKD.EUR.SP00.A,D,HKD,EUR,SP00,A,2005-01-05,10.301
EXR.D.HKD.EUR.SP00.A,D,HKD,EUR,SP00,A,2005-01-06,10.2754
EXR.D.HKD.EUR.SP00.A,D,HKD,EUR,SP00,A,2005-01-07,10.2822
EXR.D.HKD.EUR.SP00.A,D,HKD,EUR,SP00,A,2005-01-10,10.2144
EXR.D.HKD.EUR.SP00.A,D,HKD,EUR,SP00,A,2005-01-11,10.2479
EXR.D.HKD.EUR.SP00.A,D,HKD,EUR,SP00,A,2005-01-12,10.2435
EXR.D.HKD.EUR.SP00.A,D,HKD,EUR,SP00,A,2005-01-13,10.3132
EXR.D.HKD.EUR.SP00.A,D,HKD,EUR,SP00,A,2005-01-14,10.2051
EXR.D.HKD.EUR.SP00.A,D,HKD,EUR,SP00,A,2005-01-17,10.2027
EXR.D.HKD.EUR.SP00.A,D,HKD,EUR,SP00,A,2005-01-18,10.1853
EXR.D.HKD.EUR.SP00.A,D,HKD,EUR,SP00,A,2005-01-19,10.2031
EXR.D.HKD.EUR.SP00.A,D,HKD,EUR,SP00,A,2005-01-20,10.0887
EXR.D.HKD.EUR.SP00.A,D,HKD,EUR,SP00,A,2005-01-21,10.1097
EXR.D.HKD.EUR.SP00.A,D,HKD,EUR,SP00,A,2005-01-24,10.1891
EXR.D.HKD.EUR.SP00.A,D,HKD,EUR,SP00,A,2005-01-25,10.1585
EXR.D.HKD.EUR.SP00.A,D,HKD,EUR,SP00,A,2005-01-26,10.1428
EXR.D.HKD.EUR.SP00.A,D,HKD,EUR,SP00,A,2005-01-27,10.1588
EXR.D.HKD.EUR.SP00.A,D,HKD,EUR,SP00,A,2005-01-28,10.1663
EXR.D.HKD.EUR.SP00.A,D,HKD,EUR,SP00,A,2005-01-31,10.1671
EXR.D.HKD.EUR.SP00.A,D,HKD,EUR,SP00,A,2005-02-01,10.161
EXR.D.HKD.EUR.SP00.A,D,HKD,EUR,SP00,A,2005-02-02,10.1874
EXR.D.HKD.EUR.SP00.A,D,HKD,EUR,SP00,A,2005-02-03,10.1407
EXR.D.HKD.EUR.SP00.A,D,HKD,EUR,SP00,A,2005-02-04,10.106
EXR.D.HKD.EUR.SP00.A,D,HKD,EUR,SP00,A,2005-02-07,10.018
EXR.D.HKD.EUR.SP00.A,D,HKD,EUR,SP00,A,2005-02-08,9.9557
EXR.D.HKD.EUR.SP00.A,D,HKD,EUR,SP00,A,2005-02-09,9.9541
EXR.D.HKD.EUR.SP00.A,D,HKD,EUR,SP00,A,2005-02-10,9.9658
EXR.D.HKD.EUR.SP00.A,D,HKD,EUR,SP00,A,2005-02-11,10.0268
EXR.D.HKD.EUR.SP00.A,D,HKD,EUR,SP00,A,2005-02-14,10.1138
EXR.D.HKD.EUR.SP00.A,D,HKD,EUR,SP00,A,2005-02-15,10.152
EXR.D.HKD.EUR.SP00.A,D,HKD,EUR,SP00,A,2005-02-16,10.1708
EXR.D.HKD.EUR.SP00.A,D,HKD,EUR,SP00,A,2005-02-17,10.1717
EXR.D.HKD.EUR.SP00.A,D,HKD,EUR,SP00,A,2005-02-18,10.1703
EXR.D.HKD.EUR.SP00.A,D,HKD,EUR,SP00,A,2005-02-21,10.1825
EXR.D.HKD.EUR.SP00.A,D,HKD,EUR,SP00,A,2005-02-22,10.2894
EXR.D.HKD.EUR.SP00.A,D,HKD,EUR,SP00,A,2005-02-23,10.2982
EXR.D.HKD.EUR.SP00.A,D,HKD,EUR,SP00,A,2005-02-24,10.3425
EXR.D.HKD.EUR.SP00.A,D,HKD,EUR,SP00,A,2005-02-25,10.2685
EXR.D.HKD.EUR.SP00.A,D,HKD,EUR,SP00,A,2005-02-28,10.3396
EXR.D.HKD.EUR.SP00.A,D,HKD,EUR,SP00,A,2005-03-01,10.3082
EXR.D.HKD.EUR.SP00.A,D,HKD,EUR,SP00,A,2005-03-02,10.2185
EXR.D.HKD.EUR.SP00.A,D,HKD,EUR,SP00,A,2005-03-03,10.252
EXR.D.HKD.EUR.SP00.A,D,HKD,EUR,SP00,A,2005-03-04,10.2295
EXR.D.HKD.EUR.SP00.A,D,HKD,EUR,SP00,A,2005-03-07,10.2934
EXR.D.HKD.EUR.SP00.A,D,HKD,EUR,SP00,A,2005-03-08,10.3317
EXR.D.HKD.EUR.SP00.A,D,HKD,EUR,SP00,A,2005-03-09,10.4097
EXR.D.HKD.EUR.SP00.A,D,HKD,EUR,SP00,A,2005-03-10,10.458
EXR.D.HKD.EUR.SP00.A,D,HKD,EUR,SP00,A,2005-03-11,10.4638
EXR.D.HKD.EUR.SP00.A,D,HKD,EUR,SP00,A,2005-03-14,10.4298
EXR.D.HKD.EUR.SP00.A,D,HKD,EUR,SP00,A,2005-03-15,10.4386
EXR.D.HKD.EUR.SP00.A,D,HKD,EUR,SP00,A,2005-03-16,10.4305
EXR.D.HKD.EUR.SP00.A,D,HKD,EUR,SP00,A,2005-03-17,10.4346
EXR.D.HKD.EUR.SP00.A,D,HKD,EUR,SP00,A,2005-03-18,10.3552
EXR.D.HKD.EUR.SP00.A,D,HKD,EUR,SP00,A,2005-03-21,10.2947
EXR.D.HKD.EUR.SP00.A,D,HKD,EUR,SP00,A,2005-03-22,10.2762
EXR.D.HKD.EUR.SP00.A,D,HKD,EUR,SP00,A,2005-03-23,10.1786
EXR.D.HKD.EUR.SP00.A,D,HKD,EUR,SP00,A,2005-03-24,10.1258
EXR.D.HKD.EUR.SP00.A,D,HKD,EUR,SP00,A,2005-03-25,
EXR.D.HKD.EUR.SP00.A,D,HKD,EUR,SP00,A,2005-03-28,
EXR.D.HKD.EUR.SP00.A,D,HKD,EUR,SP00,A,2005-03-29,10.0821
EXR.D.HKD.EUR.SP00.A,D,HKD,EUR,SP00,A,2005-03-30,10.0949
EXR.D.HKD.EUR.SP00.A,D,HKD,EUR,SP00,A,2005-03-31,10.111
EXR.D.HKD.EUR.SP00.A,D,HKD,EUR,SP00,A,2005-04-01,10.1063
EXR.D.HKD.EUR.SP00.A,D,HKD,EUR,SP00,A,2005-04-04,10.048
EXR.D.HKD.EUR.SP00.A,D,HKD,EUR,SP00,A,2005-04-05,9.9914
EXR.D.HKD.EUR.SP00.A,D,HKD,EUR,SP00,A,2005-04-06,10.0302
EXR.D.HKD.EUR.SP00.A,D,HKD,EUR,SP00,A,2005-04-07,10.079
EXR.D.HKD.EUR.SP00.A,D,HKD,EUR,SP00,A,2005-04-08,9.9979
EXR.D.HKD.EUR.SP00.A,D,HKD,EUR,SP00,A,2005-04-11,10.1166
EXR.D.HKD.EUR.SP00.A,D,HKD,EUR,SP00,A,2005-04-12,10.1272
EXR.D.HKD.EUR.SP00.A,D,HKD,EUR,SP00,A,2005-04-13,10.0783
EXR.D.HKD.EUR.SP00.A,D,HKD,EUR,SP00,A,2005-04-14,9.9982
EXR.D.HKD.EUR.SP00.A,D,HKD,EUR,SP00,A,2005-04-15,10.0354
EXR.D.HKD.EUR.SP00.A,D,HKD,EUR,SP00,A,2005-04-18,10.1129
EXR.D.HKD.EUR.SP00.A,D,HKD,EUR,SP00,A,2005-04-19,10.1357
EXR.D.HKD.EUR.SP00.A,D,HKD,EUR,SP00,A,2005-04-20,10.1775
EXR.D.HKD.EUR.SP00.A,D,HKD,EUR,SP00,A,2005-04-21,10.1844
EXR.D.HKD.EUR.SP00.A,D,HKD,EUR,SP00,A,2005-04-22,10.1943
EXR.D.HKD.EUR.SP00.A,D,HKD,EUR,SP00,A,2005-04-25,10.1095
EXR.D.HKD.EUR.SP00.A,D,HKD,EUR,SP00,A,2005-04-26,10.1235
EXR.D.HKD.EUR.SP00.A,D,HKD,EUR,SP00,A,2005-04-27,10.0761
EXR.D.HKD.EUR.SP00.A,D,HKD,EUR,SP00,A,2005-04-28,10.0646
EXR.D.HKD.EUR.SP00.A,D,HKD,EUR,SP00,A,2005-04-29,10.1017
EXR.D.HKD.EUR.SP00.A,D,HKD,EUR,SP00,A,2005-05-02,10.0288
EXR.D.HKD.EUR.SP00.A,D,HKD,EUR,SP00,A,2005-05-03,10.0226
EXR.D.HKD.EUR.SP00.A,D,HKD,EUR,SP00,A,2005-05-04,10.092
EXR.D.HKD.EUR.SP00.A,D,HKD,EUR,SP00,A,2005-05-05,10.096
EXR.D.HKD.EUR.SP00.A,D,HKD,EUR,SP00,A,2005-05-06,10.0897
EXR.D.HKD.EUR.SP00.A,D,HKD,EUR,SP00,A,2005-05-09,9.9993
EXR.D.HKD.EUR.SP00.A,D,HKD,EUR,SP00,A,2005-05-10,10.0241
EXR.D.HKD.EUR.SP00.A,D,HKD,EUR,SP00,A,2005-05-11,10.0449
EXR.D.HKD.EUR.SP00.A,D,HKD,EUR,SP00,A,2005-05-12,9.9582
EXR.D.HKD.EUR.SP00.A,D,HKD,EUR,SP00,A,2005-05-13,9.8538
EXR.D.HKD.EUR.SP00.A,D,HKD,EUR,SP00,A,2005-05-16,9.8394
EXR.D.HKD.EUR.SP00.A,D,HKD,EUR,SP00,A,2005-05-17,9.8552
EXR.D.HKD.EUR.SP00.A,D,HKD,EUR,SP00,A,2005-05-18,9.8395
EXR.D.HKD.EUR.SP00.A,D,HKD,EUR,SP00,A,2005-05-19,9.8498
EXR.D.HKD.EUR.SP00.A,D,HKD,EUR,SP00,A,2005-05-20,9.8224
EXR.D.HKD.EUR.SP00.A,D,HKD,EUR,SP00,A,2005-05-23,9.7717
EXR.D.HKD.EUR.SP00.A,D,HKD,EUR,SP00,A,2005-05-24,9.8146
EXR.D.HKD.EUR.SP00.A,D,HKD,EUR,SP00,A,2005-05-25,9.777
EXR.D.HKD.EUR.SP00.A,D,HKD,EUR,SP00,A,2005-05-26,9.7439
EXR.D.HKD.EUR.SP00.A,D,HKD,EUR,SP00,A,2005-05-27,9.7623
EXR.D.HKD.EUR.SP00.A,D,HKD,EUR,SP00,A,2005-05-30,9.7025
EXR.D.HKD.EUR.SP00.A,D,HKD,EUR,SP00,A,2005-05-31,9.5926
EXR.D.HKD.EUR.SP00.A,D,HKD,EUR,SP00,A,2005-06-01,9.5183
EXR.D.HKD.EUR.SP00.A,D,HKD,EUR,SP00,A,2005-06-02,9.5444
EXR.D.HKD.EUR.SP00.A,D,HKD,EUR,SP00,A,2005-06-03,9.5645
EXR.D.HKD.EUR.SP00.A,D,HKD,EUR,SP00,A,2005-06-06,9.5504
EXR.D.HKD.EUR.SP00.A,D,HKD,EUR,SP00,A,2005-06-07,9.5588
EXR.D.HKD.EUR.SP00.A,D,HKD,EUR,SP00,A,2005-06-08,9.5893
EXR.D.HKD.EUR.SP00.A,D,HKD,EUR,SP00,A,2005-06-09,9.5239
EXR.D.HKD.EUR.SP00.A,D,HKD,EUR,SP00,A,2005-06-10,9.5126
EXR.D.HKD.EUR.SP00.A,D,HKD,EUR,SP00,A,2005-06-13,9.381
EXR.D.HKD.EUR.SP00.A,D,HKD,EUR,SP00,A,2005-06-14,9.4154
EXR.D.HKD.EUR.SP00.A,D,HKD,EUR,SP00,A,2005-06-15,9.3834
EXR.D.HKD.EUR.SP00.A,D,HKD,EUR,SP00,A,2005-06-16,9.4205
EXR.D.HKD.EUR.SP00.A,D,HKD,EUR,SP00,A,2005-06-17,9.4665
EXR.D.HKD.EUR.SP00.A,D,HKD,EUR,SP00,A,2005-06-20,9.4928
EXR.D.HKD.EUR.SP00.A,D,HKD,EUR,SP00,A,2005-06-21,9.4
EXR.D.HKD.EUR.SP00.A,D,HKD,EUR,SP00,A,2005-06-22,9.4082
EXR.D.HKD.EUR.SP00.A,D,HKD,EUR,SP00,A,2005-06-23,9.3754
EXR.D.HKD.EUR.SP00.A,D,HKD,EUR,SP00,A,2005-06-24,9.3887
EXR.D.HKD.EUR.SP00.A,D,HKD,EUR,SP00,A,2005-06-27,9.4528
EXR.D.HKD.EUR.SP00.A,D,HKD,EUR,SP00,A,2005-06-28,9.3984
EXR.D.HKD.EUR.SP00.A,D,HKD,EUR,SP00,A,2005-06-29,9.3698
EXR.D.HKD.EUR.SP00.A,D,HKD,EUR,SP00,A,2005-06-30,9.399
EXR.D.HKD.EUR.SP00.A,D,HKD,EUR,SP00,A,2005-07-01,9.3929
EXR.D.HKD.EUR.SP00.A,D,HKD,EUR,SP00,A,2005-07-04,9.2462
EXR.D.HKD.EUR.SP00.A,D,HKD,EUR,SP00,A,2005-07-05,9.2377
EXR.D.HKD.EUR.SP00.A,D,HKD,EUR,SP00,A,2005-07-06,9.2603
EXR.D.HKD.EUR.SP00.A,D,HKD,EUR,SP00,A,2005-07-07,9.294
EXR.D.HKD.EUR.SP00.A,D,HKD,EUR,SP00,A,2005-07-08,9.2551
EXR.D.HKD.EUR.SP00.A,D,HKD,EUR,SP00,A,2005-07-11,9.3392
EXR.D.HKD.EUR.SP00.A,D,HKD,EUR,SP00,A,2005-07-12,9.4612
EXR.D.HKD.EUR.SP00.A,D,HKD,EUR,SP00,A,2005-07-13,9.476
EXR.D.HKD.EUR.SP00.A,D,HKD,EUR,SP00,A,2005-07-14,9.3856
EXR.D.HKD.EUR.SP00.A,D,HKD,EUR,SP00,A,2005-07-15,9.3848
EXR.D.HKD.EUR.SP00.A,D,HKD,EUR,SP00,A,2005-07-18,9.3736
EXR.D.HKD.EUR.SP00.A,D,HKD,EUR,SP00,A,2005-07-19,9.306
EXR.D.HKD.EUR.SP00.A,D,HKD,EUR,SP00,A,2005-07-20,9.3834
EXR.D.HKD.EUR.SP00.A,D,HKD,EUR,SP00,A,2005-07-21,9.4679
EXR.D.HKD.EUR.SP00.A,D,HKD,EUR,SP00,A,2005-07-22,9.4385
EXR.D.HKD.EUR.SP00.A,D,HKD,EUR,SP00,A,2005-07-25,9.3791
EXR.D.HKD.EUR.SP00.A,D,HKD,EUR,SP00,A,2005-07-26,9.323
EXR.D.HKD.EUR.SP00.A,D,HKD,EUR,SP00,A,2005-07-27,9.3261
EXR.D.HKD.EUR.SP00.A,D,HKD,EUR,SP00,A,2005-07-28,9.4091
EXR.D.HKD.EUR.SP00.A,D,HKD,EUR,SP00,A,2005-07-29,9.3991
EXR.D.HKD.EUR.SP00.A,D,HKD,EUR,SP00,A,2005-08-01,9.4982
EXR.D.HKD.EUR.SP00.A,D,HKD,EUR,SP00,A,2005-08-02,9.496
EXR.D.HKD.EUR.SP00.A,D,HKD,EUR,SP00,A,2005-08-03,9.5667
EXR.D.HKD.EUR.SP00.A,D,HKD,EUR,SP00,A,2005-08-04,9.5767
EXR.D.HKD.EUR.SP00.A,D,HKD,EUR,SP00,A,2005-08-05,9.6262
EXR.D.HKD.EUR.SP00.A,D,HKD,EUR,SP00,A,2005-08-08,9.6135
EXR.D.HKD.EUR.SP00.A,D,HKD,EUR,SP00,A,2005-08-09,9.6118
EXR.D.HKD.EUR.SP00.A,D,HKD,EUR,SP00,A,2005-08-10,9.6167
EXR.D.HKD.EUR.SP00.A,D,HKD,EUR,SP00,A,2005-08-11,9.6375
EXR.D.HKD.EUR.SP00.A,D,HKD,EUR,SP00,A,2005-08-12,9.6778
EXR.D.HKD.EUR.SP00.A,D,HKD,EUR,SP00,A,2005-08-15,9.6128
EXR.D.HKD.EUR.SP00.A,D,HKD,EUR,SP00,A,2005-08-16,9.5684
EXR.D.HKD.EUR.SP00.A,D,HKD,EUR,SP00,A,2005-08-17,9.5555
EXR.D.HKD.EUR.SP00.A,D,HKD,EUR,SP00,A,2005-08-18,9.4891
EXR.D.HKD.EUR.SP00.A,D,HKD,EUR,SP00,A,2005-08-19,9.4683
EXR.D.HKD.EUR.SP00.A,D,HKD,EUR,SP00,A,2005-08-22,9.505
EXR.D.HKD.EUR.SP00.A,D,HKD,EUR,SP00,A,2005-08-23,9.5095
EXR.D.HKD.EUR.SP00.A,D,HKD,EUR,SP00,A,2005-08-24,9.4925
EXR.D.HKD.EUR.SP00.A,D,HKD,EUR,SP00,A,2005-08-25,9.5376
EXR.D.HKD.EUR.SP00.A,D,HKD,EUR,SP00,A,2005-08-26,9.5617
EXR.D.HKD.EUR.SP00.A,D,HKD,EUR,SP00,A,2005-08-29,9.5481
EXR.D.HKD.EUR.SP00.A,D,HKD,EUR,SP00,A,2005-08-30,9.4658
EXR.D.HKD.EUR.SP00.A,D,HKD,EUR,SP00,A,2005-08-31,9.4811
EXR.D.HKD.EUR.SP00.A,D,HKD,EUR,SP00,A,2005-09-01,9.6263
EXR.D.HKD.EUR.SP00.A,D,HKD,EUR,SP00,A,2005-09-02,9.7415
EXR.D.HKD.EUR.SP00.A,D,HKD,EUR,SP00,A,2005-09-05,9.7386
EXR.D.HKD.EUR.SP00.A,D,HKD,EUR,SP00,A,2005-09-06,9.697
EXR.D.HKD.EUR.SP00.A,D,HKD,EUR,SP00,A,2005-09-07,9.6712
EXR.D.HKD.EUR.SP00.A,D,HKD,EUR,SP00,A,2005-09-08,9.6443
EXR.D.HKD.EUR.SP00.A,D,HKD,EUR,SP00,A,2005-09-09,9.6414
EXR.D.HKD.EUR.SP00.A,D,HKD,EUR,SP00,A,2005-09-12,9.5565
EXR.D.HKD.EUR.SP00.A,D,HKD,EUR,SP00,A,2005-09-13,9.5288
EXR.D.HKD.EUR.SP00.A,D,HKD,EUR,SP00,A,2005-09-14,9.5556
EXR.D.HKD.EUR.SP00.A,D,HKD,EUR,SP00,A,2005-09-15,9.484
EXR.D.HKD.EUR.SP00.A,D,HKD,EUR,SP00,A,2005-09-16,9.5008
EXR.D.HKD.EUR.SP00.A,D,HKD,EUR,SP00,A,2005-09-19,9.4219
EXR.D.HKD.EUR.SP00.A,D,HKD,EUR,SP00,A,2005-09-20,9.4337
EXR.D.HKD.EUR.SP00.A,D,HKD,EUR,SP00,A,2005-09-21,9.4884
EXR.D.HKD.EUR.SP00.A,D,HKD,EUR,SP00,A,2005-09-22,9.4857
EXR.D.HKD.EUR.SP00.A,D,HKD,EUR,SP00,A,2005-09-23,9.4018
EXR.D.HKD.EUR.SP00.A,D,HKD,EUR,SP00,A,2005-09-26,9.333
EXR.D.HKD.EUR.SP00.A,D,HKD,EUR,SP00,A,2005-09-27,9.3129
EXR.D.HKD.EUR.SP00.A,D,HKD,EUR,SP00,A,2005-09-28,9.3397
EXR.D.HKD.EUR.SP00.A,D,HKD,EUR,SP00,A,2005-09-29,9.359
EXR.D.HKD.EUR.SP00.A,D,HKD,EUR,SP00,A,2005-09-30,9.3412
EXR.D.HKD.EUR.SP00.A,D,HKD,EUR,SP00,A,2005-10-03,9.2571
EXR.D.HKD.EUR.SP00.A,D,HKD,EUR,SP00,A,2005-10-04,9.2606
EXR.D.HKD.EUR.SP00.A,D,HKD,EUR,SP00,A,2005-10-05,9.2666
EXR.D.HKD.EUR.SP00.A,D,HKD,EUR,SP00,A,2005-10-06,9.3538
EXR.D.HKD.EUR.SP00.A,D,HKD,EUR,SP00,A,2005-10-07,9.418
EXR.D.HKD.EUR.SP00.A,D,HKD,EUR,SP00,A,2005-10-10,9.378
EXR.D.HKD.EUR.SP00.A,D,HKD,EUR,SP00,A,2005-10-11,9.3258
EXR.D.HKD.EUR.SP00.A,D,HKD,EUR,SP00,A,2005-10-12,9.3167
EXR.D.HKD.EUR.SP00.A,D,HKD,EUR,SP00,A,2005-10-13,9.2936
EXR.D.HKD.EUR.SP00.A,D,HKD,EUR,SP00,A,2005-10-14,9.3077
EXR.D.HKD.EUR.SP00.A,D,HKD,EUR,SP00,A,2005-10-17,9.3259
EXR.D.HKD.EUR.SP00.A,D,HKD,EUR,SP00,A,2005-10-18,9.2618
EXR.D.HKD.EUR.SP00.A,D,HKD,EUR,SP00,A,2005-10-19,9.2722
EXR.D.HKD.EUR.SP00.A,D,HKD,EUR,SP00,A,2005-10-20,9.2745
EXR.D.HKD.EUR.SP00.A,D,HKD,EUR,SP00,A,2005-10-21,9.318
EXR.D.HKD.EUR.SP00.A,D,HKD,EUR,SP00,A,2005-10-24,9.2638
EXR.D.HKD.EUR.SP00.A,D,HKD,EUR,SP00,A,2005-10-25,9.3195
EXR.D.HKD.EUR.SP00.A,D,HKD,EUR,SP00,A,2005-10-26,9.3508
EXR.D.HKD.EUR.SP00.A,D,HKD,EUR,SP00,A,2005-10-27,9.4058
EXR.D.HKD.EUR.SP00.A,D,HKD,EUR,SP00,A,2005-10-28,9.4109
EXR.D.HKD.EUR.SP00.A,D,HKD,EUR,SP00,A,2005-10-31,9.3207
EXR.D.HKD.EUR.SP00.A,D,HKD,EUR,SP00,A,2005-11-01,9.3087
EXR.D.HKD.EUR.SP00.A,D,HKD,EUR,SP00,A,2005-11-02,9.2971
EXR.D.HKD.EUR.SP00.A,D,HKD,EUR,SP00,A,2005-11-03,9.3348
EXR.D.HKD.EUR.SP00.A,D,HKD,EUR,SP00,A,2005-11-04,9.2516
EXR.D.HKD.EUR.SP00.A,D,HKD,EUR,SP00,A,2005-11-07,9.1673
EXR.D.HKD.EUR.SP00.A,D,HKD,EUR,SP00,A,2005-11-08,9.1043
EXR.D.HKD.EUR.SP00.A,D,HKD,EUR,SP00,A,2005-11-09,9.1054
EXR.D.HKD.EUR.SP00.A,D,HKD,EUR,SP00,A,2005-11-10,9.1222
EXR.D.HKD.EUR.SP00.A,D,HKD,EUR,SP00,A,2005-11-11,9.0715
EXR.D.HKD.EUR.SP00.A,D,HKD,EUR,SP00,A,2005-11-14,9.0861
EXR.D.HKD.EUR.SP00.A,D,HKD,EUR,SP00,A,2005-11-15,9.0495
EXR.D.HKD.EUR.SP00.A,D,HKD,EUR,SP00,A,2005-11-16,9.0565
EXR.D.HKD.EUR.SP00.A,D,HKD,EUR,SP00,A,2005-11-17,9.0655
EXR.D.HKD.EUR.SP00.A,D,HKD,EUR,SP00,A,2005-11-18,9.0554
EXR.D.HKD.EUR.SP00.A,D,HKD,EUR,SP00,A,2005-11-21,9.158
EXR.D.HKD.EUR.SP00.A,D,HKD,EUR,SP00,A,2005-11-22,9.0726
EXR.D.HKD.EUR.SP00.A,D,HKD,EUR,SP00,A,2005-11-23,9.1301
EXR.D.HKD.EUR.SP00.A,D,HKD,EUR,SP00,A,2005-11-24,9.1361
EXR.D.HKD.EUR.SP00.A,D,HKD,EUR,SP00,A,2005-11-25,9.1216
EXR.D.HKD.EUR.SP00.A,D,HKD,EUR,SP00,A,2005-11-28,9.0928
EXR.D.HKD.EUR.SP00.A,D,HKD,EUR,SP00,A,2005-11-29,9.1441
EXR.D.HKD.EUR.SP00.A,D,HKD,EUR,SP00,A,2005-11-30,9.1263
EXR.D.HKD.EUR.SP00.A,D,HKD,EUR,SP00,A,2005-12-01,9.1083
EXR.D.HKD.EUR.SP00.A,D,HKD,EUR,SP00,A,2005-12-02,9.0713
EXR.D.HKD.EUR.SP00.A,D,HKD,EUR,SP00,A,2005-12-05,9.1242
EXR.D.HKD.EUR.SP00.A,D,HKD,EUR,SP00,A,2005-12-06,9.1366
EXR.D.HKD.EUR.SP00.A,D,HKD,EUR,SP00,A,2005-12-07,9.0806
EXR.D.HKD.EUR.SP00.A,D,HKD,EUR,SP00,A,2005-12-08,9.122
EXR.D.HKD.EUR.SP00.A,D,HKD,EUR,SP00,A,2005-12-09,9.1384
EXR.D.HKD.EUR.SP00.A,D,HKD,EUR,SP00,A,2005-12-12,9.2469
EXR.D.HKD.EUR.SP00.A,D,HKD,EUR,SP00,A,2005-12-13,9.2461
EXR.D.HKD.EUR.SP00.A,D,HKD,EUR,SP00,A,2005-12-14,9.3196
EXR.D.HKD.EUR.SP00.A,D,HKD,EUR,SP00,A,2005-12-15,9.3024
EXR.D.HKD.EUR.SP00.A,D,HKD,EUR,SP00,A,2005-12-16,9.29
EXR.D.HKD.EUR.SP00.A,D,HKD,EUR,SP00,A,2005-12-19,9.285
EXR.D.HKD.EUR.SP00.A,D,HKD,EUR,SP00,A,2005-12-20,9.2681
EXR.D.HKD.EUR.SP00.A,D,HKD,EUR,SP00,A,2005-12-21,9.2037
EXR.D.HKD.EUR.SP00.A,D,HKD,EUR,SP00,A,2005-12-22,9.1652
EXR.D.HKD.EUR.SP00.A,D,HKD,EUR,SP00,A,2005-12-23,9.1945
EXR.D.HKD.EUR.SP00.A,D,HKD,EUR,SP00,A,2005-12-26,
EXR.D.HKD.EUR.SP00.A,D,HKD,EUR,SP00,A,2005-12-27,9.189
EXR.D.HKD.EUR.SP00.A,D,HKD,EUR,SP00,A,2005-12-28,9.2386
EXR.D.HKD.EUR.SP00.A,D,HKD,EUR,SP00,A,2005-12-29,9.1681
EXR.D.HKD.EUR.SP00.A,D,HKD,EUR,SP00,A,2005-12-30,9.1474
EXR.D.HKD.EUR.SP00.A,D,HKD,EUR,SP00,A,2006-01-02,9.1712
EXR.D.HKD.EUR.SP00.A,D,HKD,EUR,SP00,A,2006-01-03,9.2081
EXR.D.HKD.EUR.SP00.A,D,HKD,EUR,SP00,A,2006-01-04,9.3692
EXR.D.HKD.EUR.SP00.A,D,HKD,EUR,SP00,A,2006-01-05,9.3726
EXR.D.HKD.EUR.SP00.A,D,HKD,EUR,SP00,A,2006-01-06,9.3764
EXR.D.HKD.EUR.SP00.A,D,HKD,EUR,SP00,A,2006-01-09,9.363
EXR.D.HKD.EUR.SP00.A,D,HKD,EUR,SP00,A,2006-01-10,9.3512
EXR.D.HKD.EUR.SP00.A,D,HKD,EUR,SP00,A,2006-01-11,9.3702
EXR.D.HKD.EUR.SP00.A,D,HKD,EUR,SP00,A,2006-01-12,9.389
EXR.D.HKD.EUR.SP00.A,D,HKD,EUR,SP00,A,2006-01-13,9.3316
EXR.D.HKD.EUR.SP00.A,D,HKD,EUR,SP00,A,2006-01-16,9.3912
EXR.D.HKD.EUR.SP00.A,D,HKD,EUR,SP00,A,2006-01-17,9.3631
EXR.D.HKD.EUR.SP00.A,D,HKD,EUR,SP00,A,2006-01-18,9.4018
EXR.D.HKD.EUR.SP00.A,D,HKD,EUR,SP00,A,2006-01-19,9.3615
EXR.D.HKD.EUR.SP00.A,D,HKD,EUR,SP00,A,2006-01-20,9.3595
EXR.D.HKD.EUR.SP00.A,D,HKD,EUR,SP00,A,2006-01-23,9.5207
EXR.D.HKD.EUR.SP00.A,D,HKD,EUR,SP00,A,2006-01-24,9.5175
EXR.D.HKD.EUR.SP00.A,D,HKD,EUR,SP00,A,2006-01-25,9.5362
EXR.D.HKD.EUR.SP00.A,D,HKD,EUR,SP00,A,2006-01-26,9.5043
EXR.D.HKD.EUR.SP00.A,D,HKD,EUR,SP00,A,2006-01-27,9.4409
EXR.D.HKD.EUR.SP00.A,D,HKD,EUR,SP00,A,2006-01-30,9.3726
EXR.D.HKD.EUR.SP00.A,D,HKD,EUR,SP00,A,2006-01-31,9.3995
EXR.D.HKD.EUR.SP00.A,D,HKD,EUR,SP00,A,2006-02-01,9.3813
EXR.D.HKD.EUR.SP00.A,D,HKD,EUR,SP00,A,2006-02-02,9.3604
EXR.D.HKD.EUR.SP00.A,D,HKD,EUR,SP00,A,2006-02-03,9.3565
EXR.D.HKD.EUR.SP00.A,D,HKD,EUR,SP00,A,2006-02-06,9.2952
EXR.D.HKD.EUR.SP00.A,D,HKD,EUR,SP00,A,2006-02-07,9.2899
EXR.D.HKD.EUR.SP00.A,D,HKD,EUR,SP00,A,2006-02-08,9.274
EXR.D.HKD.EUR.SP00.A,D,HKD,EUR,SP00,A,2006-02-09,9.2923
EXR.D.HKD.EUR.SP00.A,D,HKD,EUR,SP00,A,2006-02-10,9.2875
EXR.D.HKD.EUR.SP00.A,D,HKD,EUR,SP00,A,2006-02-13,9.2257
EXR.D.HKD.EUR.SP00.A,D,HKD,EUR,SP00,A,2006-02-14,9.2338
EXR.D.HKD.EUR.SP00.A,D,HKD,EUR,SP00,A,2006-02-15,9.2393
EXR.D.HKD.EUR.SP00.A,D,HKD,EUR,SP00,A,2006-02-16,9.2025
EXR.D.HKD.EUR.SP00.A,D,HKD,EUR,SP00,A,2006-02-17,9.2067
EXR.D.HKD.EUR.SP00.A,D,HKD,EUR,SP00,A,2006-02-20,9.2603
EXR.D.HKD.EUR.SP00.A,D,HKD,EUR,SP00,A,2006-02-21,9.2413
EXR.D.HKD.EUR.SP00.A,D,HKD,EUR,SP00,A,2006-02-22,9.2168
EXR.D.HKD.EUR.SP00.A,D,HKD,EUR,SP00,A,2006-02-23,9.2775
EXR.D.HKD.EUR.SP00.A,D,HKD,EUR,SP00,A,2006-02-24,9.2302
EXR.D.HKD.EUR.SP00.A,D,HKD,EUR,SP00,A,2006-02-27,9.1957
EXR.D.HKD.EUR.SP00.A,D,HKD,EUR,SP00,A,2006-02-28,9.2133
EXR.D.HKD.EUR.SP00.A,D,HKD,EUR,SP00,A,2006-03-01,9.2739
EXR.D.HKD.EUR.SP00.A,D,HKD,EUR,SP00,A,2006-03-02,9.2485
EXR.D.HKD.EUR.SP00.A,D,HKD,EUR,SP00,A,2006-03-03,9.3258
EXR.D.HKD.EUR.SP00.A,D,HKD,EUR,SP00,A,2006-03-06,9.3247
EXR.D.HKD.EUR.SP00.A,D,HKD,EUR,SP00,A,2006-03-07,9.2462
EXR.D.HKD.EUR.SP00.A,D,HKD,EUR,SP00,A,2006-03-08,9.2469
EXR.D.HKD.EUR.SP00.A,D,HKD,EUR,SP00,A,2006-03-09,9.2513
EXR.D.HKD.EUR.SP00.A,D,HKD,EUR,SP00,A,2006-03-10,9.2512
EXR.D.HKD.EUR.SP00.A,D,HKD,EUR,SP00,A,2006-03-13,9.2512
EXR.D.HKD.EUR.SP00.A,D,HKD,EUR,SP00,A,2006-03-14,9.2699
EXR.D.HKD.EUR.SP00.A,D,HKD,EUR,SP00,A,2006-03-15,9.331
EXR.D.HKD.EUR.SP00.A,D,HKD,EUR,SP00,A,2006-03-16,9.3628
EXR.D.HKD.EUR.SP00.A,D,HKD,EUR,SP00,A,2006-03-17,9.4529
EXR.D.HKD.EUR.SP00.A,D,HKD,EUR,SP00,A,2006-03-20,9.4456
EXR.D.HKD.EUR.SP00.A,D,HKD,EUR,SP00,A,2006-03-21,9.4234
EXR.D.HKD.EUR.SP00.A,D,HKD,EUR,SP00,A,2006-03-22,9.3656
EXR.D.HKD.EUR.SP00.A,D,HKD,EUR,SP00,A,2006-03-23,9.354
EXR.D.HKD.EUR.SP00.A,D,HKD,EUR,SP00,A,2006-03-24,9.2875
EXR.D.HKD.EUR.SP00.A,D,HKD,EUR,SP00,A,2006-03-27,9.3312
EXR.D.HKD.EUR.SP00.A,D,HKD,EUR,SP00,A,2006-03-28,9.3768
EXR.D.HKD.EUR.SP00.A,D,HKD,EUR,SP00,A,2006-03-29,9.3218
EXR.D.HKD.EUR.SP00.A,D,HKD,EUR,SP00,A,2006-03-30,9.387
EXR.D.HKD.EUR.SP00.A,D,HKD,EUR,SP00,A,2006-03-31,9.3923
EXR.D.HKD.EUR.SP00.A,D,HKD,EUR,SP00,A,2006-04-03,9.3611
EXR.D.HKD.EUR.SP00.A,D,HKD,EUR,SP00,A,2006-04-04,9.4804
EXR.D.HKD.EUR.SP00.A,D,HKD,EUR,SP00,A,2006-04-05,9.5145
EXR.D.HKD.EUR.SP00.A,D,HKD,EUR,SP00,A,2006-04-06,9.5529
EXR.D.HKD.EUR.SP00.A,D,HKD,EUR,SP00,A,2006-04-07,9.4469
EXR.D.HKD.EUR.SP00.A,D,HKD,EUR,SP00,A,2006-04-10,9.3856
EXR.D.HKD.EUR.SP00.A,D,HKD,EUR,SP00,A,2006-04-11,9.3924
EXR.D.HKD.EUR.SP00.A,D,HKD,EUR,SP00,A,2006-04-12,9.4062
EXR.D.HKD.EUR.SP00.A,D,HKD,EUR,SP00,A,2006-04-13,9.3822
EXR.D.HKD.EUR.SP00.A,D,HKD,EUR,SP00,A,2006-04-14,
EXR.D.HKD.EUR.SP00.A,D,HKD,EUR,SP00,A,2006-04-17,
EXR.D.HKD.EUR.SP00.A,D,HKD,EUR,SP00,A,2006-04-18,9.5029
EXR.D.HKD.EUR.SP00.A,D,HKD,EUR,SP00,A,2006-04-19,9.5736
EXR.D.HKD.EUR.SP00.A,D,HKD,EUR,SP00,A,2006-04-20,9.5742
EXR.D.HKD.EUR.SP00.A,D,HKD,EUR,SP00,A,2006-04-21,9.5502
EXR.D.HKD.EUR.SP00.A,D,HKD,EUR,SP00,A,2006-04-24,9.5872
EXR.D.HKD.EUR.SP00.A,D,HKD,EUR,SP00,A,2006-04-25,9.6338
EXR.D.HKD.EUR.SP00.A,D,HKD,EUR,SP00,A,2006-04-26,9.6355
EXR.D.HKD.EUR.SP00.A,D,HKD,EUR,SP00,A,2006-04-27,9.6267
EXR.D.HKD.EUR.SP00.A,D,HKD,EUR,SP00,A,2006-04-28,9.7204
EXR.D.HKD.EUR.SP00.A,D,HKD,EUR,SP00,A,2006-05-01,
EXR.D.HKD.EUR.SP00.A,D,HKD,EUR,SP00,A,2006-05-02,9.8036
EXR.D.HKD.EUR.SP00.A,D,HKD,EUR,SP00,A,2006-05-03,9.7859
EXR.D.HKD.EUR.SP00.A,D,HKD,EUR,SP00,A,2006-05-04,9.7623
EXR.D.HKD.EUR.SP00.A,D,HKD,EUR,SP00,A,2006-05-05,9.8362
EXR.D.HKD.EUR.SP00.A,D,HKD,EUR,SP00,A,2006-05-08,9.8874
EXR.D.HKD.EUR.SP00.A,D,HKD,EUR,SP00,A,2006-05-09,9.8431
EXR.D.HKD.EUR.SP00.A,D,HKD,EUR,SP00,A,2006-05-10,9.9067
EXR.D.HKD.EUR.SP00.A,D,HKD,EUR,SP00,A,2006-05-11,9.8593
EXR.D.HKD.EUR.SP00.A,D,HKD,EUR,SP00,A,2006-05-12,10.013
EXR.D.HKD.EUR.SP00.A,D,HKD,EUR,SP00,A,2006-05-15,9.9441
EXR.D.HKD.EUR.SP00.A,D,HKD,EUR,SP00,A,2006-05-16,9.9375
EXR.D.HKD.EUR.SP00.A,D,HKD,EUR,SP00,A,2006-05-17,9.9883
EXR.D.HKD.EUR.SP00.A,D,HKD,EUR,SP00,A,2006-05-18,9.9022
EXR.D.HKD.EUR.SP00.A,D,HKD,EUR,SP00,A,2006-05-19,9.9014
EXR.D.HKD.EUR.SP00.A,D,HKD,EUR,SP00,A,2006-05-22,9.8889
EXR.D.HKD.EUR.SP00.A,D,HKD,EUR,SP00,A,2006-05-23,9.9582
EXR.D.HKD.EUR.SP00.A,D,HKD,EUR,SP00,A,2006-05-24,9.9667
EXR.D.HKD.EUR.SP00.A,D,HKD,EUR,SP00,A,2006-05-25,9.8926
EXR.D.HKD.EUR.SP00.A,D,HKD,EUR,SP00,A,2006-05-26,9.9256
EXR.D.HKD.EUR.SP00.A,D,HKD,EUR,SP00,A,2006-05-29,9.8957
EXR.D.HKD.EUR.SP00.A,D,HKD,EUR,SP00,A,2006-05-30,9.96
EXR.D.HKD.EUR.SP00.A,D,HKD,EUR,SP00,A,2006-05-31,9.9826
EXR.D.HKD.EUR.SP00.A,D,HKD,EUR,SP00,A,2006-06-01,9.8803
EXR.D.HKD.EUR.SP00.A,D,HKD,EUR,SP00,A,2006-06-02,9.9424
EXR.D.HKD.EUR.SP00.A,D,HKD,EUR,SP00,A,2006-06-05,10.0536
EXR.D.HKD.EUR.SP00.A,D,HKD,EUR,SP00,A,2006-06-06,9.9689
EXR.D.HKD.EUR.SP00.A,D,HKD,EUR,SP00,A,2006-06-07,9.926
EXR.D.HKD.EUR.SP00.A,D,HKD,EUR,SP00,A,2006-06-08,9.8852
EXR.D.HKD.EUR.SP00.A,D,HKD,EUR,SP00,A,2006-06-09,9.8247
EXR.D.HKD.EUR.SP00.A,D,HKD,EUR,SP00,A,2006-06-12,9.7577
EXR.D.HKD.EUR.SP00.A,D,HKD,EUR,SP00,A,2006-06-13,9.759
EXR.D.HKD.EUR.SP00.A,D,HKD,EUR,SP00,A,2006-06-14,9.7518
EXR.D.HKD.EUR.SP00.A,D,HKD,EUR,SP00,A,2006-06-15,9.7873
EXR.D.HKD.EUR.SP00.A,D,HKD,EUR,SP00,A,2006-06-16,9.8216
EXR.D.HKD.EUR.SP00.A,D,HKD,EUR,SP00,A,2006-06-19,9.7783
EXR.D.HKD.EUR.SP00.A,D,HKD,EUR,SP00,A,2006-06-20,9.7437
EXR.D.HKD.EUR.SP00.A,D,HKD,EUR,SP00,A,2006-06-21,9.8112
EXR.D.HKD.EUR.SP00.A,D,HKD,EUR,SP00,A,2006-06-22,9.7712
EXR.D.HKD.EUR.SP00.A,D,HKD,EUR,SP00,A,2006-06-23,9.7118
EXR.D.HKD.EUR.SP00.A,D,HKD,EUR,SP00,A,2006-06-26,9.7559
EXR.D.HKD.EUR.SP00.A,D,HKD,EUR,SP00,A,2006-06-27,9.7605
EXR.D.HKD.EUR.SP00.A,D,HKD,EUR,SP00,A,2006-06-28,9.7641
EXR.D.HKD.EUR.SP00.A,D,HKD,EUR,SP00,A,2006-06-29,9.7326
EXR.D.HKD.EUR.SP00.A,D,HKD,EUR,SP00,A,2006-06-30,9.8745
EXR.D.HKD.EUR.SP00.A,D,HKD,EUR,SP00,A,2006-07-03,9.9345
EXR.D.HKD.EUR.SP00.A,D,HKD,EUR,SP00,A,2006-07-04,9.936
EXR.D.HKD.EUR.SP00.A,D,HKD,EUR,SP00,A,2006-07-05,9.9425
EXR.D.HKD.EUR.SP00.A,D,HKD,EUR,SP00,A,2006-07-06,9.8961
EXR.D.HKD.EUR.SP00.A,D,HKD,EUR,SP00,A,2006-07-07,9.928
EXR.D.HKD.EUR.SP00.A,D,HKD,EUR,SP00,A,2006-07-10,9.9092
EXR.D.HKD.EUR.SP00.A,D,HKD,EUR,SP00,A,2006-07-11,9.9002
EXR.D.HKD.EUR.SP00.A,D,HKD,EUR,SP00,A,2006-07-12,9.8933
EXR.D.HKD.EUR.SP00.A,D,HKD,EUR,SP00,A,2006-07-13,9.8698
EXR.D.HKD.EUR.SP00.A,D,HKD,EUR,SP00,A,2006-07-14,9.8493
EXR.D.HKD.EUR.SP00.A,D,HKD,EUR,SP00,A,2006-07-17,9.7512
EXR.D.HKD.EUR.SP00.A,D,HKD,EUR,SP00,A,2006-07-18,9.7418
EXR.D.HKD.EUR.SP00.A,D,HKD,EUR,SP00,A,2006-07-19,9.7059
EXR.D.HKD.EUR.SP00.A,D,HKD,EUR,SP00,A,2006-07-20,9.8312
EXR.D.HKD.EUR.SP00.A,D,HKD,EUR,SP00,A,2006-07-21,9.8593
EXR.D.HKD.EUR.SP00.A,D,HKD,EUR,SP00,A,2006-07-24,9.8256
EXR.D.HKD.EUR.SP00.A,D,HKD,EUR,SP00,A,2006-07-25,9.8276
EXR.D.HKD.EUR.SP00.A,D,HKD,EUR,SP00,A,2006-07-26,9.7899
EXR.D.HKD.EUR.SP00.A,D,HKD,EUR,SP00,A,2006-07-27,9.9008
EXR.D.HKD.EUR.SP00.A,D,HKD,EUR,SP00,A,2006-07-28,9.8452
EXR.D.HKD.EUR.SP00.A,D,HKD,EUR,SP00,A,2006-07-31,9.9216
EXR.D.HKD.EUR.SP00.A,D,HKD,EUR,SP00,A,2006-08-01,9.9174
EXR.D.HKD.EUR.SP00.A,D,HKD,EUR,SP00,A,2006-08-02,9.9487
EXR.D.HKD.EUR.SP00.A,D,HKD,EUR,SP00,A,2006-08-03,9.9355
EXR.D.HKD.EUR.SP00.A,D,HKD,EUR,SP00,A,2006-08-04,9.9444
EXR.D.HKD.EUR.SP00.A,D,HKD,EUR,SP00,A,2006-08-07,9.9916
EXR.D.HKD.EUR.SP00.A,D,HKD,EUR,SP00,A,2006-08-08,9.9839
EXR.D.HKD.EUR.SP00.A,D,HKD,EUR,SP00,A,2006-08-09,10.0163
EXR.D.HKD.EUR.SP00.A,D,HKD,EUR,SP00,A,2006-08-10,9.9979
EXR.D.HKD.EUR.SP00.A,D,HKD,EUR,SP00,A,2006-08-11,9.9352
EXR.D.HKD.EUR.SP00.A,D,HKD,EUR,SP00,A,2006-08-14,9.8935
EXR.D.HKD.EUR.SP00.A,D,HKD,EUR,SP00,A,2006-08-15,9.8993
EXR.D.HKD.EUR.SP00.A,D,HKD,EUR,SP00,A,2006-08-16,9.9505
EXR.D.HKD.EUR.SP00.A,D,HKD,EUR,SP00,A,2006-08-17,10.014
EXR.D.HKD.EUR.SP00.A,D,HKD,EUR,SP00,A,2006-08-18,9.9524
EXR.D.HKD.EUR.SP00.A,D,HKD,EUR,SP00,A,2006-08-21,10.0448
EXR.D.HKD.EUR.SP00.A,D,HKD,EUR,SP00,A,2006-08-22,9.9632
EXR.D.HKD.EUR.SP00.A,D,HKD,EUR,SP00,A,2006-08-23,9.9649
EXR.D.HKD.EUR.SP00.A,D,HKD,EUR,SP00,A,2006-08-24,9.9789
EXR.D.HKD.EUR.SP00.A,D,HKD,EUR,SP00,A,2006-08-25,9.928
EXR.D.HKD.EUR.SP00.A,D,HKD,EUR,SP00,A,2006-08-28,9.957
EXR.D.HKD.EUR.SP00.A,D,HKD,EUR,SP00,A,2006-08-29,9.9612
EXR.D.HKD.EUR.SP00.A,D,HKD,EUR,SP00,A,2006-08-30,9.9697
EXR.D.HKD.EUR.SP00.A,D,HKD,EUR,SP00,A,2006-08-31,9.9945
EXR.D.HKD.EUR.SP00.A,D,HKD,EUR,SP00,A,2006-09-01,9.9695
EXR.D.HKD.EUR.SP00.A,D,HKD,EUR,SP00,A,2006-09-04,9.9959
EXR.D.HKD.EUR.SP00.A,D,HKD,EUR,SP00,A,2006-09-05,9.963
EXR.D.HKD.EUR.SP00.A,D,HKD,EUR,SP00,A,2006-09-06,9.9498
EXR.D.HKD.EUR.SP00.A,D,HKD,EUR,SP00,A,2006-09-07,9.9006
EXR.D.HKD.EUR.SP00.A,D,HKD,EUR,SP00,A,2006-09-08,9.8878
EXR.D.HKD.EUR.SP00.A,D,HKD,EUR,SP00,A,2006-09-11,9.8901
EXR.D.HKD.EUR.SP00.A,D,HKD,EUR,SP00,A,2006-09-12,9.8866
EXR.D.HKD.EUR.SP00.A,D,HKD,EUR,SP00,A,2006-09-13,9.8636
EXR.D.HKD.EUR.SP00.A,D,HKD,EUR,SP00,A,2006-09-14,9.9013
EXR.D.HKD.EUR.SP00.A,D,HKD,EUR,SP00,A,2006-09-15,9.8642
EXR.D.HKD.EUR.SP00.A,D,HKD,EUR,SP00,A,2006-09-18,9.8588
EXR.D.HKD.EUR.SP00.A,D,HKD,EUR,SP00,A,2006-09-19,9.8526
EXR.D.HKD.EUR.SP00.A,D,HKD,EUR,SP00,A,2006-09-20,9.8691
EXR.D.HKD.EUR.SP00.A,D,HKD,EUR,SP00,A,2006-09-21,9.9092
EXR.D.HKD.EUR.SP00.A,D,HKD,EUR,SP00,A,2006-09-22,9.9761
EXR.D.HKD.EUR.SP00.A,D,HKD,EUR,SP00,A,2006-09-25,9.939
EXR.D.HKD.EUR.SP00.A,D,HKD,EUR,SP00,A,2006-09-26,9.8852
EXR.D.HKD.EUR.SP00.A,D,HKD,EUR,SP00,A,2006-09-27,9.8784
EXR.D.HKD.EUR.SP00.A,D,HKD,EUR,SP00,A,2006-09-28,9.9027
EXR.D.HKD.EUR.SP00.A,D,HKD,EUR,SP00,A,2006-09-29,9.864
EXR.D.HKD.EUR.SP00.A,D,HKD,EUR,SP00,A,2006-10-02,9.8829
EXR.D.HKD.EUR.SP00.A,D,HKD,EUR,SP00,A,2006-10-03,9.9238
EXR.D.HKD.EUR.SP00.A,D,HKD,EUR,SP00,A,2006-10-04,9.8836
EXR.D.HKD.EUR.SP00.A,D,HKD,EUR,SP00,A,2006-10-05,9.9059
EXR.D.HKD.EUR.SP00.A,D,HKD,EUR,SP00,A,2006-10-06,9.8582
EXR.D.HKD.EUR.SP00.A,D,HKD,EUR,SP00,A,2006-10-09,9.8169
EXR.D.HKD.EUR.SP00.A,D,HKD,EUR,SP00,A,2006-10-10,9.7713
EXR.D.HKD.EUR.SP00.A,D,HKD,EUR,SP00,A,2006-10-11,9.7749
EXR.D.HKD.EUR.SP00.A,D,HKD,EUR,SP00,A,2006-10-12,9.7641
EXR.D.HKD.EUR.SP00.A,D,HKD,EUR,SP00,A,2006-10-13,9.7729
EXR.D.HKD.EUR.SP00.A,D,HKD,EUR,SP00,A,2006-10-16,9.7412
EXR.D.HKD.EUR.SP00.A,D,HKD,EUR,SP00,A,2006-10-17,9.7456
EXR.D.HKD.EUR.SP00.A,D,HKD,EUR,SP00,A,2006-10-18,9.764
EXR.D.HKD.EUR.SP00.A,D,HKD,EUR,SP00,A,2006-10-19,9.7826
EXR.D.HKD.EUR.SP00.A,D,HKD,EUR,SP00,A,2006-10-20,9.8242
EXR.D.HKD.EUR.SP00.A,D,HKD,EUR,SP00,A,2006-10-23,9.7745
EXR.D.HKD.EUR.SP00.A,D,HKD,EUR,SP00,A,2006-10-24,9.7594
EXR.D.HKD.EUR.SP00.A,D,HKD,EUR,SP00,A,2006-10-25,9.7905
EXR.D.HKD.EUR.SP00.A,D,HKD,EUR,SP00,A,2006-10-26,9.8456
EXR.D.HKD.EUR.SP00.A,D,HKD,EUR,SP00,A,2006-10-27,9.8699
EXR.D.HKD.EUR.SP00.A,D,HKD,EUR,SP00,A,2006-10-30,9.8862
EXR.D.HKD.EUR.SP00.A,D,HKD,EUR,SP00,A,2006-10-31,9.8766
EXR.D.HKD.EUR.SP00.A,D,HKD,EUR,SP00,A,2006-11-01,9.9232
EXR.D.HKD.EUR.SP00.A,D,HKD,EUR,SP00,A,2006-11-02,9.9294
EXR.D.HKD.EUR.SP00.A,D,HKD,EUR,SP00,A,2006-11-03,9.9237
EXR.D.HKD.EUR.SP00.A,D,HKD,EUR,SP00,A,2006-11-06,9.8847
EXR.D.HKD.EUR.SP00.A,D,HKD,EUR,SP00,A,2006-11-07,9.9298
EXR.D.HKD.EUR.SP00.A,D,HKD,EUR,SP00,A,2006-11-08,9.9455
EXR.D.HKD.EUR.SP00.A,D,HKD,EUR,SP00,A,2006-11-09,9.9613
EXR.D.HKD.EUR.SP00.A,D,HKD,EUR,SP00,A,2006-11-10,10.0126
EXR.D.HKD.EUR.SP00.A,D,HKD,EUR,SP00,A,2006-11-13,9.9886
EXR.D.HKD.EUR.SP00.A,D,HKD,EUR,SP00,A,2006-11-14,9.9837
EXR.D.HKD.EUR.SP00.A,D,HKD,EUR,SP00,A,2006-11-15,9.9607
EXR.D.HKD.EUR.SP00.A,D,HKD,EUR,SP00,A,2006-11-16,9.9695
EXR.D.HKD.EUR.SP00.A,D,HKD,EUR,SP00,A,2006-11-17,9.9485
EXR.D.HKD.EUR.SP00.A,D,HKD,EUR,SP00,A,2006-11-20,9.9993
EXR.D.HKD.EUR.SP00.A,D,HKD,EUR,SP00,A,2006-11-21,9.9775
EXR.D.HKD.EUR.SP00.A,D,HKD,EUR,SP00,A,2006-11-22,10.0337
EXR.D.HKD.EUR.SP00.A,D,HKD,EUR,SP00,A,2006-11-23,10.0822
EXR.D.HKD.EUR.SP00.A,D,HKD,EUR,SP00,A,2006-11-24,10.1716
EXR.D.HKD.EUR.SP00.A,D,HKD,EUR,SP00,A,2006-11-27,10.1972
EXR.D.HKD.EUR.SP00.A,D,HKD,EUR,SP00,A,2006-11-28,10.2217
EXR.D.HKD.EUR.SP00.A,D,HKD,EUR,SP00,A,2006-11-29,10.2303
EXR.D.HKD.EUR.SP00.A,D,HKD,EUR,SP00,A,2006-11-30,10.2667
EXR.D.HKD.EUR.SP00.A,D,HKD,EUR,SP00,A,2006-12-01,10.2983
EXR.D.HKD.EUR.SP00.A,D,HKD,EUR,SP00,A,2006-12-04,10.3447
EXR.D.HKD.EUR.SP00.A,D,HKD,EUR,SP00,A,2006-12-05,10.3598
EXR.D.HKD.EUR.SP00.A,D,HKD,EUR,SP00,A,2006-12-06,10.3129
EXR.D.HKD.EUR.SP00.A,D,HKD,EUR,SP00,A,2006-12-07,10.3283
EXR.D.HKD.EUR.SP00.A,D,HKD,EUR,SP00,A,2006-12-08,10.3178
EXR.D.HKD.EUR.SP00.A,D,HKD,EUR,SP00,A,2006-12-11,10.2423
EXR.D.HKD.EUR.SP00.A,D,HKD,EUR,SP00,A,2006-12-12,10.2945
EXR.D.HKD.EUR.SP00.A,D,HKD,EUR,SP00,A,2006-12-13,10.3094
EXR.D.HKD.EUR.SP00.A,D,HKD,EUR,SP00,A,2006-12-14,10.2515
EXR.D.HKD.EUR.SP00.A,D,HKD,EUR,SP00,A,2006-12-15,10.1878
EXR.D.HKD.EUR.SP00.A,D,HKD,EUR,SP00,A,2006-12-18,10.18
EXR.D.HKD.EUR.SP00.A,D,HKD,EUR,SP00,A,2006-12-19,10.2299
EXR.D.HKD.EUR.SP00.A,D,HKD,EUR,SP00,A,2006-12-20,10.2651
EXR.D.HKD.EUR.SP00.A,D,HKD,EUR,SP00,A,2006-12-21,10.2456
EXR.D.HKD.EUR.SP00.A,D,HKD,EUR,SP00,A,2006-12-22,10.2589
EXR.D.HKD.EUR.SP00.A,D,HKD,EUR,SP00,A,2006-12-25,
EXR.D.HKD.EUR.SP00.A,D,HKD,EUR,SP00,A,2006-12-26,
EXR.D.HKD.EUR.SP00.A,D,HKD,EUR,SP00,A,2006-12-27,10.2321
EXR.D.HKD.EUR.SP00.A,D,HKD,EUR,SP00,A,2006-12-28,10.2387
EXR.D.HKD.EUR.SP00.A,D,HKD,EUR,SP00,A,2006-12-29,10.2409
EXR.D.HKD.EUR.SP00.A,D,HKD,EUR,SP00,A,2007-01-01,
EXR.D.HKD.EUR.SP00.A,D,HKD,EUR,SP00,A,2007-01-02,10.3273
EXR.D.HKD.EUR.SP00.A,D,HKD,EUR,SP00,A,2007-01-03,10.3022
EXR.D.HKD.EUR.SP00.A,D,HKD,EUR,SP00,A,2007-01-04,10.2081
EXR.D.HKD.EUR.SP00.A,D,HKD,EUR,SP00,A,2007-01-05,10.1914
EXR.D.HKD.EUR.SP00.A,D,HKD,EUR,SP00,A,2007-01-08,10.1364
EXR.D.HKD.EUR.SP00.A,D,HKD,EUR,SP00,A,2007-01-09,10.1496
EXR.D.HKD.EUR.SP00.A,D,HKD,EUR,SP00,A,2007-01-10,10.1277
EXR.D.HKD.EUR.SP00.A,D,HKD,EUR,SP00,A,2007-01-11,10.1248
EXR.D.HKD.EUR.SP00.A,D,HKD,EUR,SP00,A,2007-01-12,10.055
EXR.D.HKD.EUR.SP00.A,D,HKD,EUR,SP00,A,2007-01-15,10.0926
EXR.D.HKD.EUR.SP00.A,D,HKD,EUR,SP00,A,2007-01-16,10.1032
EXR.D.HKD.EUR.SP00.A,D,HKD,EUR,SP00,A,2007-01-17,10.0737
EXR.D.HKD.EUR.SP00.A,D,HKD,EUR,SP00,A,2007-01-18,10.0913
EXR.D.HKD.EUR.SP00.A,D,HKD,EUR,SP00,A,2007-01-19,10.1217
EXR.D.HKD.EUR.SP00.A,D,HKD,EUR,SP00,A,2007-01-22,10.0925
EXR.D.HKD.EUR.SP00.A,D,HKD,EUR,SP00,A,2007-01-23,10.1689
EXR.D.HKD.EUR.SP00.A,D,HKD,EUR,SP00,A,2007-01-24,10.148
EXR.D.HKD.EUR.SP00.A,D,HKD,EUR,SP00,A,2007-01-25,10.1308
EXR.D.HKD.EUR.SP00.A,D,HKD,EUR,SP00,A,2007-01-26,10.0745
EXR.D.HKD.EUR.SP00.A,D,HKD,EUR,SP00,A,2007-01-29,10.0929
EXR.D.HKD.EUR.SP00.A,D,HKD,EUR,SP00,A,2007-01-30,10.1311
EXR.D.HKD.EUR.SP00.A,D,HKD,EUR,SP00,A,2007-01-31,10.1132
EXR.D.HKD.EUR.SP00.A,D,HKD,EUR,SP00,A,2007-02-01,10.1609
EXR.D.HKD.EUR.SP00.A,D,HKD,EUR,SP00,A,2007-02-02,10.1646
EXR.D.HKD.EUR.SP00.A,D,HKD,EUR,SP00,A,2007-02-05,10.0924
EXR.D.HKD.EUR.SP00.A,D,HKD,EUR,SP00,A,2007-02-06,10.1163
EXR.D.HKD.EUR.SP00.A,D,HKD,EUR,SP00,A,2007-02-07,10.1459
EXR.D.HKD.EUR.SP00.A,D,HKD,EUR,SP00,A,2007-02-08,10.1533
EXR.D.HKD.EUR.SP00.A,D,HKD,EUR,SP00,A,2007-02-09,10.1642
EXR.D.HKD.EUR.SP00.A,D,HKD,EUR,SP00,A,2007-02-12,10.1234
EXR.D.HKD.EUR.SP00.A,D,HKD,EUR,SP00,A,2007-02-13,10.1756
EXR.D.HKD.EUR.SP00.A,D,HKD,EUR,SP00,A,2007-02-14,10.2213
EXR.D.HKD.EUR.SP00.A,D,HKD,EUR,SP00,A,2007-02-15,10.2591
EXR.D.HKD.EUR.SP00.A,D,HKD,EUR,SP00,A,2007-02-16,10.2506
EXR.D.HKD.EUR.SP00.A,D,HKD,EUR,SP00,A,2007-02-19,10.2598
EXR.D.HKD.EUR.SP00.A,D,HKD,EUR,SP00,A,2007-02-20,10.2708
EXR.D.HKD.EUR.SP00.A,D,HKD,EUR,SP00,A,2007-02-21,10.2709
EXR.D.HKD.EUR.SP00.A,D,HKD,EUR,SP00,A,2007-02-22,10.2376
EXR.D.HKD.EUR.SP00.A,D,HKD,EUR,SP00,A,2007-02-23,10.257
EXR.D.HKD.EUR.SP00.A,D,HKD,EUR,SP00,A,2007-02-26,10.278
EXR.D.HKD.EUR.SP00.A,D,HKD,EUR,SP00,A,2007-02-27,10.3384
EXR.D.HKD.EUR.SP00.A,D,HKD,EUR,SP00,A,2007-02-28,10.3197
EXR.D.HKD.EUR.SP00.A,D,HKD,EUR,SP00,A,2007-03-01,10.3312
EXR.D.HKD.EUR.SP00.A,D,HKD,EUR,SP00,A,2007-03-02,10.285
EXR.D.HKD.EUR.SP00.A,D,HKD,EUR,SP00,A,2007-03-05,10.2237
EXR.D.HKD.EUR.SP00.A,D,HKD,EUR,SP00,A,2007-03-06,10.2372
EXR.D.HKD.EUR.SP00.A,D,HKD,EUR,SP00,A,2007-03-07,10.2679
EXR.D.HKD.EUR.SP00.A,D,HKD,EUR,SP00,A,2007-03-08,10.2793
EXR.D.HKD.EUR.SP00.A,D,HKD,EUR,SP00,A,2007-03-09,10.2799
EXR.D.HKD.EUR.SP00.A,D,HKD,EUR,SP00,A,2007-03-12,10.2812
EXR.D.HKD.EUR.SP00.A,D,HKD,EUR,SP00,A,2007-03-13,10.3299
EXR.D.HKD.EUR.SP00.A,D,HKD,EUR,SP00,A,2007-03-14,10.3026
EXR.D.HKD.EUR.SP00.A,D,HKD,EUR,SP00,A,2007-03-15,10.3323
EXR.D.HKD.EUR.SP00.A,D,HKD,EUR,SP00,A,2007-03-16,10.4082
EXR.D.HKD.EUR.SP00.A,D,HKD,EUR,SP00,A,2007-03-19,10.3935
EXR.D.HKD.EUR.SP00.A,D,HKD,EUR,SP00,A,2007-03-20,10.3875
EXR.D.HKD.EUR.SP00.A,D,HKD,EUR,SP00,A,2007-03-21,10.3828
EXR.D.HKD.EUR.SP00.A,D,HKD,EUR,SP00,A,2007-03-22,10.4265
EXR.D.HKD.EUR.SP00.A,D,HKD,EUR,SP00,A,2007-03-23,10.4103
EXR.D.HKD.EUR.SP00.A,D,HKD,EUR,SP00,A,2007-03-26,10.3649
EXR.D.HKD.EUR.SP00.A,D,HKD,EUR,SP00,A,2007-03-27,10.4288
EXR.D.HKD.EUR.SP00.A,D,HKD,EUR,SP00,A,2007-03-28,10.4293
EXR.D.HKD.EUR.SP00.A,D,HKD,EUR,SP00,A,2007-03-29,10.4322
EXR.D.HKD.EUR.SP00.A,D,HKD,EUR,SP00,A,2007-03-30,10.407
EXR.D.HKD.EUR.SP00.A,D,HKD,EUR,SP00,A,2007-04-02,10.4462
EXR.D.HKD.EUR.SP00.A,D,HKD,EUR,SP00,A,2007-04-03,10.4392
EXR.D.HKD.EUR.SP00.A,D,HKD,EUR,SP00,A,2007-04-04,10.4358
EXR.D.HKD.EUR.SP00.A,D,HKD,EUR,SP00,A,2007-04-05,10.4525
EXR.D.HKD.EUR.SP00.A,D,HKD,EUR,SP00,A,2007-04-06,
EXR.D.HKD.EUR.SP00.A,D,HKD,EUR,SP00,A,2007-04-09,
EXR.D.HKD.EUR.SP00.A,D,HKD,EUR,SP00,A,2007-04-10,10.4902
EXR.D.HKD.EUR.SP00.A,D,HKD,EUR,SP00,A,2007-04-11,10.4843
EXR.D.HKD.EUR.SP00.A,D,HKD,EUR,SP00,A,2007-04-12,10.5244
EXR.D.HKD.EUR.SP00.A,D,HKD,EUR,SP00,A,2007-04-13,10.5734
EXR.D.HKD.EUR.SP00.A,D,HKD,EUR,SP00,A,2007-04-16,10.5866
EXR.D.HKD.EUR.SP00.A,D,HKD,EUR,SP00,A,2007-04-17,10.5845
EXR.D.HKD.EUR.SP00.A,D,HKD,EUR,SP00,A,2007-04-18,10.6045
EXR.D.HKD.EUR.SP00.A,D,HKD,EUR,SP00,A,2007-04-19,10.6268
EXR.D.HKD.EUR.SP00.A,D,HKD,EUR,SP00,A,2007-04-20,10.6319
EXR.D.HKD.EUR.SP00.A,D,HKD,EUR,SP00,A,2007-04-23,10.5946
EXR.D.HKD.EUR.SP00.A,D,HKD,EUR,SP00,A,2007-04-24,10.6154
EXR.D.HKD.EUR.SP00.A,D,HKD,EUR,SP00,A,2007-04-25,10.6702
EXR.D.HKD.EUR.SP00.A,D,HKD,EUR,SP00,A,2007-04-26,10.6343
EXR.D.HKD.EUR.SP00.A,D,HKD,EUR,SP00,A,2007-04-27,10.6701
EXR.D.HKD.EUR.SP00.A,D,HKD,EUR,SP00,A,2007-04-30,10.6396
EXR.D.HKD.EUR.SP00.A,D,HKD,EUR,SP00,A,2007-05-01,
EXR.D.HKD.EUR.SP00.A,D,HKD,EUR,SP00,A,2007-05-02,10.626
EXR.D.HKD.EUR.SP00.A,D,HKD,EUR,SP00,A,2007-05-03,10.6469
EXR.D.HKD.EUR.SP00.A,D,HKD,EUR,SP00,A,2007-05-04,10.6066
EXR.D.HKD.EUR.SP00.A,D,HKD,EUR,SP00,A,2007-05-07,10.6428
EXR.D.HKD.EUR.SP00.A,D,HKD,EUR,SP00,A,2007-05-08,10.6018
EXR.D.HKD.EUR.SP00.A,D,HKD,EUR,SP00,A,2007-05-09,10.5829
EXR.D.HKD.EUR.SP00.A,D,HKD,EUR,SP00,A,2007-05-10,10.5791
EXR.D.HKD.EUR.SP00.A,D,HKD,EUR,SP00,A,2007-05-11,10.546
EXR.D.HKD.EUR.SP00.A,D,HKD,EUR,SP00,A,2007-05-14,10.5852
EXR.D.HKD.EUR.SP00.A,D,HKD,EUR,SP00,A,2007-05-15,10.5792
EXR.D.HKD.EUR.SP00.A,D,HKD,EUR,SP00,A,2007-05-16,10.6122
EXR.D.HKD.EUR.SP00.A,D,HKD,EUR,SP00,A,2007-05-17,10.5698
EXR.D.HKD.EUR.SP00.A,D,HKD,EUR,SP00,A,2007-05-18,10.5405
EXR.D.HKD.EUR.SP00.A,D,HKD,EUR,SP00,A,2007-05-21,10.5149
EXR.D.HKD.EUR.SP00.A,D,HKD,EUR,SP00,A,2007-05-22,10.5264
EXR.D.HKD.EUR.SP00.A,D,HKD,EUR,SP00,A,2007-05-23,10.5545
EXR.D.HKD.EUR.SP00.A,D,HKD,EUR,SP00,A,2007-05-24,10.5208
EXR.D.HKD.EUR.SP00.A,D,HKD,EUR,SP00,A,2007-05-25,10.5146
EXR.D.HKD.EUR.SP00.A,D,HKD,EUR,SP00,A,2007-05-28,10.52
EXR.D.HKD.EUR.SP00.A,D,HKD,EUR,SP00,A,2007-05-29,10.5625
EXR.D.HKD.EUR.SP00.A,D,HKD,EUR,SP00,A,2007-05-30,10.4739
EXR.D.HKD.EUR.SP00.A,D,HKD,EUR,SP00,A,2007-05-31,10.5055
EXR.D.HKD.EUR.SP00.A,D,HKD,EUR,SP00,A,2007-06-01,10.4926
EXR.D.HKD.EUR.SP00.A,D,HKD,EUR,SP00,A,2007-06-04,10.5223
EXR.D.HKD.EUR.SP00.A,D,HKD,EUR,SP00,A,2007-06-05,10.5654
EXR.D.HKD.EUR.SP00.A,D,HKD,EUR,SP00,A,2007-06-06,10.5558
EXR.D.HKD.EUR.SP00.A,D,HKD,EUR,SP00,A,2007-06-07,10.5256
EXR.D.HKD.EUR.SP00.A,D,HKD,EUR,SP00,A,2007-06-08,10.4327
EXR.D.HKD.EUR.SP00.A,D,HKD,EUR,SP00,A,2007-06-11,10.4352
EXR.D.HKD.EUR.SP00.A,D,HKD,EUR,SP00,A,2007-06-12,10.4304
EXR.D.HKD.EUR.SP00.A,D,HKD,EUR,SP00,A,2007-06-13,10.3829
EXR.D.HKD.EUR.SP00.A,D,HKD,EUR,SP00,A,2007-06-14,10.3998
EXR.D.HKD.EUR.SP00.A,D,HKD,EUR,SP00,A,2007-06-15,10.4103
EXR.D.HKD.EUR.SP00.A,D,HKD,EUR,SP00,A,2007-06-18,10.4793
EXR.D.HKD.EUR.SP00.A,D,HKD,EUR,SP00,A,2007-06-19,10.4788
EXR.D.HKD.EUR.SP00.A,D,HKD,EUR,SP00,A,2007-06-20,10.4923
EXR.D.HKD.EUR.SP00.A,D,HKD,EUR,SP00,A,2007-06-21,10.4657
EXR.D.HKD.EUR.SP00.A,D,HKD,EUR,SP00,A,2007-06-22,10.5044
EXR.D.HKD.EUR.SP00.A,D,HKD,EUR,SP00,A,2007-06-25,10.517
EXR.D.HKD.EUR.SP00.A,D,HKD,EUR,SP00,A,2007-06-26,10.5164
EXR.D.HKD.EUR.SP00.A,D,HKD,EUR,SP00,A,2007-06-27,10.5025
EXR.D.HKD.EUR.SP00.A,D,HKD,EUR,SP00,A,2007-06-28,10.5264
EXR.D.HKD.EUR.SP00.A,D,HKD,EUR,SP00,A,2007-06-29,10.5569
EXR.D.HKD.EUR.SP00.A,D,HKD,EUR,SP00,A,2007-07-02,10.6216
EXR.D.HKD.EUR.SP00.A,D,HKD,EUR,SP00,A,2007-07-03,10.6265
EXR.D.HKD.EUR.SP00.A,D,HKD,EUR,SP00,A,2007-07-04,10.6393
EXR.D.HKD.EUR.SP00.A,D,HKD,EUR,SP00,A,2007-07-05,10.6603
EXR.D.HKD.EUR.SP00.A,D,HKD,EUR,SP00,A,2007-07-06,10.6293
EXR.D.HKD.EUR.SP00.A,D,HKD,EUR,SP00,A,2007-07-09,10.6476
EXR.D.HKD.EUR.SP00.A,D,HKD,EUR,SP00,A,2007-07-10,10.6823
EXR.D.HKD.EUR.SP00.A,D,HKD,EUR,SP00,A,2007-07-11,10.7501
EXR.D.HKD.EUR.SP00.A,D,HKD,EUR,SP00,A,2007-07-12,10.7771
EXR.D.HKD.EUR.SP00.A,D,HKD,EUR,SP00,A,2007-07-13,10.7756
EXR.D.HKD.EUR.SP00.A,D,HKD,EUR,SP00,A,2007-07-16,10.7765
EXR.D.HKD.EUR.SP00.A,D,HKD,EUR,SP00,A,2007-07-17,10.7682
EXR.D.HKD.EUR.SP00.A,D,HKD,EUR,SP00,A,2007-07-18,10.7766
EXR.D.HKD.EUR.SP00.A,D,HKD,EUR,SP00,A,2007-07-19,10.808
EXR.D.HKD.EUR.SP00.A,D,HKD,EUR,SP00,A,2007-07-20,10.7946
EXR.D.HKD.EUR.SP00.A,D,HKD,EUR,SP00,A,2007-07-23,10.8096
EXR.D.HKD.EUR.SP00.A,D,HKD,EUR,SP00,A,2007-07-24,10.8187
EXR.D.HKD.EUR.SP00.A,D,HKD,EUR,SP00,A,2007-07-25,10.7522
EXR.D.HKD.EUR.SP00.A,D,HKD,EUR,SP00,A,2007-07-26,10.7372
EXR.D.HKD.EUR.SP00.A,D,HKD,EUR,SP00,A,2007-07-27,10.6792
EXR.D.HKD.EUR.SP00.A,D,HKD,EUR,SP00,A,2007-07-30,10.6881
EXR.D.HKD.EUR.SP00.A,D,HKD,EUR,SP00,A,2007-07-31,10.7258
EXR.D.HKD.EUR.SP00.A,D,HKD,EUR,SP00,A,2007-08-01,10.6975
EXR.D.HKD.EUR.SP00.A,D,HKD,EUR,SP00,A,2007-08-02,10.6979
EXR.D.HKD.EUR.SP00.A,D,HKD,EUR,SP00,A,2007-08-03,10.7212
EXR.D.HKD.EUR.SP00.A,D,HKD,EUR,SP00,A,2007-08-06,10.8183
EXR.D.HKD.EUR.SP00.A,D,HKD,EUR,SP00,A,2007-08-07,10.7997
EXR.D.HKD.EUR.SP00.A,D,HKD,EUR,SP00,A,2007-08-08,10.7993
EXR.D.HKD.EUR.SP00.A,D,HKD,EUR,SP00,A,2007-08-09,10.7406
EXR.D.HKD.EUR.SP00.A,D,HKD,EUR,SP00,A,2007-08-10,10.6734
EXR.D.HKD.EUR.SP00.A,D,HKD,EUR,SP00,A,2007-08-13,10.6791
EXR.D.HKD.EUR.SP00.A,D,HKD,EUR,SP00,A,2007-08-14,10.6306
EXR.D.HKD.EUR.SP00.A,D,HKD,EUR,SP00,A,2007-08-15,10.535
EXR.D.HKD.EUR.SP00.A,D,HKD,EUR,SP00,A,2007-08-16,10.4786
EXR.D.HKD.EUR.SP00.A,D,HKD,EUR,SP00,A,2007-08-17,10.5081
EXR.D.HKD.EUR.SP00.A,D,HKD,EUR,SP00,A,2007-08-20,10.5331
EXR.D.HKD.EUR.SP00.A,D,HKD,EUR,SP00,A,2007-08-21,10.5518
EXR.D.HKD.EUR.SP00.A,D,HKD,EUR,SP00,A,2007-08-22,10.5339
EXR.D.HKD.EUR.SP00.A,D,HKD,EUR,SP00,A,2007-08-23,10.6061
EXR.D.HKD.EUR.SP00.A,D,HKD,EUR,SP00,A,2007-08-24,10.6228
EXR.D.HKD.EUR.SP00.A,D,HKD,EUR,SP00,A,2007-08-27,10.6602
EXR.D.HKD.EUR.SP00.A,D,HKD,EUR,SP00,A,2007-08-28,10.6584
EXR.D.HKD.EUR.SP00.A,D,HKD,EUR,SP00,A,2007-08-29,10.6331
EXR.D.HKD.EUR.SP00.A,D,HKD,EUR,SP00,A,2007-08-30,10.6142
EXR.D.HKD.EUR.SP00.A,D,HKD,EUR,SP00,A,2007-08-31,10.6866
EXR.D.HKD.EUR.SP00.A,D,HKD,EUR,SP00,A,2007-09-03,10.6254
EXR.D.HKD.EUR.SP00.A,D,HKD,EUR,SP00,A,2007-09-04,10.5866
EXR.D.HKD.EUR.SP00.A,D,HKD,EUR,SP00,A,2007-09-05,10.5897
EXR.D.HKD.EUR.SP00.A,D,HKD,EUR,SP00,A,2007-09-06,10.6491
EXR.D.HKD.EUR.SP00.A,D,HKD,EUR,SP00,A,2007-09-07,10.6646
EXR.D.HKD.EUR.SP00.A,D,HKD,EUR,SP00,A,2007-09-10,10.7331
EXR.D.HKD.EUR.SP00.A,D,HKD,EUR,SP00,A,2007-09-11,10.761
EXR.D.HKD.EUR.SP00.A,D,HKD,EUR,SP00,A,2007-09-12,10.8141
EXR.D.HKD.EUR.SP00.A,D,HKD,EUR,SP00,A,2007-09-13,10.8256
EXR.D.HKD.EUR.SP00.A,D,HKD,EUR,SP00,A,2007-09-14,10.7951
EXR.D.HKD.EUR.SP00.A,D,HKD,EUR,SP00,A,2007-09-17,10.8081
EXR.D.HKD.EUR.SP00.A,D,HKD,EUR,SP00,A,2007-09-18,10.7992
EXR.D.HKD.EUR.SP00.A,D,HKD,EUR,SP00,A,2007-09-19,10.8835
EXR.D.HKD.EUR.SP00.A,D,HKD,EUR,SP00,A,2007-09-20,10.9202
EXR.D.HKD.EUR.SP00.A,D,HKD,EUR,SP00,A,2007-09-21,10.9352
EXR.D.HKD.EUR.SP00.A,D,HKD,EUR,SP00,A,2007-09-24,10.9754
EXR.D.HKD.EUR.SP00.A,D,HKD,EUR,SP00,A,2007-09-25,10.9567
EXR.D.HKD.EUR.SP00.A,D,HKD,EUR,SP00,A,2007-09-26,10.973
EXR.D.HKD.EUR.SP00.A,D,HKD,EUR,SP00,A,2007-09-27,11.0011
EXR.D.HKD.EUR.SP00.A,D,HKD,EUR,SP00,A,2007-09-28,11.0055
EXR.D.HKD.EUR.SP00.A,D,HKD,EUR,SP00,A,2007-10-01,11.0576
EXR.D.HKD.EUR.SP00.A,D,HKD,EUR,SP00,A,2007-10-02,10.9953
EXR.D.HKD.EUR.SP00.A,D,HKD,EUR,SP00,A,2007-10-03,11.0115
EXR.D.HKD.EUR.SP00.A,D,HKD,EUR,SP00,A,2007-10-04,10.9436
EXR.D.HKD.EUR.SP00.A,D,HKD,EUR,SP00,A,2007-10-05,10.9643
EXR.D.HKD.EUR.SP00.A,D,HKD,EUR,SP00,A,2007-10-08,10.9316
EXR.D.HKD.EUR.SP00.A,D,HKD,EUR,SP00,A,2007-10-09,10.892
EXR.D.HKD.EUR.SP00.A,D,HKD,EUR,SP00,A,2007-10-10,10.9729
EXR.D.HKD.EUR.SP00.A,D,HKD,EUR,SP00,A,2007-10-11,11.0099
EXR.D.HKD.EUR.SP00.A,D,HKD,EUR,SP00,A,2007-10-12,10.9888
EXR.D.HKD.EUR.SP00.A,D,HKD,EUR,SP00,A,2007-10-15,11.0284
EXR.D.HKD.EUR.SP00.A,D,HKD,EUR,SP00,A,2007-10-16,10.9724
EXR.D.HKD.EUR.SP00.A,D,HKD,EUR,SP00,A,2007-10-17,11.0099
EXR.D.HKD.EUR.SP00.A,D,HKD,EUR,SP00,A,2007-10-18,11.0833
EXR.D.HKD.EUR.SP00.A,D,HKD,EUR,SP00,A,2007-10-19,11.0747
EXR.D.HKD.EUR.SP00.A,D,HKD,EUR,SP00,A,2007-10-22,10.9798
EXR.D.HKD.EUR.SP00.A,D,HKD,EUR,SP00,A,2007-10-23,11.0482
EXR.D.HKD.EUR.SP00.A,D,HKD,EUR,SP00,A,2007-10-24,11.0306
EXR.D.HKD.EUR.SP00.A,D,HKD,EUR,SP00,A,2007-10-25,11.0912
EXR.D.HKD.EUR.SP00.A,D,HKD,EUR,SP00,A,2007-10-26,11.1488
EXR.D.HKD.EUR.SP00.A,D,HKD,EUR,SP00,A,2007-10-29,11.1544
EXR.D.HKD.EUR.SP00.A,D,HKD,EUR,SP00,A,2007-10-30,11.1659
EXR.D.HKD.EUR.SP00.A,D,HKD,EUR,SP00,A,2007-10-31,11.1966
EXR.D.HKD.EUR.SP00.A,D,HKD,EUR,SP00,A,2007-11-01,11.1886
EXR.D.HKD.EUR.SP00.A,D,HKD,EUR,SP00,A,2007-11-02,11.2334
EXR.D.HKD.EUR.SP00.A,D,HKD,EUR,SP00,A,2007-11-05,11.2492
EXR.D.HKD.EUR.SP00.A,D,HKD,EUR,SP00,A,2007-11-06,11.2932
EXR.D.HKD.EUR.SP00.A,D,HKD,EUR,SP00,A,2007-11-07,11.4372
EXR.D.HKD.EUR.SP00.A,D,HKD,EUR,SP00,A,2007-11-08,11.3896
EXR.D.HKD.EUR.SP00.A,D,HKD,EUR,SP00,A,2007-11-09,11.4198
EXR.D.HKD.EUR.SP00.A,D,HKD,EUR,SP00,A,2007-11-12,11.3519
EXR.D.HKD.EUR.SP00.A,D,HKD,EUR,SP00,A,2007-11-13,11.3708
EXR.D.HKD.EUR.SP00.A,D,HKD,EUR,SP00,A,2007-11-14,11.4501
EXR.D.HKD.EUR.SP00.A,D,HKD,EUR,SP00,A,2007-11-15,11.3961
EXR.D.HKD.EUR.SP00.A,D,HKD,EUR,SP00,A,2007-11-16,11.4076
EXR.D.HKD.EUR.SP00.A,D,HKD,EUR,SP00,A,2007-11-19,11.4079
EXR.D.HKD.EUR.SP00.A,D,HKD,EUR,SP00,A,2007-11-20,11.5063
EXR.D.HKD.EUR.SP00.A,D,HKD,EUR,SP00,A,2007-11-21,11.525
EXR.D.HKD.EUR.SP00.A,D,HKD,EUR,SP00,A,2007-11-22,11.5358
EXR.D.HKD.EUR.SP00.A,D,HKD,EUR,SP00,A,2007-11-23,11.5195
EXR.D.HKD.EUR.SP00.A,D,HKD,EUR,SP00,A,2007-11-26,11.5477
EXR.D.HKD.EUR.SP00.A,D,HKD,EUR,SP00,A,2007-11-27,11.5781
EXR.D.HKD.EUR.SP00.A,D,HKD,EUR,SP00,A,2007-11-28,11.4817
EXR.D.HKD.EUR.SP00.A,D,HKD,EUR,SP00,A,2007-11-29,11.4784
EXR.D.HKD.EUR.SP00.A,D,HKD,EUR,SP00,A,2007-11-30,11.4954
EXR.D.HKD.EUR.SP00.A,D,HKD,EUR,SP00,A,2007-12-03,11.4233
EXR.D.HKD.EUR.SP00.A,D,HKD,EUR,SP00,A,2007-12-04,11.4831
EXR.D.HKD.EUR.SP00.A,D,HKD,EUR,SP00,A,2007-12-05,11.4751
EXR.D.HKD.EUR.SP00.A,D,HKD,EUR,SP00,A,2007-12-06,11.346
EXR.D.HKD.EUR.SP00.A,D,HKD,EUR,SP00,A,2007-12-07,11.4201
EXR.D.HKD.EUR.SP00.A,D,HKD,EUR,SP00,A,2007-12-10,11.4755
EXR.D.HKD.EUR.SP00.A,D,HKD,EUR,SP00,A,2007-12-11,11.4415
EXR.D.HKD.EUR.SP00.A,D,HKD,EUR,SP00,A,2007-12-12,11.4436
EXR.D.HKD.EUR.SP00.A,D,HKD,EUR,SP00,A,2007-12-13,11.4481
EXR.D.HKD.EUR.SP00.A,D,HKD,EUR,SP00,A,2007-12-14,11.3143
EXR.D.HKD.EUR.SP00.A,D,HKD,EUR,SP00,A,2007-12-17,11.2237
EXR.D.HKD.EUR.SP00.A,D,HKD,EUR,SP00,A,2007-12-18,11.2456
EXR.D.HKD.EUR.SP00.A,D,HKD,EUR,SP00,A,2007-12-19,11.2227
EXR.D.HKD.EUR.SP00.A,D,HKD,EUR,SP00,A,2007-12-20,11.195
EXR.D.HKD.EUR.SP00.A,D,HKD,EUR,SP00,A,2007-12-21,11.2184
EXR.D.HKD.EUR.SP00.A,D,HKD,EUR,SP00,A,2007-12-24,11.2367
EXR.D.HKD.EUR.SP00.A,D,HKD,EUR,SP00,A,2007-12-25,
EXR.D.HKD.EUR.SP00.A,D,HKD,EUR,SP00,A,2007-12-26,
EXR.D.HKD.EUR.SP00.A,D,HKD,EUR,SP00,A,2007-12-27,11.3219
EXR.D.HKD.EUR.SP00.A,D,HKD,EUR,SP00,A,2007-12-28,11.462
EXR.D.HKD.EUR.SP00.A,D,HKD,EUR,SP00,A,2007-12-31,11.48
EXR.D.HKD.EUR.SP00.A,D,HKD,EUR,SP00,A,2008-01-01,
EXR.D.HKD.EUR.SP00.A,D,HKD,EUR,SP00,A,2008-01-02,11.4731
EXR.D.HKD.EUR.SP00.A,D,HKD,EUR,SP00,A,2008-01-03,11.5122
EXR.D.HKD.EUR.SP00.A,D,HKD,EUR,SP00,A,2008-01-04,11.4874
EXR.D.HKD.EUR.SP00.A,D,HKD,EUR,SP00,A,2008-01-07,11.4862
EXR.D.HKD.EUR.SP00.A,D,HKD,EUR,SP00,A,2008-01-08,11.4727
EXR.D.HKD.EUR.SP00.A,D,HKD,EUR,SP00,A,2008-01-09,11.4587
EXR.D.HKD.EUR.SP00.A,D,HKD,EUR,SP00,A,2008-01-10,11.4429
EXR.D.HKD.EUR.SP00.A,D,HKD,EUR,SP00,A,2008-01-11,11.5417
EXR.D.HKD.EUR.SP00.A,D,HKD,EUR,SP00,A,2008-01-14,11.6218
EXR.D.HKD.EUR.SP00.A,D,HKD,EUR,SP00,A,2008-01-15,11.6071
EXR.D.HKD.EUR.SP00.A,D,HKD,EUR,SP00,A,2008-01-16,11.5344
EXR.D.HKD.EUR.SP00.A,D,HKD,EUR,SP00,A,2008-01-17,11.4642
EXR.D.HKD.EUR.SP00.A,D,HKD,EUR,SP00,A,2008-01-18,11.455
EXR.D.HKD.EUR.SP00.A,D,HKD,EUR,SP00,A,2008-01-21,11.3128
EXR.D.HKD.EUR.SP00.A,D,HKD,EUR,SP00,A,2008-01-22,11.3186
EXR.D.HKD.EUR.SP00.A,D,HKD,EUR,SP00,A,2008-01-23,11.3782
EXR.D.HKD.EUR.SP00.A,D,HKD,EUR,SP00,A,2008-01-24,11.447
EXR.D.HKD.EUR.SP00.A,D,HKD,EUR,SP00,A,2008-01-25,11.4861
EXR.D.HKD.EUR.SP00.A,D,HKD,EUR,SP00,A,2008-01-28,11.5179
EXR.D.HKD.EUR.SP00.A,D,HKD,EUR,SP00,A,2008-01-29,11.5299
EXR.D.HKD.EUR.SP00.A,D,HKD,EUR,SP00,A,2008-01-30,11.5551
EXR.D.HKD.EUR.SP00.A,D,HKD,EUR,SP00,A,2008-01-31,11.5951
EXR.D.HKD.EUR.SP00.A,D,HKD,EUR,SP00,A,2008-02-01,11.6086
EXR.D.HKD.EUR.SP00.A,D,HKD,EUR,SP00,A,2008-02-04,11.568
EXR.D.HKD.EUR.SP00.A,D,HKD,EUR,SP00,A,2008-02-05,11.4555
EXR.D.HKD.EUR.SP00.A,D,HKD,EUR,SP00,A,2008-02-06,11.4044
EXR.D.HKD.EUR.SP00.A,D,HKD,EUR,SP00,A,2008-02-07,11.369
EXR.D.HKD.EUR.SP00.A,D,HKD,EUR,SP00,A,2008-02-08,11.322
EXR.D.HKD.EUR.SP00.A,D,HKD,EUR,SP00,A,2008-02-11,11.3376
EXR.D.HKD.EUR.SP00.A,D,HKD,EUR,SP00,A,2008-02-12,11.3363
EXR.D.HKD.EUR.SP00.A,D,HKD,EUR,SP00,A,2008-02-13,11.3782
EXR.D.HKD.EUR.SP00.A,D,HKD,EUR,SP00,A,2008-02-14,11.4093
EXR.D.HKD.EUR.SP00.A,D,HKD,EUR,SP00,A,2008-02-15,11.4454
EXR.D.HKD.EUR.SP00.A,D,HKD,EUR,SP00,A,2008-02-18,11.4179
EXR.D.HKD.EUR.SP00.A,D,HKD,EUR,SP00,A,2008-02-19,11.5
EXR.D.HKD.EUR.SP00.A,D,HKD,EUR,SP00,A,2008-02-20,11.434
EXR.D.HKD.EUR.SP00.A,D,HKD,EUR,SP00,A,2008-02-21,11.4937
EXR.D.HKD.EUR.SP00.A,D,HKD,EUR,SP00,A,2008-02-22,11.5753
EXR.D.HKD.EUR.SP00.A,D,HKD,EUR,SP00,A,2008-02-25,11.5534
EXR.D.HKD.EUR.SP00.A,D,HKD,EUR,SP00,A,2008-02-26,11.5936
EXR.D.HKD.EUR.SP00.A,D,HKD,EUR,SP00,A,2008-02-27,11.7148
EXR.D.HKD.EUR.SP00.A,D,HKD,EUR,SP00,A,2008-02-28,11.7726
EXR.D.HKD.EUR.SP00.A,D,HKD,EUR,SP00,A,2008-02-29,11.8027
EXR.D.HKD.EUR.SP00.A,D,HKD,EUR,SP00,A,2008-03-03,11.8328
EXR.D.HKD.EUR.SP00.A,D,HKD,EUR,SP00,A,2008-03-04,11.8365
EXR.D.HKD.EUR.SP00.A,D,HKD,EUR,SP00,A,2008-03-05,11.8362
EXR.D.HKD.EUR.SP00.A,D,HKD,EUR,SP00,A,2008-03-06,11.9298
EXR.D.HKD.EUR.SP00.A,D,HKD,EUR,SP00,A,2008-03-07,12.0015
EXR.D.HKD.EUR.SP00.A,D,HKD,EUR,SP00,A,2008-03-10,11.9477
EXR.D.HKD.EUR.SP00.A,D,HKD,EUR,SP00,A,2008-03-11,11.9787
EXR.D.HKD.EUR.SP00.A,D,HKD,EUR,SP00,A,2008-03-12,12.0544
EXR.D.HKD.EUR.SP00.A,D,HKD,EUR,SP00,A,2008-03-13,12.1261
EXR.D.HKD.EUR.SP00.A,D,HKD,EUR,SP00,A,2008-03-14,12.1104
EXR.D.HKD.EUR.SP00.A,D,HKD,EUR,SP00,A,2008-03-17,12.2537
EXR.D.HKD.EUR.SP00.A,D,HKD,EUR,SP00,A,2008-03-18,12.2535
EXR.D.HKD.EUR.SP00.A,D,HKD,EUR,SP00,A,2008-03-19,12.1986
EXR.D.HKD.EUR.SP00.A,D,HKD,EUR,SP00,A,2008-03-20,11.9983
EXR.D.HKD.EUR.SP00.A,D,HKD,EUR,SP00,A,2008-03-21,
EXR.D.HKD.EUR.SP00.A,D,HKD,EUR,SP00,A,2008-03-24,
EXR.D.HKD.EUR.SP00.A,D,HKD,EUR,SP00,A,2008-03-25,12.1126
EXR.D.HKD.EUR.SP00.A,D,HKD,EUR,SP00,A,2008-03-26,12.2251
EXR.D.HKD.EUR.SP00.A,D,HKD,EUR,SP00,A,2008-03-27,12.2837
EXR.D.HKD.EUR.SP00.A,D,HKD,EUR,SP00,A,2008-03-28,12.2929
EXR.D.HKD.EUR.SP00.A,D,HKD,EUR,SP00,A,2008-03-31,12.3075
EXR.D.HKD.EUR.SP00.A,D,HKD,EUR,SP00,A,2008-04-01,12.1953
EXR.D.HKD.EUR.SP00.A,D,HKD,EUR,SP00,A,2008-04-02,12.1751
EXR.D.HKD.EUR.SP00.A,D,HKD,EUR,SP00,A,2008-04-03,12.0975
EXR.D.HKD.EUR.SP00.A,D,HKD,EUR,SP00,A,2008-04-04,12.2497
EXR.D.HKD.EUR.SP00.A,D,HKD,EUR,SP00,A,2008-04-07,12.2257
EXR.D.HKD.EUR.SP00.A,D,HKD,EUR,SP00,A,2008-04-08,12.2264
EXR.D.HKD.EUR.SP00.A,D,HKD,EUR,SP00,A,2008-04-09,12.2513
EXR.D.HKD.EUR.SP00.A,D,HKD,EUR,SP00,A,2008-04-10,12.3636
EXR.D.HKD.EUR.SP00.A,D,HKD,EUR,SP00,A,2008-04-11,12.332
EXR.D.HKD.EUR.SP00.A,D,HKD,EUR,SP00,A,2008-04-14,12.3652
EXR.D.HKD.EUR.SP00.A,D,HKD,EUR,SP00,A,2008-04-15,12.3355
EXR.D.HKD.EUR.SP00.A,D,HKD,EUR,SP00,A,2008-04-16,12.4135
EXR.D.HKD.EUR.SP00.A,D,HKD,EUR,SP00,A,2008-04-17,12.369
EXR.D.HKD.EUR.SP00.A,D,HKD,EUR,SP00,A,2008-04-18,12.2984
EXR.D.HKD.EUR.SP00.A,D,HKD,EUR,SP00,A,2008-04-21,12.3954
EXR.D.HKD.EUR.SP00.A,D,HKD,EUR,SP00,A,2008-04-22,12.4194
EXR.D.HKD.EUR.SP00.A,D,HKD,EUR,SP00,A,2008-04-23,12.4247
EXR.D.HKD.EUR.SP00.A,D,HKD,EUR,SP00,A,2008-04-24,12.2875
EXR.D.HKD.EUR.SP00.A,D,HKD,EUR,SP00,A,2008-04-25,12.1556
EXR.D.HKD.EUR.SP00.A,D,HKD,EUR,SP00,A,2008-04-28,12.1745
EXR.D.HKD.EUR.SP00.A,D,HKD,EUR,SP00,A,2008-04-29,12.1328
EXR.D.HKD.EUR.SP00.A,D,HKD,EUR,SP00,A,2008-04-30,12.1127
EXR.D.HKD.EUR.SP00.A,D,HKD,EUR,SP00,A,2008-05-01,
EXR.D.HKD.EUR.SP00.A,D,HKD,EUR,SP00,A,2008-05-02,12.0498
EXR.D.HKD.EUR.SP00.A,D,HKD,EUR,SP00,A,2008-05-05,12.051
EXR.D.HKD.EUR.SP00.A,D,HKD,EUR,SP00,A,2008-05-06,12.1031
EXR.D.HKD.EUR.SP00.A,D,HKD,EUR,SP00,A,2008-05-07,12.0276
EXR.D.HKD.EUR.SP00.A,D,HKD,EUR,SP00,A,2008-05-08,11.9633
EXR.D.HKD.EUR.SP00.A,D,HKD,EUR,SP00,A,2008-05-09,12.0522
EXR.D.HKD.EUR.SP00.A,D,HKD,EUR,SP00,A,2008-05-12,12.0295
EXR.D.HKD.EUR.SP00.A,D,HKD,EUR,SP00,A,2008-05-13,12.0649
EXR.D.HKD.EUR.SP00.A,D,HKD,EUR,SP00,A,2008-05-14,12.0429
EXR.D.HKD.EUR.SP00.A,D,HKD,EUR,SP00,A,2008-05-15,12.0703
EXR.D.HKD.EUR.SP00.A,D,HKD,EUR,SP00,A,2008-05-16,12.0892
EXR.D.HKD.EUR.SP00.A,D,HKD,EUR,SP00,A,2008-05-19,12.1506
EXR.D.HKD.EUR.SP00.A,D,HKD,EUR,SP00,A,2008-05-20,12.1989
EXR.D.HKD.EUR.SP00.A,D,HKD,EUR,SP00,A,2008-05-21,12.2886
EXR.D.HKD.EUR.SP00.A,D,HKD,EUR,SP00,A,2008-05-22,12.2899
EXR.D.HKD.EUR.SP00.A,D,HKD,EUR,SP00,A,2008-05-23,12.2829
EXR.D.HKD.EUR.SP00.A,D,HKD,EUR,SP00,A,2008-05-26,12.2994
EXR.D.HKD.EUR.SP00.A,D,HKD,EUR,SP00,A,2008-05-27,12.3019
EXR.D.HKD.EUR.SP00.A,D,HKD,EUR,SP00,A,2008-05-28,12.2185
EXR.D.HKD.EUR.SP00.A,D,HKD,EUR,SP00,A,2008-05-29,12.1364
EXR.D.HKD.EUR.SP00.A,D,HKD,EUR,SP00,A,2008-05-30,12.1049
EXR.D.HKD.EUR.SP00.A,D,HKD,EUR,SP00,A,2008-06-02,12.1129
EXR.D.HKD.EUR.SP00.A,D,HKD,EUR,SP00,A,2008-06-03,12.1702
EXR.D.HKD.EUR.SP00.A,D,HKD,EUR,SP00,A,2008-06-04,12.0754
EXR.D.HKD.EUR.SP00.A,D,HKD,EUR,SP00,A,2008-06-05,12.0271
EXR.D.HKD.EUR.SP00.A,D,HKD,EUR,SP00,A,2008-06-06,12.1799
EXR.D.HKD.EUR.SP00.A,D,HKD,EUR,SP00,A,2008-06-09,12.3246
EXR.D.HKD.EUR.SP00.A,D,HKD,EUR,SP00,A,2008-06-10,12.1251
EXR.D.HKD.EUR.SP00.A,D,HKD,EUR,SP00,A,2008-06-11,12.1169
EXR.D.HKD.EUR.SP00.A,D,HKD,EUR,SP00,A,2008-06-12,12.0393
EXR.D.HKD.EUR.SP00.A,D,HKD,EUR,SP00,A,2008-06-13,11.9834
EXR.D.HKD.EUR.SP00.A,D,HKD,EUR,SP00,A,2008-06-16,12.0766
EXR.D.HKD.EUR.SP00.A,D,HKD,EUR,SP00,A,2008-06-17,12.0855
EXR.D.HKD.EUR.SP00.A,D,HKD,EUR,SP00,A,2008-06-18,12.0932
EXR.D.HKD.EUR.SP00.A,D,HKD,EUR,SP00,A,2008-06-19,12.0893
EXR.D.HKD.EUR.SP00.A,D,HKD,EUR,SP00,A,2008-06-20,12.1853
EXR.D.HKD.EUR.SP00.A,D,HKD,EUR,SP00,A,2008-06-23,12.1177
EXR.D.HKD.EUR.SP00.A,D,HKD,EUR,SP00,A,2008-06-24,12.1544
EXR.D.HKD.EUR.SP00.A,D,HKD,EUR,SP00,A,2008-06-25,12.1771
EXR.D.HKD.EUR.SP00.A,D,HKD,EUR,SP00,A,2008-06-26,12.2777
EXR.D.HKD.EUR.SP00.A,D,HKD,EUR,SP00,A,2008-06-27,12.2857
EXR.D.HKD.EUR.SP00.A,D,HKD,EUR,SP00,A,2008-06-30,12.2943
EXR.D.HKD.EUR.SP00.A,D,HKD,EUR,SP00,A,2008-07-01,12.3023
EXR.D.HKD.EUR.SP00.A,D,HKD,EUR,SP00,A,2008-07-02,12.3267
EXR.D.HKD.EUR.SP00.A,D,HKD,EUR,SP00,A,2008-07-03,12.3873
EXR.D.HKD.EUR.SP00.A,D,HKD,EUR,SP00,A,2008-07-04,12.2203
EXR.D.HKD.EUR.SP00.A,D,HKD,EUR,SP00,A,2008-07-07,12.2087
EXR.D.HKD.EUR.SP00.A,D,HKD,EUR,SP00,A,2008-07-08,12.2358
EXR.D.HKD.EUR.SP00.A,D,HKD,EUR,SP00,A,2008-07-09,12.2606
EXR.D.HKD.EUR.SP00.A,D,HKD,EUR,SP00,A,2008-07-10,12.2554
EXR.D.HKD.EUR.SP00.A,D,HKD,EUR,SP00,A,2008-07-11,12.3571
EXR.D.HKD.EUR.SP00.A,D,HKD,EUR,SP00,A,2008-07-14,12.3657
EXR.D.HKD.EUR.SP00.A,D,HKD,EUR,SP00,A,2008-07-15,12.4702
EXR.D.HKD.EUR.SP00.A,D,HKD,EUR,SP00,A,2008-07-16,12.3906
EXR.D.HKD.EUR.SP00.A,D,HKD,EUR,SP00,A,2008-07-17,12.3581
EXR.D.HKD.EUR.SP00.A,D,HKD,EUR,SP00,A,2008-07-18,12.3335
EXR.D.HKD.EUR.SP00.A,D,HKD,EUR,SP00,A,2008-07-21,12.3665
EXR.D.HKD.EUR.SP00.A,D,HKD,EUR,SP00,A,2008-07-22,12.4119
EXR.D.HKD.EUR.SP00.A,D,HKD,EUR,SP00,A,2008-07-23,12.2801
EXR.D.HKD.EUR.SP00.A,D,HKD,EUR,SP00,A,2008-07-24,12.2271
EXR.D.HKD.EUR.SP00.A,D,HKD,EUR,SP00,A,2008-07-25,12.2698
EXR.D.HKD.EUR.SP00.A,D,HKD,EUR,SP00,A,2008-07-28,12.2839
EXR.D.HKD.EUR.SP00.A,D,HKD,EUR,SP00,A,2008-07-29,12.252
EXR.D.HKD.EUR.SP00.A,D,HKD,EUR,SP00,A,2008-07-30,12.1653
EXR.D.HKD.EUR.SP00.A,D,HKD,EUR,SP00,A,2008-07-31,12.1809
EXR.D.HKD.EUR.SP00.A,D,HKD,EUR,SP00,A,2008-08-01,12.1535
EXR.D.HKD.EUR.SP00.A,D,HKD,EUR,SP00,A,2008-08-04,12.148
EXR.D.HKD.EUR.SP00.A,D,HKD,EUR,SP00,A,2008-08-05,12.0873
EXR.D.HKD.EUR.SP00.A,D,HKD,EUR,SP00,A,2008-08-06,12.0814
EXR.D.HKD.EUR.SP00.A,D,HKD,EUR,SP00,A,2008-08-07,12.076
EXR.D.HKD.EUR.SP00.A,D,HKD,EUR,SP00,A,2008-08-08,11.7783
EXR.D.HKD.EUR.SP00.A,D,HKD,EUR,SP00,A,2008-08-11,11.7233
EXR.D.HKD.EUR.SP00.A,D,HKD,EUR,SP00,A,2008-08-12,11.6396
EXR.D.HKD.EUR.SP00.A,D,HKD,EUR,SP00,A,2008-08-13,11.6362
EXR.D.HKD.EUR.SP00.A,D,HKD,EUR,SP00,A,2008-08-14,11.6426
EXR.D.HKD.EUR.SP00.A,D,HKD,EUR,SP00,A,2008-08-15,11.509
EXR.D.HKD.EUR.SP00.A,D,HKD,EUR,SP00,A,2008-08-18,11.4877
EXR.D.HKD.EUR.SP00.A,D,HKD,EUR,SP00,A,2008-08-19,11.4637
EXR.D.HKD.EUR.SP00.A,D,HKD,EUR,SP00,A,2008-08-20,11.5073
EXR.D.HKD.EUR.SP00.A,D,HKD,EUR,SP00,A,2008-08-21,11.5654
EXR.D.HKD.EUR.SP00.A,D,HKD,EUR,SP00,A,2008-08-22,11.5608
EXR.D.HKD.EUR.SP00.A,D,HKD,EUR,SP00,A,2008-08-25,11.5326
EXR.D.HKD.EUR.SP00.A,D,HKD,EUR,SP00,A,2008-08-26,11.3979
EXR.D.HKD.EUR.SP00.A,D,HKD,EUR,SP00,A,2008-08-27,11.53
EXR.D.HKD.EUR.SP00.A,D,HKD,EUR,SP00,A,2008-08-28,11.5322
EXR.D.HKD.EUR.SP00.A,D,HKD,EUR,SP00,A,2008-08-29,11.5034
EXR.D.HKD.EUR.SP00.A,D,HKD,EUR,SP00,A,2008-09-01,11.4135
EXR.D.HKD.EUR.SP00.A,D,HKD,EUR,SP00,A,2008-09-02,11.3334
EXR.D.HKD.EUR.SP00.A,D,HKD,EUR,SP00,A,2008-09-03,11.2755
EXR.D.HKD.EUR.SP00.A,D,HKD,EUR,SP00,A,2008-09-04,11.31
EXR.D.HKD.EUR.SP00.A,D,HKD,EUR,SP00,A,2008-09-05,11.1229
EXR.D.HKD.EUR.SP00.A,D,HKD,EUR,SP00,A,2008-09-08,11.0912
EXR.D.HKD.EUR.SP00.A,D,HKD,EUR,SP00,A,2008-09-09,11.0318
EXR.D.HKD.EUR.SP00.A,D,HKD,EUR,SP00,A,2008-09-10,10.9921
EXR.D.HKD.EUR.SP00.A,D,HKD,EUR,SP00,A,2008-09-11,10.8673
EXR.D.HKD.EUR.SP00.A,D,HKD,EUR,SP00,A,2008-09-12,10.9689
EXR.D.HKD.EUR.SP00.A,D,HKD,EUR,SP00,A,2008-09-15,11.0295
EXR.D.HKD.EUR.SP00.A,D,HKD,EUR,SP00,A,2008-09-16,11.0989
EXR.D.HKD.EUR.SP00.A,D,HKD,EUR,SP00,A,2008-09-17,11.0667
EXR.D.HKD.EUR.SP00.A,D,HKD,EUR,SP00,A,2008-09-18,11.2836
EXR.D.HKD.EUR.SP00.A,D,HKD,EUR,SP00,A,2008-09-19,11.0818
EXR.D.HKD.EUR.SP00.A,D,HKD,EUR,SP00,A,2008-09-22,11.3263
EXR.D.HKD.EUR.SP00.A,D,HKD,EUR,SP00,A,2008-09-23,11.4339
EXR.D.HKD.EUR.SP00.A,D,HKD,EUR,SP00,A,2008-09-24,11.4051
EXR.D.HKD.EUR.SP00.A,D,HKD,EUR,SP00,A,2008-09-25,11.4253
EXR.D.HKD.EUR.SP00.A,D,HKD,EUR,SP00,A,2008-09-26,11.3802
EXR.D.HKD.EUR.SP00.A,D,HKD,EUR,SP00,A,2008-09-29,11.1412
EXR.D.HKD.EUR.SP00.A,D,HKD,EUR,SP00,A,2008-09-30,11.1124
EXR.D.HKD.EUR.SP00.A,D,HKD,EUR,SP00,A,2008-10-01,10.9381
EXR.D.HKD.EUR.SP00.A,D,HKD,EUR,SP00,A,2008-10-02,10.8014
EXR.D.HKD.EUR.SP00.A,D,HKD,EUR,SP00,A,2008-10-03,10.7503
EXR.D.HKD.EUR.SP00.A,D,HKD,EUR,SP00,A,2008-10-06,10.5905
EXR.D.HKD.EUR.SP00.A,D,HKD,EUR,SP00,A,2008-10-07,10.5871
EXR.D.HKD.EUR.SP00.A,D,HKD,EUR,SP00,A,2008-10-08,10.6617
EXR.D.HKD.EUR.SP00.A,D,HKD,EUR,SP00,A,2008-10-09,10.6252
EXR.D.HKD.EUR.SP00.A,D,HKD,EUR,SP00,A,2008-10-10,10.5369
EXR.D.HKD.EUR.SP00.A,D,HKD,EUR,SP00,A,2008-10-13,10.587
EXR.D.HKD.EUR.SP00.A,D,HKD,EUR,SP00,A,2008-10-14,10.6753
EXR.D.HKD.EUR.SP00.A,D,HKD,EUR,SP00,A,2008-10-15,10.5715
EXR.D.HKD.EUR.SP00.A,D,HKD,EUR,SP00,A,2008-10-16,10.4747
EXR.D.HKD.EUR.SP00.A,D,HKD,EUR,SP00,A,2008-10-17,10.3971
EXR.D.HKD.EUR.SP00.A,D,HKD,EUR,SP00,A,2008-10-20,10.4133
EXR.D.HKD.EUR.SP00.A,D,HKD,EUR,SP00,A,2008-10-21,10.2233
EXR.D.HKD.EUR.SP00.A,D,HKD,EUR,SP00,A,2008-10-22,9.9566
EXR.D.HKD.EUR.SP00.A,D,HKD,EUR,SP00,A,2008-10-23,9.9312
EXR.D.HKD.EUR.SP00.A,D,HKD,EUR,SP00,A,2008-10-24,9.7632
EXR.D.HKD.EUR.SP00.A,D,HKD,EUR,SP00,A,2008-10-27,9.6574
EXR.D.HKD.EUR.SP00.A,D,HKD,EUR,SP00,A,2008-10-28,9.7118
EXR.D.HKD.EUR.SP00.A,D,HKD,EUR,SP00,A,2008-10-29,9.8998
EXR.D.HKD.EUR.SP00.A,D,HKD,EUR,SP00,A,2008-10-30,10.1052
EXR.D.HKD.EUR.SP00.A,D,HKD,EUR,SP00,A,2008-10-31,9.888
EXR.D.HKD.EUR.SP00.A,D,HKD,EUR,SP00,A,2008-11-03,9.9376
EXR.D.HKD.EUR.SP00.A,D,HKD,EUR,SP00,A,2008-11-04,9.9358
EXR.D.HKD.EUR.SP00.A,D,HKD,EUR,SP00,A,2008-11-05,9.9746
EXR.D.HKD.EUR.SP00.A,D,HKD,EUR,SP00,A,2008-11-06,9.8973
EXR.D.HKD.EUR.SP00.A,D,HKD,EUR,SP00,A,2008-11-07,9.8861
EXR.D.HKD.EUR.SP00.A,D,HKD,EUR,SP00,A,2008-11-10,9.9907
EXR.D.HKD.EUR.SP00.A,D,HKD,EUR,SP00,A,2008-11-11,9.8789
EXR.D.HKD.EUR.SP00.A,D,HKD,EUR,SP00,A,2008-11-12,9.7119
EXR.D.HKD.EUR.SP00.A,D,HKD,EUR,SP00,A,2008-11-13,9.7071
EXR.D.HKD.EUR.SP00.A,D,HKD,EUR,SP00,A,2008-11-14,9.8233
EXR.D.HKD.EUR.SP00.A,D,HKD,EUR,SP00,A,2008-11-17,9.8116
EXR.D.HKD.EUR.SP00.A,D,HKD,EUR,SP00,A,2008-11-18,9.8061
EXR.D.HKD.EUR.SP00.A,D,HKD,EUR,SP00,A,2008-11-19,9.7915
EXR.D.HKD.EUR.SP00.A,D,HKD,EUR,SP00,A,2008-11-20,9.7202
EXR.D.HKD.EUR.SP00.A,D,HKD,EUR,SP00,A,2008-11-21,9.768
EXR.D.HKD.EUR.SP00.A,D,HKD,EUR,SP00,A,2008-11-24,9.9025
EXR.D.HKD.EUR.SP00.A,D,HKD,EUR,SP00,A,2008-11-25,9.9329
EXR.D.HKD.EUR.SP00.A,D,HKD,EUR,SP00,A,2008-11-26,10.0322
EXR.D.HKD.EUR.SP00.A,D,HKD,EUR,SP00,A,2008-11-27,10.0007
EXR.D.HKD.EUR.SP00.A,D,HKD,EUR,SP00,A,2008-11-28,9.8641
EXR.D.HKD.EUR.SP00.A,D,HKD,EUR,SP00,A,2008-12-01,9.7739
EXR.D.HKD.EUR.SP00.A,D,HKD,EUR,SP00,A,2008-12-02,9.8416
EXR.D.HKD.EUR.SP00.A,D,HKD,EUR,SP00,A,2008-12-03,9.7852
EXR.D.HKD.EUR.SP00.A,D,HKD,EUR,SP00,A,2008-12-04,9.7826
EXR.D.HKD.EUR.SP00.A,D,HKD,EUR,SP00,A,2008-12-05,9.8164
EXR.D.HKD.EUR.SP00.A,D,HKD,EUR,SP00,A,2008-12-08,9.9633
EXR.D.HKD.EUR.SP00.A,D,HKD,EUR,SP00,A,2008-12-09,9.95
EXR.D.HKD.EUR.SP00.A,D,HKD,EUR,SP00,A,2008-12-10,10.0171
EXR.D.HKD.EUR.SP00.A,D,HKD,EUR,SP00,A,2008-12-11,10.2417
EXR.D.HKD.EUR.SP00.A,D,HKD,EUR,SP00,A,2008-12-12,10.3384
EXR.D.HKD.EUR.SP00.A,D,HKD,EUR,SP00,A,2008-12-15,10.4703
EXR.D.HKD.EUR.SP00.A,D,HKD,EUR,SP00,A,2008-12-16,10.6103
EXR.D.HKD.EUR.SP00.A,D,HKD,EUR,SP00,A,2008-12-17,10.896
EXR.D.HKD.EUR.SP00.A,D,HKD,EUR,SP00,A,2008-12-18,11.3274
EXR.D.HKD.EUR.SP00.A,D,HKD,EUR,SP00,A,2008-12-19,10.8035
EXR.D.HKD.EUR.SP00.A,D,HKD,EUR,SP00,A,2008-12-22,10.8272
EXR.D.HKD.EUR.SP00.A,D,HKD,EUR,SP00,A,2008-12-23,10.833
EXR.D.HKD.EUR.SP00.A,D,HKD,EUR,SP00,A,2008-12-24,10.8542
EXR.D.HKD.EUR.SP00.A,D,HKD,EUR,SP00,A,2008-12-25,
EXR.D.HKD.EUR.SP00.A,D,HKD,EUR,SP00,A,2008-12-26,
EXR.D.HKD.EUR.SP00.A,D,HKD,EUR,SP00,A,2008-12-29,11.0599
EXR.D.HKD.EUR.SP00.A,D,HKD,EUR,SP00,A,2008-12-30,10.9261
EXR.D.HKD.EUR.SP00.A,D,HKD,EUR,SP00,A,2008-12-31,10.7858
EXR.D.HKD.EUR.SP00.A,D,HKD,EUR,SP00,A,2009-01-01,
EXR.D.HKD.EUR.SP00.A,D,HKD,EUR,SP00,A,2009-01-02,10.7472
EXR.D.HKD.EUR.SP00.A,D,HKD,EUR,SP00,A,2009-01-05,10.5303
EXR.D.HKD.EUR.SP00.A,D,HKD,EUR,SP00,A,2009-01-06,10.3369
EXR.D.HKD.EUR.SP00.A,D,HKD,EUR,SP00,A,2009-01-07,10.5398
EXR.D.HKD.EUR.SP00.A,D,HKD,EUR,SP00,A,2009-01-08,10.5586
EXR.D.HKD.EUR.SP00.A,D,HKD,EUR,SP00,A,2009-01-09,10.615
EXR.D.HKD.EUR.SP00.A,D,HKD,EUR,SP00,A,2009-01-12,10.3867
EXR.D.HKD.EUR.SP00.A,D,HKD,EUR,SP00,A,2009-01-13,10.2852
EXR.D.HKD.EUR.SP00.A,D,HKD,EUR,SP00,A,2009-01-14,10.2177
EXR.D.HKD.EUR.SP00.A,D,HKD,EUR,SP00,A,2009-01-15,10.1552
EXR.D.HKD.EUR.SP00.A,D,HKD,EUR,SP00,A,2009-01-16,10.2968
EXR.D.HKD.EUR.SP00.A,D,HKD,EUR,SP00,A,2009-01-19,10.2273
EXR.D.HKD.EUR.SP00.A,D,HKD,EUR,SP00,A,2009-01-20,10.0328
EXR.D.HKD.EUR.SP00.A,D,HKD,EUR,SP00,A,2009-01-21,10.0167
EXR.D.HKD.EUR.SP00.A,D,HKD,EUR,SP00,A,2009-01-22,10.0744
EXR.D.HKD.EUR.SP00.A,D,HKD,EUR,SP00,A,2009-01-23,9.9238
EXR.D.HKD.EUR.SP00.A,D,HKD,EUR,SP00,A,2009-01-26,10.0785
EXR.D.HKD.EUR.SP00.A,D,HKD,EUR,SP00,A,2009-01-27,10.222
EXR.D.HKD.EUR.SP00.A,D,HKD,EUR,SP00,A,2009-01-28,10.2881
EXR.D.HKD.EUR.SP00.A,D,HKD,EUR,SP00,A,2009-01-29,10.1696
EXR.D.HKD.EUR.SP00.A,D,HKD,EUR,SP00,A,2009-01-30,9.9399
EXR.D.HKD.EUR.SP00.A,D,HKD,EUR,SP00,A,2009-02-02,9.8956
EXR.D.HKD.EUR.SP00.A,D,HKD,EUR,SP00,A,2009-02-03,9.9629
EXR.D.HKD.EUR.SP00.A,D,HKD,EUR,SP00,A,2009-02-04,9.9394
EXR.D.HKD.EUR.SP00.A,D,HKD,EUR,SP00,A,2009-02-05,9.9472
EXR.D.HKD.EUR.SP00.A,D,HKD,EUR,SP00,A,2009-02-06,9.9228
EXR.D.HKD.EUR.SP00.A,D,HKD,EUR,SP00,A,2009-02-09,10.0858
EXR.D.HKD.EUR.SP00.A,D,HKD,EUR,SP00,A,2009-02-10,10.0521
EXR.D.HKD.EUR.SP00.A,D,HKD,EUR,SP00,A,2009-02-11,10.0287
EXR.D.HKD.EUR.SP00.A,D,HKD,EUR,SP00,A,2009-02-12,9.9479
EXR.D.HKD.EUR.SP00.A,D,HKD,EUR,SP00,A,2009-02-13,9.9411
EXR.D.HKD.EUR.SP00.A,D,HKD,EUR,SP00,A,2009-02-16,9.8979
EXR.D.HKD.EUR.SP00.A,D,HKD,EUR,SP00,A,2009-02-17,9.7966
EXR.D.HKD.EUR.SP00.A,D,HKD,EUR,SP00,A,2009-02-18,9.768
EXR.D.HKD.EUR.SP00.A,D,HKD,EUR,SP00,A,2009-02-19,9.8521
EXR.D.HKD.EUR.SP00.A,D,HKD,EUR,SP00,A,2009-02-20,9.7631
EXR.D.HKD.EUR.SP00.A,D,HKD,EUR,SP00,A,2009-02-23,9.9226
EXR.D.HKD.EUR.SP00.A,D,HKD,EUR,SP00,A,2009-02-24,9.8956
EXR.D.HKD.EUR.SP00.A,D,HKD,EUR,SP00,A,2009-02-25,9.921
EXR.D.HKD.EUR.SP00.A,D,HKD,EUR,SP00,A,2009-02-26,9.9108
EXR.D.HKD.EUR.SP00.A,D,HKD,EUR,SP00,A,2009-02-27,9.8053
EXR.D.HKD.EUR.SP00.A,D,HKD,EUR,SP00,A,2009-03-02,9.7701
EXR.D.HKD.EUR.SP00.A,D,HKD,EUR,SP00,A,2009-03-03,9.7866
EXR.D.HKD.EUR.SP00.A,D,HKD,EUR,SP00,A,2009-03-04,9.7421
EXR.D.HKD.EUR.SP00.A,D,HKD,EUR,SP00,A,2009-03-05,9.7405
EXR.D.HKD.EUR.SP00.A,D,HKD,EUR,SP00,A,2009-03-06,9.8175
EXR.D.HKD.EUR.SP00.A,D,HKD,EUR,SP00,A,2009-03-09,9.7455
EXR.D.HKD.EUR.SP00.A,D,HKD,EUR,SP00,A,2009-03-10,9.9144
EXR.D.HKD.EUR.SP00.A,D,HKD,EUR,SP00,A,2009-03-11,9.9165
EXR.D.HKD.EUR.SP00.A,D,HKD,EUR,SP00,A,2009-03-12,9.912
EXR.D.HKD.EUR.SP00.A,D,HKD,EUR,SP00,A,2009-03-13,10.0054
EXR.D.HKD.EUR.SP00.A,D,HKD,EUR,SP00,A,2009-03-16,10.1109
EXR.D.HKD.EUR.SP00.A,D,HKD,EUR,SP00,A,2009-03-17,10.0327
EXR.D.HKD.EUR.SP00.A,D,HKD,EUR,SP00,A,2009-03-18,10.1787
EXR.D.HKD.EUR.SP00.A,D,HKD,EUR,SP00,A,2009-03-19,10.5972
EXR.D.HKD.EUR.SP00.A,D,HKD,EUR,SP00,A,2009-03-20,10.5008
EXR.D.HKD.EUR.SP00.A,D,HKD,EUR,SP00,A,2009-03-23,10.5054
EXR.D.HKD.EUR.SP00.A,D,HKD,EUR,SP00,A,2009-03-24,10.4679
EXR.D.HKD.EUR.SP00.A,D,HKD,EUR,SP00,A,2009-03-25,10.458
EXR.D.HKD.EUR.SP00.A,D,HKD,EUR,SP00,A,2009-03-26,10.4579
EXR.D.HKD.EUR.SP00.A,D,HKD,EUR,SP00,A,2009-03-27,10.3041
EXR.D.HKD.EUR.SP00.A,D,HKD,EUR,SP00,A,2009-03-30,10.225
EXR.D.HKD.EUR.SP00.A,D,HKD,EUR,SP00,A,2009-03-31,10.314
EXR.D.HKD.EUR.SP00.A,D,HKD,EUR,SP00,A,2009-04-01,10.2665
EXR.D.HKD.EUR.SP00.A,D,HKD,EUR,SP00,A,2009-04-02,10.3789
EXR.D.HKD.EUR.SP00.A,D,HKD,EUR,SP00,A,2009-04-03,10.4045
EXR.D.HKD.EUR.SP00.A,D,HKD,EUR,SP00,A,2009-04-06,10.4611
EXR.D.HKD.EUR.SP00.A,D,HKD,EUR,SP00,A,2009-04-07,10.2738
EXR.D.HKD.EUR.SP00.A,D,HKD,EUR,SP00,A,2009-04-08,10.2546
EXR.D.HKD.EUR.SP00.A,D,HKD,EUR,SP00,A,2009-04-09,10.2872
EXR.D.HKD.EUR.SP00.A,D,HKD,EUR,SP00,A,2009-04-10,
EXR.D.HKD.EUR.SP00.A,D,HKD,EUR,SP00,A,2009-04-13,
EXR.D.HKD.EUR.SP00.A,D,HKD,EUR,SP00,A,2009-04-14,10.2891
EXR.D.HKD.EUR.SP00.A,D,HKD,EUR,SP00,A,2009-04-15,10.2094
EXR.D.HKD.EUR.SP00.A,D,HKD,EUR,SP00,A,2009-04-16,10.2273
EXR.D.HKD.EUR.SP00.A,D,HKD,EUR,SP00,A,2009-04-17,10.1202
EXR.D.HKD.EUR.SP00.A,D,HKD,EUR,SP00,A,2009-04-20,10.0491
EXR.D.HKD.EUR.SP00.A,D,HKD,EUR,SP00,A,2009-04-21,10.0223
EXR.D.HKD.EUR.SP00.A,D,HKD,EUR,SP00,A,2009-04-22,10.034
EXR.D.HKD.EUR.SP00.A,D,HKD,EUR,SP00,A,2009-04-23,10.1138
EXR.D.HKD.EUR.SP00.A,D,HKD,EUR,SP00,A,2009-04-24,10.2548
EXR.D.HKD.EUR.SP00.A,D,HKD,EUR,SP00,A,2009-04-27,10.1719
EXR.D.HKD.EUR.SP00.A,D,HKD,EUR,SP00,A,2009-04-28,10.069
EXR.D.HKD.EUR.SP00.A,D,HKD,EUR,SP00,A,2009-04-29,10.2816
EXR.D.HKD.EUR.SP00.A,D,HKD,EUR,SP00,A,2009-04-30,10.2881
EXR.D.HKD.EUR.SP00.A,D,HKD,EUR,SP00,A,2009-05-01,
EXR.D.HKD.EUR.SP00.A,D,HKD,EUR,SP00,A,2009-05-04,10.248
EXR.D.HKD.EUR.SP00.A,D,HKD,EUR,SP00,A,2009-05-05,10.3873
EXR.D.HKD.EUR.SP00.A,D,HKD,EUR,SP00,A,2009-05-06,10.3245
EXR.D.HKD.EUR.SP00.A,D,HKD,EUR,SP00,A,2009-05-07,10.3566
EXR.D.HKD.EUR.SP00.A,D,HKD,EUR,SP00,A,2009-05-08,10.4044
EXR.D.HKD.EUR.SP00.A,D,HKD,EUR,SP00,A,2009-05-11,10.5198
EXR.D.HKD.EUR.SP00.A,D,HKD,EUR,SP00,A,2009-05-12,10.6045
EXR.D.HKD.EUR.SP00.A,D,HKD,EUR,SP00,A,2009-05-13,10.5584
EXR.D.HKD.EUR.SP00.A,D,HKD,EUR,SP00,A,2009-05-14,10.5116
EXR.D.HKD.EUR.SP00.A,D,HKD,EUR,SP00,A,2009-05-15,10.4783
EXR.D.HKD.EUR.SP00.A,D,HKD,EUR,SP00,A,2009-05-18,10.4609
EXR.D.HKD.EUR.SP00.A,D,HKD,EUR,SP00,A,2009-05-19,10.5513
EXR.D.HKD.EUR.SP00.A,D,HKD,EUR,SP00,A,2009-05-20,10.6134
EXR.D.HKD.EUR.SP00.A,D,HKD,EUR,SP00,A,2009-05-21,10.6757
EXR.D.HKD.EUR.SP00.A,D,HKD,EUR,SP00,A,2009-05-22,10.831
EXR.D.HKD.EUR.SP00.A,D,HKD,EUR,SP00,A,2009-05-25,10.8595
EXR.D.HKD.EUR.SP00.A,D,HKD,EUR,SP00,A,2009-05-26,10.7809
EXR.D.HKD.EUR.SP00.A,D,HKD,EUR,SP00,A,2009-05-27,10.777
EXR.D.HKD.EUR.SP00.A,D,HKD,EUR,SP00,A,2009-05-28,10.7427
EXR.D.HKD.EUR.SP00.A,D,HKD,EUR,SP00,A,2009-05-29,10.9273
EXR.D.HKD.EUR.SP00.A,D,HKD,EUR,SP00,A,2009-06-01,11.0224
EXR.D.HKD.EUR.SP00.A,D,HKD,EUR,SP00,A,2009-06-02,11.0373
EXR.D.HKD.EUR.SP00.A,D,HKD,EUR,SP00,A,2009-06-03,11.0125
EXR.D.HKD.EUR.SP00.A,D,HKD,EUR,SP00,A,2009-06-04,10.9257
EXR.D.HKD.EUR.SP00.A,D,HKD,EUR,SP00,A,2009-06-05,10.9887
EXR.D.HKD.EUR.SP00.A,D,HKD,EUR,SP00,A,2009-06-08,10.7491
EXR.D.HKD.EUR.SP00.A,D,HKD,EUR,SP00,A,2009-06-09,10.8202
EXR.D.HKD.EUR.SP00.A,D,HKD,EUR,SP00,A,2009-06-10,10.9307
EXR.D.HKD.EUR.SP00.A,D,HKD,EUR,SP00,A,2009-06-11,10.8276
EXR.D.HKD.EUR.SP00.A,D,HKD,EUR,SP00,A,2009-06-12,10.8543
EXR.D.HKD.EUR.SP00.A,D,HKD,EUR,SP00,A,2009-06-15,10.7344
EXR.D.HKD.EUR.SP00.A,D,HKD,EUR,SP00,A,2009-06-16,10.765
EXR.D.HKD.EUR.SP00.A,D,HKD,EUR,SP00,A,2009-06-17,10.7263
EXR.D.HKD.EUR.SP00.A,D,HKD,EUR,SP00,A,2009-06-18,10.7885
EXR.D.HKD.EUR.SP00.A,D,HKD,EUR,SP00,A,2009-06-19,10.7976
EXR.D.HKD.EUR.SP00.A,D,HKD,EUR,SP00,A,2009-06-22,10.7404
EXR.D.HKD.EUR.SP00.A,D,HKD,EUR,SP00,A,2009-06-23,10.8331
EXR.D.HKD.EUR.SP00.A,D,HKD,EUR,SP00,A,2009-06-24,10.8725
EXR.D.HKD.EUR.SP00.A,D,HKD,EUR,SP00,A,2009-06-25,10.8037
EXR.D.HKD.EUR.SP00.A,D,HKD,EUR,SP00,A,2009-06-26,10.9245
EXR.D.HKD.EUR.SP00.A,D,HKD,EUR,SP00,A,2009-06-29,10.8949
EXR.D.HKD.EUR.SP00.A,D,HKD,EUR,SP00,A,2009-06-30,10.954
EXR.D.HKD.EUR.SP00.A,D,HKD,EUR,SP00,A,2009-07-01,10.9247
EXR.D.HKD.EUR.SP00.A,D,HKD,EUR,SP00,A,2009-07-02,10.8879
EXR.D.HKD.EUR.SP00.A,D,HKD,EUR,SP00,A,2009-07-03,10.857
EXR.D.HKD.EUR.SP00.A,D,HKD,EUR,SP00,A,2009-07-06,10.7704
EXR.D.HKD.EUR.SP00.A,D,HKD,EUR,SP00,A,2009-07-07,10.8648
EXR.D.HKD.EUR.SP00.A,D,HKD,EUR,SP00,A,2009-07-08,10.7738
EXR.D.HKD.EUR.SP00.A,D,HKD,EUR,SP00,A,2009-07-09,10.8426
EXR.D.HKD.EUR.SP00.A,D,HKD,EUR,SP00,A,2009-07-10,10.7736
EXR.D.HKD.EUR.SP00.A,D,HKD,EUR,SP00,A,2009-07-13,10.8308
EXR.D.HKD.EUR.SP00.A,D,HKD,EUR,SP00,A,2009-07-14,10.8436
EXR.D.HKD.EUR.SP00.A,D,HKD,EUR,SP00,A,2009-07-15,10.9194
EXR.D.HKD.EUR.SP00.A,D,HKD,EUR,SP00,A,2009-07-16,10.9512
EXR.D.HKD.EUR.SP00.A,D,HKD,EUR,SP00,A,2009-07-17,10.9198
EXR.D.HKD.EUR.SP00.A,D,HKD,EUR,SP00,A,2009-07-20,11.0184
EXR.D.HKD.EUR.SP00.A,D,HKD,EUR,SP00,A,2009-07-21,11.0229
EXR.D.HKD.EUR.SP00.A,D,HKD,EUR,SP00,A,2009-07-22,10.998
EXR.D.HKD.EUR.SP00.A,D,HKD,EUR,SP00,A,2009-07-23,11.0275
EXR.D.HKD.EUR.SP00.A,D,HKD,EUR,SP00,A,2009-07-24,11.0259
EXR.D.HKD.EUR.SP00.A,D,HKD,EUR,SP00,A,2009-07-27,11.0586
EXR.D.HKD.EUR.SP00.A,D,HKD,EUR,SP00,A,2009-07-28,11.0287
EXR.D.HKD.EUR.SP00.A,D,HKD,EUR,SP00,A,2009-07-29,10.9307
EXR.D.HKD.EUR.SP00.A,D,HKD,EUR,SP00,A,2009-07-30,10.8911
EXR.D.HKD.EUR.SP00.A,D,HKD,EUR,SP00,A,2009-07-31,10.957
EXR.D.HKD.EUR.SP00.A,D,HKD,EUR,SP00,A,2009-08-03,11.0849
EXR.D.HKD.EUR.SP00.A,D,HKD,EUR,SP00,A,2009-08-04,11.1477
EXR.D.HKD.EUR.SP00.A,D,HKD,EUR,SP00,A,2009-08-05,11.1678
EXR.D.HKD.EUR.SP00.A,D,HKD,EUR,SP00,A,2009-08-06,11.1369
EXR.D.HKD.EUR.SP00.A,D,HKD,EUR,SP00,A,2009-08-07,11.1272
EXR.D.HKD.EUR.SP00.A,D,HKD,EUR,SP00,A,2009-08-10,11.007
EXR.D.HKD.EUR.SP00.A,D,HKD,EUR,SP00,A,2009-08-11,10.9793
EXR.D.HKD.EUR.SP00.A,D,HKD,EUR,SP00,A,2009-08-12,10.9828
EXR.D.HKD.EUR.SP00.A,D,HKD,EUR,SP00,A,2009-08-13,11.0786
EXR.D.HKD.EUR.SP00.A,D,HKD,EUR,SP00,A,2009-08-14,11.0784
EXR.D.HKD.EUR.SP00.A,D,HKD,EUR,SP00,A,2009-08-17,10.9068
EXR.D.HKD.EUR.SP00.A,D,HKD,EUR,SP00,A,2009-08-18,10.9302
EXR.D.HKD.EUR.SP00.A,D,HKD,EUR,SP00,A,2009-08-19,10.9397
EXR.D.HKD.EUR.SP00.A,D,HKD,EUR,SP00,A,2009-08-20,11.0398
EXR.D.HKD.EUR.SP00.A,D,HKD,EUR,SP00,A,2009-08-21,11.1074
EXR.D.HKD.EUR.SP00.A,D,HKD,EUR,SP00,A,2009-08-24,11.1013
EXR.D.HKD.EUR.SP00.A,D,HKD,EUR,SP00,A,2009-08-25,11.1015
EXR.D.HKD.EUR.SP00.A,D,HKD,EUR,SP00,A,2009-08-26,11.0601
EXR.D.HKD.EUR.SP00.A,D,HKD,EUR,SP00,A,2009-08-27,11.059
EXR.D.HKD.EUR.SP00.A,D,HKD,EUR,SP00,A,2009-08-28,11.1335
EXR.D.HKD.EUR.SP00.A,D,HKD,EUR,SP00,A,2009-08-31,11.062
EXR.D.HKD.EUR.SP00.A,D,HKD,EUR,SP00,A,2009-09-01,11.0939
EXR.D.HKD.EUR.SP00.A,D,HKD,EUR,SP00,A,2009-09-02,11.0222
EXR.D.HKD.EUR.SP00.A,D,HKD,EUR,SP00,A,2009-09-03,11.1108
EXR.D.HKD.EUR.SP00.A,D,HKD,EUR,SP00,A,2009-09-04,11.0533
EXR.D.HKD.EUR.SP00.A,D,HKD,EUR,SP00,A,2009-09-07,11.1064
EXR.D.HKD.EUR.SP00.A,D,HKD,EUR,SP00,A,2009-09-08,11.2169
EXR.D.HKD.EUR.SP00.A,D,HKD,EUR,SP00,A,2009-09-09,11.255
EXR.D.HKD.EUR.SP00.A,D,HKD,EUR,SP00,A,2009-09-10,11.273
EXR.D.HKD.EUR.SP00.A,D,HKD,EUR,SP00,A,2009-09-11,11.3106
EXR.D.HKD.EUR.SP00.A,D,HKD,EUR,SP00,A,2009-09-14,11.2849
EXR.D.HKD.EUR.SP00.A,D,HKD,EUR,SP00,A,2009-09-15,11.3235
EXR.D.HKD.EUR.SP00.A,D,HKD,EUR,SP00,A,2009-09-16,11.37
EXR.D.HKD.EUR.SP00.A,D,HKD,EUR,SP00,A,2009-09-17,11.4021
EXR.D.HKD.EUR.SP00.A,D,HKD,EUR,SP00,A,2009-09-18,11.3966
EXR.D.HKD.EUR.SP00.A,D,HKD,EUR,SP00,A,2009-09-21,11.3609
EXR.D.HKD.EUR.SP00.A,D,HKD,EUR,SP00,A,2009-09-22,11.4552
EXR.D.HKD.EUR.SP00.A,D,HKD,EUR,SP00,A,2009-09-23,11.4578
EXR.D.HKD.EUR.SP00.A,D,HKD,EUR,SP00,A,2009-09-24,11.4457
EXR.D.HKD.EUR.SP00.A,D,HKD,EUR,SP00,A,2009-09-25,11.3696
EXR.D.HKD.EUR.SP00.A,D,HKD,EUR,SP00,A,2009-09-28,11.3542
EXR.D.HKD.EUR.SP00.A,D,HKD,EUR,SP00,A,2009-09-29,11.2758
EXR.D.HKD.EUR.SP00.A,D,HKD,EUR,SP00,A,2009-09-30,11.3485
EXR.D.HKD.EUR.SP00.A,D,HKD,EUR,SP00,A,2009-10-01,11.2679
EXR.D.HKD.EUR.SP00.A,D,HKD,EUR,SP00,A,2009-10-02,11.2664
EXR.D.HKD.EUR.SP00.A,D,HKD,EUR,SP00,A,2009-10-05,11.3275
EXR.D.HKD.EUR.SP00.A,D,HKD,EUR,SP00,A,2009-10-06,11.4099
EXR.D.HKD.EUR.SP00.A,D,HKD,EUR,SP00,A,2009-10-07,11.3879
EXR.D.HKD.EUR.SP00.A,D,HKD,EUR,SP00,A,2009-10-08,11.4414
EXR.D.HKD.EUR.SP00.A,D,HKD,EUR,SP00,A,2009-10-09,11.4314
EXR.D.HKD.EUR.SP00.A,D,HKD,EUR,SP00,A,2009-10-12,11.4432
EXR.D.HKD.EUR.SP00.A,D,HKD,EUR,SP00,A,2009-10-13,11.5198
EXR.D.HKD.EUR.SP00.A,D,HKD,EUR,SP00,A,2009-10-14,11.5329
EXR.D.HKD.EUR.SP00.A,D,HKD,EUR,SP00,A,2009-10-15,11.5196
EXR.D.HKD.EUR.SP00.A,D,HKD,EUR,SP00,A,2009-10-16,11.5235
EXR.D.HKD.EUR.SP00.A,D,HKD,EUR,SP00,A,2009-10-19,11.5616
EXR.D.HKD.EUR.SP00.A,D,HKD,EUR,SP00,A,2009-10-20,11.6025
EXR.D.HKD.EUR.SP00.A,D,HKD,EUR,SP00,A,2009-10-21,11.5639
EXR.D.HKD.EUR.SP00.A,D,HKD,EUR,SP00,A,2009-10-22,11.6251
EXR.D.HKD.EUR.SP00.A,D,HKD,EUR,SP00,A,2009-10-23,11.6405
EXR.D.HKD.EUR.SP00.A,D,HKD,EUR,SP00,A,2009-10-26,11.6399
EXR.D.HKD.EUR.SP00.A,D,HKD,EUR,SP00,A,2009-10-27,11.5273
EXR.D.HKD.EUR.SP00.A,D,HKD,EUR,SP00,A,2009-10-28,11.4585
EXR.D.HKD.EUR.SP00.A,D,HKD,EUR,SP00,A,2009-10-29,11.4609
EXR.D.HKD.EUR.SP00.A,D,HKD,EUR,SP00,A,2009-10-30,11.4702
EXR.D.HKD.EUR.SP00.A,D,HKD,EUR,SP00,A,2009-11-02,11.4485
EXR.D.HKD.EUR.SP00.A,D,HKD,EUR,SP00,A,2009-11-03,11.3604
EXR.D.HKD.EUR.SP00.A,D,HKD,EUR,SP00,A,2009-11-04,11.4399
EXR.D.HKD.EUR.SP00.A,D,HKD,EUR,SP00,A,2009-11-05,11.5219
EXR.D.HKD.EUR.SP00.A,D,HKD,EUR,SP00,A,2009-11-06,11.518
EXR.D.HKD.EUR.SP00.A,D,HKD,EUR,SP00,A,2009-11-09,11.6118
EXR.D.HKD.EUR.SP00.A,D,HKD,EUR,SP00,A,2009-11-10,11.5988
EXR.D.HKD.EUR.SP00.A,D,HKD,EUR,SP00,A,2009-11-11,11.6538
EXR.D.HKD.EUR.SP00.A,D,HKD,EUR,SP00,A,2009-11-12,11.5646
EXR.D.HKD.EUR.SP00.A,D,HKD,EUR,SP00,A,2009-11-13,11.5227
EXR.D.HKD.EUR.SP00.A,D,HKD,EUR,SP00,A,2009-11-16,11.5978
EXR.D.HKD.EUR.SP00.A,D,HKD,EUR,SP00,A,2009-11-17,11.5283
EXR.D.HKD.EUR.SP00.A,D,HKD,EUR,SP00,A,2009-11-18,11.5917
EXR.D.HKD.EUR.SP00.A,D,HKD,EUR,SP00,A,2009-11-19,11.519
EXR.D.HKD.EUR.SP00.A,D,HKD,EUR,SP00,A,2009-11-20,11.4816
EXR.D.HKD.EUR.SP00.A,D,HKD,EUR,SP00,A,2009-11-23,11.6003
EXR.D.HKD.EUR.SP00.A,D,HKD,EUR,SP00,A,2009-11-24,11.601
EXR.D.HKD.EUR.SP00.A,D,HKD,EUR,SP00,A,2009-11-25,11.6893
EXR.D.HKD.EUR.SP00.A,D,HKD,EUR,SP00,A,2009-11-26,11.6802
EXR.D.HKD.EUR.SP00.A,D,HKD,EUR,SP00,A,2009-11-27,11.562
EXR.D.HKD.EUR.SP00.A,D,HKD,EUR,SP00,A,2009-11-30,11.6431
EXR.D.HKD.EUR.SP00.A,D,HKD,EUR,SP00,A,2009-12-01,11.6824
EXR.D.HKD.EUR.SP00.A,D,HKD,EUR,SP00,A,2009-12-02,11.6949
EXR.D.HKD.EUR.SP00.A,D,HKD,EUR,SP00,A,2009-12-03,11.718
EXR.D.HKD.EUR.SP00.A,D,HKD,EUR,SP00,A,2009-12-04,11.6778
EXR.D.HKD.EUR.SP00.A,D,HKD,EUR,SP00,A,2009-12-07,11.4605
EXR.D.HKD.EUR.SP00.A,D,HKD,EUR,SP00,A,2009-12-08,11.4504
EXR.D.HKD.EUR.SP00.A,D,HKD,EUR,SP00,A,2009-12-09,11.4461
EXR.D.HKD.EUR.SP00.A,D,HKD,EUR,SP00,A,2009-12-10,11.4168
EXR.D.HKD.EUR.SP00.A,D,HKD,EUR,SP00,A,2009-12-11,11.4373
EXR.D.HKD.EUR.SP00.A,D,HKD,EUR,SP00,A,2009-12-14,11.3537
EXR.D.HKD.EUR.SP00.A,D,HKD,EUR,SP00,A,2009-12-15,11.2735
EXR.D.HKD.EUR.SP00.A,D,HKD,EUR,SP00,A,2009-12-16,11.289
EXR.D.HKD.EUR.SP00.A,D,HKD,EUR,SP00,A,2009-12-17,11.1261
EXR.D.HKD.EUR.SP00.A,D,HKD,EUR,SP00,A,2009-12-18,11.1208
EXR.D.HKD.EUR.SP00.A,D,HKD,EUR,SP00,A,2009-12-21,11.1405
EXR.D.HKD.EUR.SP00.A,D,HKD,EUR,SP00,A,2009-12-22,11.0744
EXR.D.HKD.EUR.SP00.A,D,HKD,EUR,SP00,A,2009-12-23,11.0698
EXR.D.HKD.EUR.SP00.A,D,HKD,EUR,SP00,A,2009-12-24,11.1645
EXR.D.HKD.EUR.SP00.A,D,HKD,EUR,SP00,A,2009-12-25,
EXR.D.HKD.EUR.SP00.A,D,HKD,EUR,SP00,A,2009-12-28,11.1713
EXR.D.HKD.EUR.SP00.A,D,HKD,EUR,SP00,A,2009-12-29,11.1938
EXR.D.HKD.EUR.SP00.A,D,HKD,EUR,SP00,A,2009-12-30,11.1187
EXR.D.HKD.EUR.SP00.A,D,HKD,EUR,SP00,A,2009-12-31,11.1709
EXR.D.HKD.EUR.SP00.A,D,HKD,EUR,SP00,A,2010-01-01,
EXR.D.HKD.EUR.SP00.A,D,HKD,EUR,SP00,A,2010-01-04,11.1608
EXR.D.HKD.EUR.SP00.A,D,HKD,EUR,SP00,A,2010-01-05,11.2017
EXR.D.HKD.EUR.SP00.A,D,HKD,EUR,SP00,A,2010-01-06,11.129
EXR.D.HKD.EUR.SP00.A,D,HKD,EUR,SP00,A,2010-01-07,11.093
EXR.D.HKD.EUR.SP00.A,D,HKD,EUR,SP00,A,2010-01-08,11.0699
EXR.D.HKD.EUR.SP00.A,D,HKD,EUR,SP00,A,2010-01-11,11.2666
EXR.D.HKD.EUR.SP00.A,D,HKD,EUR,SP00,A,2010-01-12,11.2301
EXR.D.HKD.EUR.SP00.A,D,HKD,EUR,SP00,A,2010-01-13,11.2934
EXR.D.HKD.EUR.SP00.A,D,HKD,EUR,SP00,A,2010-01-14,11.2366
EXR.D.HKD.EUR.SP00.A,D,HKD,EUR,SP00,A,2010-01-15,11.1536
EXR.D.HKD.EUR.SP00.A,D,HKD,EUR,SP00,A,2010-01-18,11.1529
EXR.D.HKD.EUR.SP00.A,D,HKD,EUR,SP00,A,2010-01-19,11.0846
EXR.D.HKD.EUR.SP00.A,D,HKD,EUR,SP00,A,2010-01-20,10.9753
EXR.D.HKD.EUR.SP00.A,D,HKD,EUR,SP00,A,2010-01-21,10.9265
EXR.D.HKD.EUR.SP00.A,D,HKD,EUR,SP00,A,2010-01-22,10.9846
EXR.D.HKD.EUR.SP00.A,D,HKD,EUR,SP00,A,2010-01-25,10.9929
EXR.D.HKD.EUR.SP00.A,D,HKD,EUR,SP00,A,2010-01-26,10.9494
EXR.D.HKD.EUR.SP00.A,D,HKD,EUR,SP00,A,2010-01-27,10.9422
EXR.D.HKD.EUR.SP00.A,D,HKD,EUR,SP00,A,2010-01-28,10.8755
EXR.D.HKD.EUR.SP00.A,D,HKD,EUR,SP00,A,2010-01-29,10.847
EXR.D.HKD.EUR.SP00.A,D,HKD,EUR,SP00,A,2010-02-01,10.8066
EXR.D.HKD.EUR.SP00.A,D,HKD,EUR,SP00,A,2010-02-02,10.8263
EXR.D.HKD.EUR.SP00.A,D,HKD,EUR,SP00,A,2010-02-03,10.858
EXR.D.HKD.EUR.SP00.A,D,HKD,EUR,SP00,A,2010-02-04,10.7583
EXR.D.HKD.EUR.SP00.A,D,HKD,EUR,SP00,A,2010-02-05,10.6395
EXR.D.HKD.EUR.SP00.A,D,HKD,EUR,SP00,A,2010-02-08,10.6263
EXR.D.HKD.EUR.SP00.A,D,HKD,EUR,SP00,A,2010-02-09,10.6906
EXR.D.HKD.EUR.SP00.A,D,HKD,EUR,SP00,A,2010-02-10,10.6766
EXR.D.HKD.EUR.SP00.A,D,HKD,EUR,SP00,A,2010-02-11,10.659
EXR.D.HKD.EUR.SP00.A,D,HKD,EUR,SP00,A,2010-02-12,10.5464
EXR.D.HKD.EUR.SP00.A,D,HKD,EUR,SP00,A,2010-02-15,10.5736
EXR.D.HKD.EUR.SP00.A,D,HKD,EUR,SP00,A,2010-02-16,10.6062
EXR.D.HKD.EUR.SP00.A,D,HKD,EUR,SP00,A,2010-02-17,10.6634
EXR.D.HKD.EUR.SP00.A,D,HKD,EUR,SP00,A,2010-02-18,10.5364
EXR.D.HKD.EUR.SP00.A,D,HKD,EUR,SP00,A,2010-02-19,10.4999
EXR.D.HKD.EUR.SP00.A,D,HKD,EUR,SP00,A,2010-02-22,10.5789
EXR.D.HKD.EUR.SP00.A,D,HKD,EUR,SP00,A,2010-02-23,10.5382
EXR.D.HKD.EUR.SP00.A,D,HKD,EUR,SP00,A,2010-02-24,10.5185
EXR.D.HKD.EUR.SP00.A,D,HKD,EUR,SP00,A,2010-02-25,10.4727
EXR.D.HKD.EUR.SP00.A,D,HKD,EUR,SP00,A,2010-02-26,10.5336
EXR.D.HKD.EUR.SP00.A,D,HKD,EUR,SP00,A,2010-03-01,10.5007
EXR.D.HKD.EUR.SP00.A,D,HKD,EUR,SP00,A,2010-03-02,10.518
EXR.D.HKD.EUR.SP00.A,D,HKD,EUR,SP00,A,2010-03-03,10.5891
EXR.D.HKD.EUR.SP00.A,D,HKD,EUR,SP00,A,2010-03-04,10.6105
EXR.D.HKD.EUR.SP00.A,D,HKD,EUR,SP00,A,2010-03-05,10.5438
EXR.D.HKD.EUR.SP00.A,D,HKD,EUR,SP00,A,2010-03-08,10.6001
EXR.D.HKD.EUR.SP00.A,D,HKD,EUR,SP00,A,2010-03-09,10.5208
EXR.D.HKD.EUR.SP00.A,D,HKD,EUR,SP00,A,2010-03-10,10.5606
EXR.D.HKD.EUR.SP00.A,D,HKD,EUR,SP00,A,2010-03-11,10.5974
EXR.D.HKD.EUR.SP00.A,D,HKD,EUR,SP00,A,2010-03-12,10.6787
EXR.D.HKD.EUR.SP00.A,D,HKD,EUR,SP00,A,2010-03-15,10.6338
EXR.D.HKD.EUR.SP00.A,D,HKD,EUR,SP00,A,2010-03-16,10.6493
EXR.D.HKD.EUR.SP00.A,D,HKD,EUR,SP00,A,2010-03-17,10.6769
EXR.D.HKD.EUR.SP00.A,D,HKD,EUR,SP00,A,2010-03-18,10.601
EXR.D.HKD.EUR.SP00.A,D,HKD,EUR,SP00,A,2010-03-19,10.5128
EXR.D.HKD.EUR.SP00.A,D,HKD,EUR,SP00,A,2010-03-22,10.4552
EXR.D.HKD.EUR.SP00.A,D,HKD,EUR,SP00,A,2010-03-23,10.4937
EXR.D.HKD.EUR.SP00.A,D,HKD,EUR,SP00,A,2010-03-24,10.3524
EXR.D.HKD.EUR.SP00.A,D,HKD,EUR,SP00,A,2010-03-25,10.3662
EXR.D.HKD.EUR.SP00.A,D,HKD,EUR,SP00,A,2010-03-26,10.3653
EXR.D.HKD.EUR.SP00.A,D,HKD,EUR,SP00,A,2010-03-29,10.4596
EXR.D.HKD.EUR.SP00.A,D,HKD,EUR,SP00,A,2010-03-30,10.4682
EXR.D.HKD.EUR.SP00.A,D,HKD,EUR,SP00,A,2010-03-31,10.4653
EXR.D.HKD.EUR.SP00.A,D,HKD,EUR,SP00,A,2010-04-01,10.4604
EXR.D.HKD.EUR.SP00.A,D,HKD,EUR,SP00,A,2010-04-02,
EXR.D.HKD.EUR.SP00.A,D,HKD,EUR,SP00,A,2010-04-05,
EXR.D.HKD.EUR.SP00.A,D,HKD,EUR,SP00,A,2010-04-06,10.403
EXR.D.HKD.EUR.SP00.A,D,HKD,EUR,SP00,A,2010-04-07,10.3568
EXR.D.HKD.EUR.SP00.A,D,HKD,EUR,SP00,A,2010-04-08,10.3181
EXR.D.HKD.EUR.SP00.A,D,HKD,EUR,SP00,A,2010-04-09,10.3839
EXR.D.HKD.EUR.SP00.A,D,HKD,EUR,SP00,A,2010-04-12,10.5396
EXR.D.HKD.EUR.SP00.A,D,HKD,EUR,SP00,A,2010-04-13,10.5414
EXR.D.HKD.EUR.SP00.A,D,HKD,EUR,SP00,A,2010-04-14,10.5665
EXR.D.HKD.EUR.SP00.A,D,HKD,EUR,SP00,A,2010-04-15,10.5119
EXR.D.HKD.EUR.SP00.A,D,HKD,EUR,SP00,A,2010-04-16,10.5062
EXR.D.HKD.EUR.SP00.A,D,HKD,EUR,SP00,A,2010-04-19,10.427
EXR.D.HKD.EUR.SP00.A,D,HKD,EUR,SP00,A,2010-04-20,10.4688
EXR.D.HKD.EUR.SP00.A,D,HKD,EUR,SP00,A,2010-04-21,10.3814
EXR.D.HKD.EUR.SP00.A,D,HKD,EUR,SP00,A,2010-04-22,10.3535
EXR.D.HKD.EUR.SP00.A,D,HKD,EUR,SP00,A,2010-04-23,10.3327
EXR.D.HKD.EUR.SP00.A,D,HKD,EUR,SP00,A,2010-04-26,10.3421
EXR.D.HKD.EUR.SP00.A,D,HKD,EUR,SP00,A,2010-04-27,10.3178
EXR.D.HKD.EUR.SP00.A,D,HKD,EUR,SP00,A,2010-04-28,10.2883
EXR.D.HKD.EUR.SP00.A,D,HKD,EUR,SP00,A,2010-04-29,10.2936
EXR.D.HKD.EUR.SP00.A,D,HKD,EUR,SP00,A,2010-04-30,10.3367
EXR.D.HKD.EUR.SP00.A,D,HKD,EUR,SP00,A,2010-05-03,10.2767
EXR.D.HKD.EUR.SP00.A,D,HKD,EUR,SP00,A,2010-05-04,10.1624
EXR.D.HKD.EUR.SP00.A,D,HKD,EUR,SP00,A,2010-05-05,10.0374
EXR.D.HKD.EUR.SP00.A,D,HKD,EUR,SP00,A,2010-05-06,9.8908
EXR.D.HKD.EUR.SP00.A,D,HKD,EUR,SP00,A,2010-05-07,9.916
EXR.D.HKD.EUR.SP00.A,D,HKD,EUR,SP00,A,2010-05-10,10.0886
EXR.D.HKD.EUR.SP00.A,D,HKD,EUR,SP00,A,2010-05-11,9.8808
EXR.D.HKD.EUR.SP00.A,D,HKD,EUR,SP00,A,2010-05-12,9.871
EXR.D.HKD.EUR.SP00.A,D,HKD,EUR,SP00,A,2010-05-13,9.795
EXR.D.HKD.EUR.SP00.A,D,HKD,EUR,SP00,A,2010-05-14,9.7224
EXR.D.HKD.EUR.SP00.A,D,HKD,EUR,SP00,A,2010-05-17,9.6324
EXR.D.HKD.EUR.SP00.A,D,HKD,EUR,SP00,A,2010-05-18,9.6877
EXR.D.HKD.EUR.SP00.A,D,HKD,EUR,SP00,A,2010-05-19,9.5725
EXR.D.HKD.EUR.SP00.A,D,HKD,EUR,SP00,A,2010-05-20,9.6233
EXR.D.HKD.EUR.SP00.A,D,HKD,EUR,SP00,A,2010-05-21,9.7547
EXR.D.HKD.EUR.SP00.A,D,HKD,EUR,SP00,A,2010-05-24,9.6421
EXR.D.HKD.EUR.SP00.A,D,HKD,EUR,SP00,A,2010-05-25,9.537
EXR.D.HKD.EUR.SP00.A,D,HKD,EUR,SP00,A,2010-05-26,9.5982
EXR.D.HKD.EUR.SP00.A,D,HKD,EUR,SP00,A,2010-05-27,9.5437
EXR.D.HKD.EUR.SP00.A,D,HKD,EUR,SP00,A,2010-05-28,9.647
EXR.D.HKD.EUR.SP00.A,D,HKD,EUR,SP00,A,2010-05-31,9.5905
EXR.D.HKD.EUR.SP00.A,D,HKD,EUR,SP00,A,2010-06-01,9.472
EXR.D.HKD.EUR.SP00.A,D,HKD,EUR,SP00,A,2010-06-02,9.5217
EXR.D.HKD.EUR.SP00.A,D,HKD,EUR,SP00,A,2010-06-03,9.5586
EXR.D.HKD.EUR.SP00.A,D,HKD,EUR,SP00,A,2010-06-04,9.3984
EXR.D.HKD.EUR.SP00.A,D,HKD,EUR,SP00,A,2010-06-07,9.3325
EXR.D.HKD.EUR.SP00.A,D,HKD,EUR,SP00,A,2010-06-08,9.3202
EXR.D.HKD.EUR.SP00.A,D,HKD,EUR,SP00,A,2010-06-09,9.3681
EXR.D.HKD.EUR.SP00.A,D,HKD,EUR,SP00,A,2010-06-10,9.3875
EXR.D.HKD.EUR.SP00.A,D,HKD,EUR,SP00,A,2010-06-11,9.4514
EXR.D.HKD.EUR.SP00.A,D,HKD,EUR,SP00,A,2010-06-14,9.545
EXR.D.HKD.EUR.SP00.A,D,HKD,EUR,SP00,A,2010-06-15,9.55
EXR.D.HKD.EUR.SP00.A,D,HKD,EUR,SP00,A,2010-06-16,9.5658
EXR.D.HKD.EUR.SP00.A,D,HKD,EUR,SP00,A,2010-06-17,9.6299
EXR.D.HKD.EUR.SP00.A,D,HKD,EUR,SP00,A,2010-06-18,9.6309
EXR.D.HKD.EUR.SP00.A,D,HKD,EUR,SP00,A,2010-06-21,9.6296
EXR.D.HKD.EUR.SP00.A,D,HKD,EUR,SP00,A,2010-06-22,9.5379
EXR.D.HKD.EUR.SP00.A,D,HKD,EUR,SP00,A,2010-06-23,9.5445
EXR.D.HKD.EUR.SP00.A,D,HKD,EUR,SP00,A,2010-06-24,9.5388
EXR.D.HKD.EUR.SP00.A,D,HKD,EUR,SP00,A,2010-06-25,9.5631
EXR.D.HKD.EUR.SP00.A,D,HKD,EUR,SP00,A,2010-06-28,9.6031
EXR.D.HKD.EUR.SP00.A,D,HKD,EUR,SP00,A,2010-06-29,9.4958
EXR.D.HKD.EUR.SP00.A,D,HKD,EUR,SP00,A,2010-06-30,9.5549
EXR.D.HKD.EUR.SP00.A,D,HKD,EUR,SP00,A,2010-07-01,9.6059
EXR.D.HKD.EUR.SP00.A,D,HKD,EUR,SP00,A,2010-07-02,9.7794
EXR.D.HKD.EUR.SP00.A,D,HKD,EUR,SP00,A,2010-07-05,9.7606
EXR.D.HKD.EUR.SP00.A,D,HKD,EUR,SP00,A,2010-07-06,9.7979
EXR.D.HKD.EUR.SP00.A,D,HKD,EUR,SP00,A,2010-07-07,9.7913
EXR.D.HKD.EUR.SP00.A,D,HKD,EUR,SP00,A,2010-07-08,9.8599
EXR.D.HKD.EUR.SP00.A,D,HKD,EUR,SP00,A,2010-07-09,9.8283
EXR.D.HKD.EUR.SP00.A,D,HKD,EUR,SP00,A,2010-07-12,9.7748
EXR.D.HKD.EUR.SP00.A,D,HKD,EUR,SP00,A,2010-07-13,9.7715
EXR.D.HKD.EUR.SP00.A,D,HKD,EUR,SP00,A,2010-07-14,9.8744
EXR.D.HKD.EUR.SP00.A,D,HKD,EUR,SP00,A,2010-07-15,9.9669
EXR.D.HKD.EUR.SP00.A,D,HKD,EUR,SP00,A,2010-07-16,10.1061
EXR.D.HKD.EUR.SP00.A,D,HKD,EUR,SP00,A,2010-07-19,10.0762
EXR.D.HKD.EUR.SP00.A,D,HKD,EUR,SP00,A,2010-07-20,9.9873
EXR.D.HKD.EUR.SP00.A,D,HKD,EUR,SP00,A,2010-07-21,9.9646
EXR.D.HKD.EUR.SP00.A,D,HKD,EUR,SP00,A,2010-07-22,9.9889
EXR.D.HKD.EUR.SP00.A,D,HKD,EUR,SP00,A,2010-07-23,10.02
EXR.D.HKD.EUR.SP00.A,D,HKD,EUR,SP00,A,2010-07-26,10.0453
EXR.D.HKD.EUR.SP00.A,D,HKD,EUR,SP00,A,2010-07-27,10.1214
EXR.D.HKD.EUR.SP00.A,D,HKD,EUR,SP00,A,2010-07-28,10.0901
EXR.D.HKD.EUR.SP00.A,D,HKD,EUR,SP00,A,2010-07-29,10.1498
EXR.D.HKD.EUR.SP00.A,D,HKD,EUR,SP00,A,2010-07-30,10.118
EXR.D.HKD.EUR.SP00.A,D,HKD,EUR,SP00,A,2010-08-02,10.1499
EXR.D.HKD.EUR.SP00.A,D,HKD,EUR,SP00,A,2010-08-03,10.2627
EXR.D.HKD.EUR.SP00.A,D,HKD,EUR,SP00,A,2010-08-04,10.2526
EXR.D.HKD.EUR.SP00.A,D,HKD,EUR,SP00,A,2010-08-05,10.236
EXR.D.HKD.EUR.SP00.A,D,HKD,EUR,SP00,A,2010-08-06,10.2277
EXR.D.HKD.EUR.SP00.A,D,HKD,EUR,SP00,A,2010-08-09,10.2876
EXR.D.HKD.EUR.SP00.A,D,HKD,EUR,SP00,A,2010-08-10,10.196
EXR.D.HKD.EUR.SP00.A,D,HKD,EUR,SP00,A,2010-08-11,10.1076
EXR.D.HKD.EUR.SP00.A,D,HKD,EUR,SP00,A,2010-08-12,9.9344
EXR.D.HKD.EUR.SP00.A,D,HKD,EUR,SP00,A,2010-08-13,9.9468
EXR.D.HKD.EUR.SP00.A,D,HKD,EUR,SP00,A,2010-08-16,9.9642
EXR.D.HKD.EUR.SP00.A,D,HKD,EUR,SP00,A,2010-08-17,9.9919
EXR.D.HKD.EUR.SP00.A,D,HKD,EUR,SP00,A,2010-08-18,10.0087
EXR.D.HKD.EUR.SP00.A,D,HKD,EUR,SP00,A,2010-08-19,9.9748
EXR.D.HKD.EUR.SP00.A,D,HKD,EUR,SP00,A,2010-08-20,9.8823
EXR.D.HKD.EUR.SP00.A,D,HKD,EUR,SP00,A,2010-08-23,9.8768
EXR.D.HKD.EUR.SP00.A,D,HKD,EUR,SP00,A,2010-08-24,9.8066
EXR.D.HKD.EUR.SP00.A,D,HKD,EUR,SP00,A,2010-08-25,9.8098
EXR.D.HKD.EUR.SP00.A,D,HKD,EUR,SP00,A,2010-08-26,9.8722
EXR.D.HKD.EUR.SP00.A,D,HKD,EUR,SP00,A,2010-08-27,9.8901
EXR.D.HKD.EUR.SP00.A,D,HKD,EUR,SP00,A,2010-08-30,9.8806
EXR.D.HKD.EUR.SP00.A,D,HKD,EUR,SP00,A,2010-08-31,9.8653
EXR.D.HKD.EUR.SP00.A,D,HKD,EUR,SP00,A,2010-09-01,9.9542
EXR.D.HKD.EUR.SP00.A,D,HKD,EUR,SP00,A,2010-09-02,9.9619
EXR.D.HKD.EUR.SP00.A,D,HKD,EUR,SP00,A,2010-09-03,9.9745
EXR.D.HKD.EUR.SP00.A,D,HKD,EUR,SP00,A,2010-09-06,9.9997
EXR.D.HKD.EUR.SP00.A,D,HKD,EUR,SP00,A,2010-09-07,9.8992
EXR.D.HKD.EUR.SP00.A,D,HKD,EUR,SP00,A,2010-09-08,9.8677
EXR.D.HKD.EUR.SP00.A,D,HKD,EUR,SP00,A,2010-09-09,9.8789
EXR.D.HKD.EUR.SP00.A,D,HKD,EUR,SP00,A,2010-09-10,9.8844
EXR.D.HKD.EUR.SP00.A,D,HKD,EUR,SP00,A,2010-09-13,9.9432
EXR.D.HKD.EUR.SP00.A,D,HKD,EUR,SP00,A,2010-09-14,9.981
EXR.D.HKD.EUR.SP00.A,D,HKD,EUR,SP00,A,2010-09-15,10.0888
EXR.D.HKD.EUR.SP00.A,D,HKD,EUR,SP00,A,2010-09-16,10.1585
EXR.D.HKD.EUR.SP00.A,D,HKD,EUR,SP00,A,2010-09-17,10.1425
EXR.D.HKD.EUR.SP00.A,D,HKD,EUR,SP00,A,2010-09-20,10.1527
EXR.D.HKD.EUR.SP00.A,D,HKD,EUR,SP00,A,2010-09-21,10.184
EXR.D.HKD.EUR.SP00.A,D,HKD,EUR,SP00,A,2010-09-22,10.3714
EXR.D.HKD.EUR.SP00.A,D,HKD,EUR,SP00,A,2010-09-23,10.3376
EXR.D.HKD.EUR.SP00.A,D,HKD,EUR,SP00,A,2010-09-24,10.4043
EXR.D.HKD.EUR.SP00.A,D,HKD,EUR,SP00,A,2010-09-27,10.4549
EXR.D.HKD.EUR.SP00.A,D,HKD,EUR,SP00,A,2010-09-28,10.443
EXR.D.HKD.EUR.SP00.A,D,HKD,EUR,SP00,A,2010-09-29,10.5607
EXR.D.HKD.EUR.SP00.A,D,HKD,EUR,SP00,A,2010-09-30,10.5918
EXR.D.HKD.EUR.SP00.A,D,HKD,EUR,SP00,A,2010-10-01,10.6511
EXR.D.HKD.EUR.SP00.A,D,HKD,EUR,SP00,A,2010-10-04,10.6334
EXR.D.HKD.EUR.SP00.A,D,HKD,EUR,SP00,A,2010-10-05,10.6886
EXR.D.HKD.EUR.SP00.A,D,HKD,EUR,SP00,A,2010-10-06,10.7471
EXR.D.HKD.EUR.SP00.A,D,HKD,EUR,SP00,A,2010-10-07,10.8333
EXR.D.HKD.EUR.SP00.A,D,HKD,EUR,SP00,A,2010-10-08,10.7641
EXR.D.HKD.EUR.SP00.A,D,HKD,EUR,SP00,A,2010-10-11,10.8131
EXR.D.HKD.EUR.SP00.A,D,HKD,EUR,SP00,A,2010-10-12,10.735
EXR.D.HKD.EUR.SP00.A,D,HKD,EUR,SP00,A,2010-10-13,10.8317
EXR.D.HKD.EUR.SP00.A,D,HKD,EUR,SP00,A,2010-10-14,10.9419
EXR.D.HKD.EUR.SP00.A,D,HKD,EUR,SP00,A,2010-10-15,10.93
EXR.D.HKD.EUR.SP00.A,D,HKD,EUR,SP00,A,2010-10-18,10.7812
EXR.D.HKD.EUR.SP00.A,D,HKD,EUR,SP00,A,2010-10-19,10.7531
EXR.D.HKD.EUR.SP00.A,D,HKD,EUR,SP00,A,2010-10-20,10.7604
EXR.D.HKD.EUR.SP00.A,D,HKD,EUR,SP00,A,2010-10-21,10.8813
EXR.D.HKD.EUR.SP00.A,D,HKD,EUR,SP00,A,2010-10-22,10.8203
EXR.D.HKD.EUR.SP00.A,D,HKD,EUR,SP00,A,2010-10-25,10.8887
EXR.D.HKD.EUR.SP00.A,D,HKD,EUR,SP00,A,2010-10-26,10.7925
EXR.D.HKD.EUR.SP00.A,D,HKD,EUR,SP00,A,2010-10-27,10.7096
EXR.D.HKD.EUR.SP00.A,D,HKD,EUR,SP00,A,2010-10-28,10.7501
EXR.D.HKD.EUR.SP00.A,D,HKD,EUR,SP00,A,2010-10-29,10.7467
EXR.D.HKD.EUR.SP00.A,D,HKD,EUR,SP00,A,2010-11-01,10.7957
EXR.D.HKD.EUR.SP00.A,D,HKD,EUR,SP00,A,2010-11-02,10.866
EXR.D.HKD.EUR.SP00.A,D,HKD,EUR,SP00,A,2010-11-03,10.8624
EXR.D.HKD.EUR.SP00.A,D,HKD,EUR,SP00,A,2010-11-04,11.0404
EXR.D.HKD.EUR.SP00.A,D,HKD,EUR,SP00,A,2010-11-05,10.917
EXR.D.HKD.EUR.SP00.A,D,HKD,EUR,SP00,A,2010-11-08,10.788
EXR.D.HKD.EUR.SP00.A,D,HKD,EUR,SP00,A,2010-11-09,10.8093
EXR.D.HKD.EUR.SP00.A,D,HKD,EUR,SP00,A,2010-11-10,10.674
EXR.D.HKD.EUR.SP00.A,D,HKD,EUR,SP00,A,2010-11-11,10.6198
EXR.D.HKD.EUR.SP00.A,D,HKD,EUR,SP00,A,2010-11-12,10.6279
EXR.D.HKD.EUR.SP00.A,D,HKD,EUR,SP00,A,2010-11-15,10.5636
EXR.D.HKD.EUR.SP00.A,D,HKD,EUR,SP00,A,2010-11-16,10.5546
EXR.D.HKD.EUR.SP00.A,D,HKD,EUR,SP00,A,2010-11-17,10.4566
EXR.D.HKD.EUR.SP00.A,D,HKD,EUR,SP00,A,2010-11-18,10.5816
EXR.D.HKD.EUR.SP00.A,D,HKD,EUR,SP00,A,2010-11-19,10.6031
EXR.D.HKD.EUR.SP00.A,D,HKD,EUR,SP00,A,2010-11-22,10.5837
EXR.D.HKD.EUR.SP00.A,D,HKD,EUR,SP00,A,2010-11-23,10.4711
EXR.D.HKD.EUR.SP00.A,D,HKD,EUR,SP00,A,2010-11-24,10.3485
EXR.D.HKD.EUR.SP00.A,D,HKD,EUR,SP00,A,2010-11-25,10.3369
EXR.D.HKD.EUR.SP00.A,D,HKD,EUR,SP00,A,2010-11-26,10.2671
EXR.D.HKD.EUR.SP00.A,D,HKD,EUR,SP00,A,2010-11-29,10.2056
EXR.D.HKD.EUR.SP00.A,D,HKD,EUR,SP00,A,2010-11-30,10.0979
EXR.D.HKD.EUR.SP00.A,D,HKD,EUR,SP00,A,2010-12-01,10.1864
EXR.D.HKD.EUR.SP00.A,D,HKD,EUR,SP00,A,2010-12-02,10.2194
EXR.D.HKD.EUR.SP00.A,D,HKD,EUR,SP00,A,2010-12-03,10.2846
EXR.D.HKD.EUR.SP00.A,D,HKD,EUR,SP00,A,2010-12-06,10.3113
EXR.D.HKD.EUR.SP00.A,D,HKD,EUR,SP00,A,2010-12-07,10.374
EXR.D.HKD.EUR.SP00.A,D,HKD,EUR,SP00,A,2010-12-08,10.2555
EXR.D.HKD.EUR.SP00.A,D,HKD,EUR,SP00,A,2010-12-09,10.2665
EXR.D.HKD.EUR.SP00.A,D,HKD,EUR,SP00,A,2010-12-10,10.2965
EXR.D.HKD.EUR.SP00.A,D,HKD,EUR,SP00,A,2010-12-13,10.3175
EXR.D.HKD.EUR.SP00.A,D,HKD,EUR,SP00,A,2010-12-14,10.4441
EXR.D.HKD.EUR.SP00.A,D,HKD,EUR,SP00,A,2010-12-15,10.3878
EXR.D.HKD.EUR.SP00.A,D,HKD,EUR,SP00,A,2010-12-16,10.2939
EXR.D.HKD.EUR.SP00.A,D,HKD,EUR,SP00,A,2010-12-17,10.3124
EXR.D.HKD.EUR.SP00.A,D,HKD,EUR,SP00,A,2010-12-20,10.2258
EXR.D.HKD.EUR.SP00.A,D,HKD,EUR,SP00,A,2010-12-21,10.2264
EXR.D.HKD.EUR.SP00.A,D,HKD,EUR,SP00,A,2010-12-22,10.198
EXR.D.HKD.EUR.SP00.A,D,HKD,EUR,SP00,A,2010-12-23,10.1629
EXR.D.HKD.EUR.SP00.A,D,HKD,EUR,SP00,A,2010-12-24,10.1913
EXR.D.HKD.EUR.SP00.A,D,HKD,EUR,SP00,A,2010-12-27,10.2211
EXR.D.HKD.EUR.SP00.A,D,HKD,EUR,SP00,A,2010-12-28,10.2666
EXR.D.HKD.EUR.SP00.A,D,HKD,EUR,SP00,A,2010-12-29,10.2225
EXR.D.HKD.EUR.SP00.A,D,HKD,EUR,SP00,A,2010-12-30,10.335
EXR.D.HKD.EUR.SP00.A,D,HKD,EUR,SP00,A,2010-12-31,10.3856
EXR.D.HKD.EUR.SP00.A,D,HKD,EUR,SP00,A,2011-01-03,10.3712
EXR.D.HKD.EUR.SP00.A,D,HKD,EUR,SP00,A,2011-01-04,10.4253
EXR.D.HKD.EUR.SP00.A,D,HKD,EUR,SP00,A,2011-01-05,10.2692
EXR.D.HKD.EUR.SP00.A,D,HKD,EUR,SP00,A,2011-01-06,10.1777
EXR.D.HKD.EUR.SP00.A,D,HKD,EUR,SP00,A,2011-01-07,10.0738
EXR.D.HKD.EUR.SP00.A,D,HKD,EUR,SP00,A,2011-01-10,10.034
EXR.D.HKD.EUR.SP00.A,D,HKD,EUR,SP00,A,2011-01-11,10.0702
EXR.D.HKD.EUR.SP00.A,D,HKD,EUR,SP00,A,2011-01-12,10.0858
EXR.D.HKD.EUR.SP00.A,D,HKD,EUR,SP00,A,2011-01-13,10.2613
EXR.D.HKD.EUR.SP00.A,D,HKD,EUR,SP00,A,2011-01-14,10.3796
EXR.D.HKD.EUR.SP00.A,D,HKD,EUR,SP00,A,2011-01-17,10.3517
EXR.D.HKD.EUR.SP00.A,D,HKD,EUR,SP00,A,2011-01-18,10.398
EXR.D.HKD.EUR.SP00.A,D,HKD,EUR,SP00,A,2011-01-19,10.5045
EXR.D.HKD.EUR.SP00.A,D,HKD,EUR,SP00,A,2011-01-20,10.485
EXR.D.HKD.EUR.SP00.A,D,HKD,EUR,SP00,A,2011-01-21,10.5301
EXR.D.HKD.EUR.SP00.A,D,HKD,EUR,SP00,A,2011-01-24,10.581
EXR.D.HKD.EUR.SP00.A,D,HKD,EUR,SP00,A,2011-01-25,10.5967
EXR.D.HKD.EUR.SP00.A,D,HKD,EUR,SP00,A,2011-01-26,10.6511
EXR.D.HKD.EUR.SP00.A,D,HKD,EUR,SP00,A,2011-01-27,10.685
EXR.D.HKD.EUR.SP00.A,D,HKD,EUR,SP00,A,2011-01-28,10.6776
EXR.D.HKD.EUR.SP00.A,D,HKD,EUR,SP00,A,2011-01-31,10.6762
EXR.D.HKD.EUR.SP00.A,D,HKD,EUR,SP00,A,2011-02-01,10.718
EXR.D.HKD.EUR.SP00.A,D,HKD,EUR,SP00,A,2011-02-02,10.749
EXR.D.HKD.EUR.SP00.A,D,HKD,EUR,SP00,A,2011-02-03,10.699
EXR.D.HKD.EUR.SP00.A,D,HKD,EUR,SP00,A,2011-02-04,10.6124
EXR.D.HKD.EUR.SP00.A,D,HKD,EUR,SP00,A,2011-02-07,10.5511
EXR.D.HKD.EUR.SP00.A,D,HKD,EUR,SP00,A,2011-02-08,10.6097
EXR.D.HKD.EUR.SP00.A,D,HKD,EUR,SP00,A,2011-02-09,10.6275
EXR.D.HKD.EUR.SP00.A,D,HKD,EUR,SP00,A,2011-02-10,10.5947
EXR.D.HKD.EUR.SP00.A,D,HKD,EUR,SP00,A,2011-02-11,10.5411
EXR.D.HKD.EUR.SP00.A,D,HKD,EUR,SP00,A,2011-02-14,10.4735
EXR.D.HKD.EUR.SP00.A,D,HKD,EUR,SP00,A,2011-02-15,10.5282
EXR.D.HKD.EUR.SP00.A,D,HKD,EUR,SP00,A,2011-02-16,10.5248
EXR.D.HKD.EUR.SP00.A,D,HKD,EUR,SP00,A,2011-02-17,10.5616
EXR.D.HKD.EUR.SP00.A,D,HKD,EUR,SP00,A,2011-02-18,10.6081
EXR.D.HKD.EUR.SP00.A,D,HKD,EUR,SP00,A,2011-02-21,10.6389
EXR.D.HKD.EUR.SP00.A,D,HKD,EUR,SP00,A,2011-02-22,10.6469
EXR.D.HKD.EUR.SP00.A,D,HKD,EUR,SP00,A,2011-02-23,10.7008
EXR.D.HKD.EUR.SP00.A,D,HKD,EUR,SP00,A,2011-02-24,10.737
EXR.D.HKD.EUR.SP00.A,D,HKD,EUR,SP00,A,2011-02-25,10.7253
EXR.D.HKD.EUR.SP00.A,D,HKD,EUR,SP00,A,2011-02-28,10.7771
EXR.D.HKD.EUR.SP00.A,D,HKD,EUR,SP00,A,2011-03-01,10.7668
EXR.D.HKD.EUR.SP00.A,D,HKD,EUR,SP00,A,2011-03-02,10.7585
EXR.D.HKD.EUR.SP00.A,D,HKD,EUR,SP00,A,2011-03-03,10.7889
EXR.D.HKD.EUR.SP00.A,D,HKD,EUR,SP00,A,2011-03-04,10.8721
EXR.D.HKD.EUR.SP00.A,D,HKD,EUR,SP00,A,2011-03-07,10.9242
EXR.D.HKD.EUR.SP00.A,D,HKD,EUR,SP00,A,2011-03-08,10.8263
EXR.D.HKD.EUR.SP00.A,D,HKD,EUR,SP00,A,2011-03-09,10.8484
EXR.D.HKD.EUR.SP00.A,D,HKD,EUR,SP00,A,2011-03-10,10.764
EXR.D.HKD.EUR.SP00.A,D,HKD,EUR,SP00,A,2011-03-11,10.7315
EXR.D.HKD.EUR.SP00.A,D,HKD,EUR,SP00,A,2011-03-14,10.8694
EXR.D.HKD.EUR.SP00.A,D,HKD,EUR,SP00,A,2011-03-15,10.8267
EXR.D.HKD.EUR.SP00.A,D,HKD,EUR,SP00,A,2011-03-16,10.8761
EXR.D.HKD.EUR.SP00.A,D,HKD,EUR,SP00,A,2011-03-17,10.9252
EXR.D.HKD.EUR.SP00.A,D,HKD,EUR,SP00,A,2011-03-18,11.0232
EXR.D.HKD.EUR.SP00.A,D,HKD,EUR,SP00,A,2011-03-21,11.0688
EXR.D.HKD.EUR.SP00.A,D,HKD,EUR,SP00,A,2011-03-22,11.0763
EXR.D.HKD.EUR.SP00.A,D,HKD,EUR,SP00,A,2011-03-23,11.0186
EXR.D.HKD.EUR.SP00.A,D,HKD,EUR,SP00,A,2011-03-24,11.0122
EXR.D.HKD.EUR.SP00.A,D,HKD,EUR,SP00,A,2011-03-25,11.002
EXR.D.HKD.EUR.SP00.A,D,HKD,EUR,SP00,A,2011-03-28,10.9433
EXR.D.HKD.EUR.SP00.A,D,HKD,EUR,SP00,A,2011-03-29,10.9664
EXR.D.HKD.EUR.SP00.A,D,HKD,EUR,SP00,A,2011-03-30,10.9696
EXR.D.HKD.EUR.SP00.A,D,HKD,EUR,SP00,A,2011-03-31,11.0559
EXR.D.HKD.EUR.SP00.A,D,HKD,EUR,SP00,A,2011-04-01,11.002
EXR.D.HKD.EUR.SP00.A,D,HKD,EUR,SP00,A,2011-04-04,11.0742
EXR.D.HKD.EUR.SP00.A,D,HKD,EUR,SP00,A,2011-04-05,11.0155
EXR.D.HKD.EUR.SP00.A,D,HKD,EUR,SP00,A,2011-04-06,11.1215
EXR.D.HKD.EUR.SP00.A,D,HKD,EUR,SP00,A,2011-04-07,11.1009
EXR.D.HKD.EUR.SP00.A,D,HKD,EUR,SP00,A,2011-04-08,11.1889
EXR.D.HKD.EUR.SP00.A,D,HKD,EUR,SP00,A,2011-04-11,11.2155
EXR.D.HKD.EUR.SP00.A,D,HKD,EUR,SP00,A,2011-04-12,11.2485
EXR.D.HKD.EUR.SP00.A,D,HKD,EUR,SP00,A,2011-04-13,11.2693
EXR.D.HKD.EUR.SP00.A,D,HKD,EUR,SP00,A,2011-04-14,11.1999
EXR.D.HKD.EUR.SP00.A,D,HKD,EUR,SP00,A,2011-04-15,11.2342
EXR.D.HKD.EUR.SP00.A,D,HKD,EUR,SP00,A,2011-04-18,11.1026
EXR.D.HKD.EUR.SP00.A,D,HKD,EUR,SP00,A,2011-04-19,11.124
EXR.D.HKD.EUR.SP00.A,D,HKD,EUR,SP00,A,2011-04-20,11.2843
EXR.D.HKD.EUR.SP00.A,D,HKD,EUR,SP00,A,2011-04-21,11.3313
EXR.D.HKD.EUR.SP00.A,D,HKD,EUR,SP00,A,2011-04-22,
EXR.D.HKD.EUR.SP00.A,D,HKD,EUR,SP00,A,2011-04-25,
EXR.D.HKD.EUR.SP00.A,D,HKD,EUR,SP00,A,2011-04-26,11.3605
EXR.D.HKD.EUR.SP00.A,D,HKD,EUR,SP00,A,2011-04-27,11.3994
EXR.D.HKD.EUR.SP00.A,D,HKD,EUR,SP00,A,2011-04-28,11.496
EXR.D.HKD.EUR.SP00.A,D,HKD,EUR,SP00,A,2011-04-29,11.5427
EXR.D.HKD.EUR.SP00.A,D,HKD,EUR,SP00,A,2011-05-02,11.5224
EXR.D.HKD.EUR.SP00.A,D,HKD,EUR,SP00,A,2011-05-03,11.4814
EXR.D.HKD.EUR.SP00.A,D,HKD,EUR,SP00,A,2011-05-04,11.5623
EXR.D.HKD.EUR.SP00.A,D,HKD,EUR,SP00,A,2011-05-05,11.5146
EXR.D.HKD.EUR.SP00.A,D,HKD,EUR,SP00,A,2011-05-06,11.2686
EXR.D.HKD.EUR.SP00.A,D,HKD,EUR,SP00,A,2011-05-09,11.1901
EXR.D.HKD.EUR.SP00.A,D,HKD,EUR,SP00,A,2011-05-10,11.1595
EXR.D.HKD.EUR.SP00.A,D,HKD,EUR,SP00,A,2011-05-11,11.158
EXR.D.HKD.EUR.SP00.A,D,HKD,EUR,SP00,A,2011-05-12,11.0011
EXR.D.HKD.EUR.SP00.A,D,HKD,EUR,SP00,A,2011-05-13,11.0978
EXR.D.HKD.EUR.SP00.A,D,HKD,EUR,SP00,A,2011-05-16,10.9987
EXR.D.HKD.EUR.SP00.A,D,HKD,EUR,SP00,A,2011-05-17,11.0178
EXR.D.HKD.EUR.SP00.A,D,HKD,EUR,SP00,A,2011-05-18,11.0614
EXR.D.HKD.EUR.SP00.A,D,HKD,EUR,SP00,A,2011-05-19,11.0882
EXR.D.HKD.EUR.SP00.A,D,HKD,EUR,SP00,A,2011-05-20,11.0663
EXR.D.HKD.EUR.SP00.A,D,HKD,EUR,SP00,A,2011-05-23,10.9028
EXR.D.HKD.EUR.SP00.A,D,HKD,EUR,SP00,A,2011-05-24,10.9563
EXR.D.HKD.EUR.SP00.A,D,HKD,EUR,SP00,A,2011-05-25,10.9474
EXR.D.HKD.EUR.SP00.A,D,HKD,EUR,SP00,A,2011-05-26,11.0267
EXR.D.HKD.EUR.SP00.A,D,HKD,EUR,SP00,A,2011-05-27,11.1002
EXR.D.HKD.EUR.SP00.A,D,HKD,EUR,SP00,A,2011-05-30,11.1026
EXR.D.HKD.EUR.SP00.A,D,HKD,EUR,SP00,A,2011-05-31,11.1876
EXR.D.HKD.EUR.SP00.A,D,HKD,EUR,SP00,A,2011-06-01,11.2057
EXR.D.HKD.EUR.SP00.A,D,HKD,EUR,SP00,A,2011-06-02,11.2499
EXR.D.HKD.EUR.SP00.A,D,HKD,EUR,SP00,A,2011-06-03,11.2693
EXR.D.HKD.EUR.SP00.A,D,HKD,EUR,SP00,A,2011-06-06,11.3536
EXR.D.HKD.EUR.SP00.A,D,HKD,EUR,SP00,A,2011-06-07,11.3976
EXR.D.HKD.EUR.SP00.A,D,HKD,EUR,SP00,A,2011-06-08,11.3662
EXR.D.HKD.EUR.SP00.A,D,HKD,EUR,SP00,A,2011-06-09,11.3709
EXR.D.HKD.EUR.SP00.A,D,HKD,EUR,SP00,A,2011-06-10,11.2742
EXR.D.HKD.EUR.SP00.A,D,HKD,EUR,SP00,A,2011-06-13,11.1742
EXR.D.HKD.EUR.SP00.A,D,HKD,EUR,SP00,A,2011-06-14,11.2456
EXR.D.HKD.EUR.SP00.A,D,HKD,EUR,SP00,A,2011-06-15,11.1306
EXR.D.HKD.EUR.SP00.A,D,HKD,EUR,SP00,A,2011-06-16,10.9878
EXR.D.HKD.EUR.SP00.A,D,HKD,EUR,SP00,A,2011-06-17,11.1246
EXR.D.HKD.EUR.SP00.A,D,HKD,EUR,SP00,A,2011-06-20,11.0946
EXR.D.HKD.EUR.SP00.A,D,HKD,EUR,SP00,A,2011-06-21,11.1957
EXR.D.HKD.EUR.SP00.A,D,HKD,EUR,SP00,A,2011-06-22,11.2157
EXR.D.HKD.EUR.SP00.A,D,HKD,EUR,SP00,A,2011-06-23,11.0723
EXR.D.HKD.EUR.SP00.A,D,HKD,EUR,SP00,A,2011-06-24,11.0767
EXR.D.HKD.EUR.SP00.A,D,HKD,EUR,SP00,A,2011-06-27,11.0621
EXR.D.HKD.EUR.SP00.A,D,HKD,EUR,SP00,A,2011-06-28,11.1042
EXR.D.HKD.EUR.SP00.A,D,HKD,EUR,SP00,A,2011-06-29,11.2265
EXR.D.HKD.EUR.SP00.A,D,HKD,EUR,SP00,A,2011-06-30,11.2475
EXR.D.HKD.EUR.SP00.A,D,HKD,EUR,SP00,A,2011-07-01,11.275
EXR.D.HKD.EUR.SP00.A,D,HKD,EUR,SP00,A,2011-07-04,11.2827
EXR.D.HKD.EUR.SP00.A,D,HKD,EUR,SP00,A,2011-07-05,11.2536
EXR.D.HKD.EUR.SP00.A,D,HKD,EUR,SP00,A,2011-07-06,11.1436
EXR.D.HKD.EUR.SP00.A,D,HKD,EUR,SP00,A,2011-07-07,11.0883
EXR.D.HKD.EUR.SP00.A,D,HKD,EUR,SP00,A,2011-07-08,11.0824
EXR.D.HKD.EUR.SP00.A,D,HKD,EUR,SP00,A,2011-07-11,10.9425
EXR.D.HKD.EUR.SP00.A,D,HKD,EUR,SP00,A,2011-07-12,10.8916
EXR.D.HKD.EUR.SP00.A,D,HKD,EUR,SP00,A,2011-07-13,10.9633
EXR.D.HKD.EUR.SP00.A,D,HKD,EUR,SP00,A,2011-07-14,11.0612
EXR.D.HKD.EUR.SP00.A,D,HKD,EUR,SP00,A,2011-07-15,11.0241
EXR.D.HKD.EUR.SP00.A,D,HKD,EUR,SP00,A,2011-07-18,10.9488
EXR.D.HKD.EUR.SP00.A,D,HKD,EUR,SP00,A,2011-07-19,11.0387
EXR.D.HKD.EUR.SP00.A,D,HKD,EUR,SP00,A,2011-07-20,11.0704
EXR.D.HKD.EUR.SP00.A,D,HKD,EUR,SP00,A,2011-07-21,11.0832
EXR.D.HKD.EUR.SP00.A,D,HKD,EUR,SP00,A,2011-07-22,11.2132
EXR.D.HKD.EUR.SP00.A,D,HKD,EUR,SP00,A,2011-07-25,11.204
EXR.D.HKD.EUR.SP00.A,D,HKD,EUR,SP00,A,2011-07-26,11.2719
EXR.D.HKD.EUR.SP00.A,D,HKD,EUR,SP00,A,2011-07-27,11.255
EXR.D.HKD.EUR.SP00.A,D,HKD,EUR,SP00,A,2011-07-28,11.111
EXR.D.HKD.EUR.SP00.A,D,HKD,EUR,SP00,A,2011-07-29,11.1134
EXR.D.HKD.EUR.SP00.A,D,HKD,EUR,SP00,A,2011-08-01,11.231
EXR.D.HKD.EUR.SP00.A,D,HKD,EUR,SP00,A,2011-08-02,11.0445
EXR.D.HKD.EUR.SP00.A,D,HKD,EUR,SP00,A,2011-08-03,11.1506
EXR.D.HKD.EUR.SP00.A,D,HKD,EUR,SP00,A,2011-08-04,11.0983
EXR.D.HKD.EUR.SP00.A,D,HKD,EUR,SP00,A,2011-08-05,11.0505
EXR.D.HKD.EUR.SP00.A,D,HKD,EUR,SP00,A,2011-08-08,11.1039
EXR.D.HKD.EUR.SP00.A,D,HKD,EUR,SP00,A,2011-08-09,11.1401
EXR.D.HKD.EUR.SP00.A,D,HKD,EUR,SP00,A,2011-08-10,11.2127
EXR.D.HKD.EUR.SP00.A,D,HKD,EUR,SP00,A,2011-08-11,11.0317
EXR.D.HKD.EUR.SP00.A,D,HKD,EUR,SP00,A,2011-08-12,11.1099
EXR.D.HKD.EUR.SP00.A,D,HKD,EUR,SP00,A,2011-08-15,11.1534
EXR.D.HKD.EUR.SP00.A,D,HKD,EUR,SP00,A,2011-08-16,11.1919
EXR.D.HKD.EUR.SP00.A,D,HKD,EUR,SP00,A,2011-08-17,11.2802
EXR.D.HKD.EUR.SP00.A,D,HKD,EUR,SP00,A,2011-08-18,11.2018
EXR.D.HKD.EUR.SP00.A,D,HKD,EUR,SP00,A,2011-08-19,11.2199
EXR.D.HKD.EUR.SP00.A,D,HKD,EUR,SP00,A,2011-08-22,11.2411
EXR.D.HKD.EUR.SP00.A,D,HKD,EUR,SP00,A,2011-08-23,11.2766
EXR.D.HKD.EUR.SP00.A,D,HKD,EUR,SP00,A,2011-08-24,11.2517
EXR.D.HKD.EUR.SP00.A,D,HKD,EUR,SP00,A,2011-08-25,11.2447
EXR.D.HKD.EUR.SP00.A,D,HKD,EUR,SP00,A,2011-08-26,11.2298
EXR.D.HKD.EUR.SP00.A,D,HKD,EUR,SP00,A,2011-08-29,11.2926
EXR.D.HKD.EUR.SP00.A,D,HKD,EUR,SP00,A,2011-08-30,11.2256
EXR.D.HKD.EUR.SP00.A,D,HKD,EUR,SP00,A,2011-08-31,11.2622
EXR.D.HKD.EUR.SP00.A,D,HKD,EUR,SP00,A,2011-09-01,11.1209
EXR.D.HKD.EUR.SP00.A,D,HKD,EUR,SP00,A,2011-09-02,11.1012
EXR.D.HKD.EUR.SP00.A,D,HKD,EUR,SP00,A,2011-09-05,11.0049
EXR.D.HKD.EUR.SP00.A,D,HKD,EUR,SP00,A,2011-09-06,10.9885
EXR.D.HKD.EUR.SP00.A,D,HKD,EUR,SP00,A,2011-09-07,10.9401
EXR.D.HKD.EUR.SP00.A,D,HKD,EUR,SP00,A,2011-09-08,10.9476
EXR.D.HKD.EUR.SP00.A,D,HKD,EUR,SP00,A,2011-09-09,10.7698
EXR.D.HKD.EUR.SP00.A,D,HKD,EUR,SP00,A,2011-09-12,10.6544
EXR.D.HKD.EUR.SP00.A,D,HKD,EUR,SP00,A,2011-09-13,10.6476
EXR.D.HKD.EUR.SP00.A,D,HKD,EUR,SP00,A,2011-09-14,10.7136
EXR.D.HKD.EUR.SP00.A,D,HKD,EUR,SP00,A,2011-09-15,10.7492
EXR.D.HKD.EUR.SP00.A,D,HKD,EUR,SP00,A,2011-09-16,10.72
EXR.D.HKD.EUR.SP00.A,D,HKD,EUR,SP00,A,2011-09-19,10.6328
EXR.D.HKD.EUR.SP00.A,D,HKD,EUR,SP00,A,2011-09-20,10.6849
EXR.D.HKD.EUR.SP00.A,D,HKD,EUR,SP00,A,2011-09-21,10.6249
EXR.D.HKD.EUR.SP00.A,D,HKD,EUR,SP00,A,2011-09-22,10.4904
EXR.D.HKD.EUR.SP00.A,D,HKD,EUR,SP00,A,2011-09-23,10.4759
EXR.D.HKD.EUR.SP00.A,D,HKD,EUR,SP00,A,2011-09-26,10.5276
EXR.D.HKD.EUR.SP00.A,D,HKD,EUR,SP00,A,2011-09-27,10.5816
EXR.D.HKD.EUR.SP00.A,D,HKD,EUR,SP00,A,2011-09-28,10.6251
EXR.D.HKD.EUR.SP00.A,D,HKD,EUR,SP00,A,2011-09-29,10.6107
EXR.D.HKD.EUR.SP00.A,D,HKD,EUR,SP00,A,2011-09-30,10.5213
EXR.D.HKD.EUR.SP00.A,D,HKD,EUR,SP00,A,2011-10-03,10.3801
EXR.D.HKD.EUR.SP00.A,D,HKD,EUR,SP00,A,2011-10-04,10.2623
EXR.D.HKD.EUR.SP00.A,D,HKD,EUR,SP00,A,2011-10-05,10.3797
EXR.D.HKD.EUR.SP00.A,D,HKD,EUR,SP00,A,2011-10-06,10.3286
EXR.D.HKD.EUR.SP00.A,D,HKD,EUR,SP00,A,2011-10-07,10.4574
EXR.D.HKD.EUR.SP00.A,D,HKD,EUR,SP00,A,2011-10-10,10.5797
EXR.D.HKD.EUR.SP00.A,D,HKD,EUR,SP00,A,2011-10-11,10.5882
EXR.D.HKD.EUR.SP00.A,D,HKD,EUR,SP00,A,2011-10-12,10.7104
EXR.D.HKD.EUR.SP00.A,D,HKD,EUR,SP00,A,2011-10-13,10.6792
EXR.D.HKD.EUR.SP00.A,D,HKD,EUR,SP00,A,2011-10-14,10.7384
EXR.D.HKD.EUR.SP00.A,D,HKD,EUR,SP00,A,2011-10-17,10.7124
EXR.D.HKD.EUR.SP00.A,D,HKD,EUR,SP00,A,2011-10-18,10.6373
EXR.D.HKD.EUR.SP00.A,D,HKD,EUR,SP00,A,2011-10-19,10.7532
EXR.D.HKD.EUR.SP00.A,D,HKD,EUR,SP00,A,2011-10-20,10.7412
EXR.D.HKD.EUR.SP00.A,D,HKD,EUR,SP00,A,2011-10-21,10.7353
EXR.D.HKD.EUR.SP00.A,D,HKD,EUR,SP00,A,2011-10-24,10.7782
EXR.D.HKD.EUR.SP00.A,D,HKD,EUR,SP00,A,2011-10-25,10.8235
EXR.D.HKD.EUR.SP00.A,D,HKD,EUR,SP00,A,2011-10-26,10.8257
EXR.D.HKD.EUR.SP00.A,D,HKD,EUR,SP00,A,2011-10-27,10.9113
EXR.D.HKD.EUR.SP00.A,D,HKD,EUR,SP00,A,2011-10-28,10.9975
EXR.D.HKD.EUR.SP00.A,D,HKD,EUR,SP00,A,2011-10-31,10.8735
EXR.D.HKD.EUR.SP00.A,D,HKD,EUR,SP00,A,2011-11-01,10.592
EXR.D.HKD.EUR.SP00.A,D,HKD,EUR,SP00,A,2011-11-02,10.7303
EXR.D.HKD.EUR.SP00.A,D,HKD,EUR,SP00,A,2011-11-03,10.7009
EXR.D.HKD.EUR.SP00.A,D,HKD,EUR,SP00,A,2011-11-04,10.6997
EXR.D.HKD.EUR.SP00.A,D,HKD,EUR,SP00,A,2011-11-07,10.6782
EXR.D.HKD.EUR.SP00.A,D,HKD,EUR,SP00,A,2011-11-08,10.7134
EXR.D.HKD.EUR.SP00.A,D,HKD,EUR,SP00,A,2011-11-09,10.5956
EXR.D.HKD.EUR.SP00.A,D,HKD,EUR,SP00,A,2011-11-10,10.5976
EXR.D.HKD.EUR.SP00.A,D,HKD,EUR,SP00,A,2011-11-11,10.6235
EXR.D.HKD.EUR.SP00.A,D,HKD,EUR,SP00,A,2011-11-14,10.6264
EXR.D.HKD.EUR.SP00.A,D,HKD,EUR,SP00,A,2011-11-15,10.5313
EXR.D.HKD.EUR.SP00.A,D,HKD,EUR,SP00,A,2011-11-16,10.4934
EXR.D.HKD.EUR.SP00.A,D,HKD,EUR,SP00,A,2011-11-17,10.4965
EXR.D.HKD.EUR.SP00.A,D,HKD,EUR,SP00,A,2011-11-18,10.5719
EXR.D.HKD.EUR.SP00.A,D,HKD,EUR,SP00,A,2011-11-21,10.4824
EXR.D.HKD.EUR.SP00.A,D,HKD,EUR,SP00,A,2011-11-22,10.5446
EXR.D.HKD.EUR.SP00.A,D,HKD,EUR,SP00,A,2011-11-23,10.4324
EXR.D.HKD.EUR.SP00.A,D,HKD,EUR,SP00,A,2011-11-24,10.4237
EXR.D.HKD.EUR.SP00.A,D,HKD,EUR,SP00,A,2011-11-25,10.3145
EXR.D.HKD.EUR.SP00.A,D,HKD,EUR,SP00,A,2011-11-28,10.4038
EXR.D.HKD.EUR.SP00.A,D,HKD,EUR,SP00,A,2011-11-29,10.3929
EXR.D.HKD.EUR.SP00.A,D,HKD,EUR,SP00,A,2011-11-30,10.4436
EXR.D.HKD.EUR.SP00.A,D,HKD,EUR,SP00,A,2011-12-01,10.4868
EXR.D.HKD.EUR.SP00.A,D,HKD,EUR,SP00,A,2011-12-02,10.4958
EXR.D.HKD.EUR.SP00.A,D,HKD,EUR,SP00,A,2011-12-05,10.4454
EXR.D.HKD.EUR.SP00.A,D,HKD,EUR,SP00,A,2011-12-06,10.4095
EXR.D.HKD.EUR.SP00.A,D,HKD,EUR,SP00,A,2011-12-07,10.3994
EXR.D.HKD.EUR.SP00.A,D,HKD,EUR,SP00,A,2011-12-08,10.426
EXR.D.HKD.EUR.SP00.A,D,HKD,EUR,SP00,A,2011-12-09,10.4118
EXR.D.HKD.EUR.SP00.A,D,HKD,EUR,SP00,A,2011-12-12,10.3109
EXR.D.HKD.EUR.SP00.A,D,HKD,EUR,SP00,A,2011-12-13,10.2548
EXR.D.HKD.EUR.SP00.A,D,HKD,EUR,SP00,A,2011-12-14,10.1126
EXR.D.HKD.EUR.SP00.A,D,HKD,EUR,SP00,A,2011-12-15,10.132
EXR.D.HKD.EUR.SP00.A,D,HKD,EUR,SP00,A,2011-12-16,10.1673
EXR.D.HKD.EUR.SP00.A,D,HKD,EUR,SP00,A,2011-12-19,10.1496
EXR.D.HKD.EUR.SP00.A,D,HKD,EUR,SP00,A,2011-12-20,10.1751
EXR.D.HKD.EUR.SP00.A,D,HKD,EUR,SP00,A,2011-12-21,10.1578
EXR.D.HKD.EUR.SP00.A,D,HKD,EUR,SP00,A,2011-12-22,10.1523
EXR.D.HKD.EUR.SP00.A,D,HKD,EUR,SP00,A,2011-12-23,10.1544
EXR.D.HKD.EUR.SP00.A,D,HKD,EUR,SP00,A,2011-12-26,
EXR.D.HKD.EUR.SP00.A,D,HKD,EUR,SP00,A,2011-12-27,10.1636
EXR.D.HKD.EUR.SP00.A,D,HKD,EUR,SP00,A,2011-12-28,10.1678
EXR.D.HKD.EUR.SP00.A,D,HKD,EUR,SP00,A,2011-12-29,10.0181
EXR.D.HKD.EUR.SP00.A,D,HKD,EUR,SP00,A,2011-12-30,10.051
EXR.D.HKD.EUR.SP00.A,D,HKD,EUR,SP00,A,2012-01-02,10.0473
EXR.D.HKD.EUR.SP00.A,D,HKD,EUR,SP00,A,2012-01-03,10.1102
EXR.D.HKD.EUR.SP00.A,D,HKD,EUR,SP00,A,2012-01-04,10.0585
EXR.D.HKD.EUR.SP00.A,D,HKD,EUR,SP00,A,2012-01-05,9.9647
EXR.D.HKD.EUR.SP00.A,D,HKD,EUR,SP00,A,2012-01-06,9.9209
EXR.D.HKD.EUR.SP00.A,D,HKD,EUR,SP00,A,2012-01-09,9.8832
EXR.D.HKD.EUR.SP00.A,D,HKD,EUR,SP00,A,2012-01-10,9.9471
EXR.D.HKD.EUR.SP00.A,D,HKD,EUR,SP00,A,2012-01-11,9.8792
EXR.D.HKD.EUR.SP00.A,D,HKD,EUR,SP00,A,2012-01-12,9.8933
EXR.D.HKD.EUR.SP00.A,D,HKD,EUR,SP00,A,2012-01-13,9.9196
EXR.D.HKD.EUR.SP00.A,D,HKD,EUR,SP00,A,2012-01-16,9.8422
EXR.D.HKD.EUR.SP00.A,D,HKD,EUR,SP00,A,2012-01-17,9.9328
EXR.D.HKD.EUR.SP00.A,D,HKD,EUR,SP00,A,2012-01-18,9.9599
EXR.D.HKD.EUR.SP00.A,D,HKD,EUR,SP00,A,2012-01-19,10.0206
EXR.D.HKD.EUR.SP00.A,D,HKD,EUR,SP00,A,2012-01-20,10.0145
EXR.D.HKD.EUR.SP00.A,D,HKD,EUR,SP00,A,2012-01-23,10.1013
EXR.D.HKD.EUR.SP00.A,D,HKD,EUR,SP00,A,2012-01-24,10.0912
EXR.D.HKD.EUR.SP00.A,D,HKD,EUR,SP00,A,2012-01-25,10.0443
EXR.D.HKD.EUR.SP00.A,D,HKD,EUR,SP00,A,2012-01-26,10.1964
EXR.D.HKD.EUR.SP00.A,D,HKD,EUR,SP00,A,2012-01-27,10.1947
EXR.D.HKD.EUR.SP00.A,D,HKD,EUR,SP00,A,2012-01-30,10.1707
EXR.D.HKD.EUR.SP00.A,D,HKD,EUR,SP00,A,2012-01-31,10.2194
EXR.D.HKD.EUR.SP00.A,D,HKD,EUR,SP00,A,2012-02-01,10.2176
EXR.D.HKD.EUR.SP00.A,D,HKD,EUR,SP00,A,2012-02-02,10.1541
EXR.D.HKD.EUR.SP00.A,D,HKD,EUR,SP00,A,2012-02-03,10.2068
EXR.D.HKD.EUR.SP00.A,D,HKD,EUR,SP00,A,2012-02-06,10.1135
EXR.D.HKD.EUR.SP00.A,D,HKD,EUR,SP00,A,2012-02-07,10.1682
EXR.D.HKD.EUR.SP00.A,D,HKD,EUR,SP00,A,2012-02-08,10.2927
EXR.D.HKD.EUR.SP00.A,D,HKD,EUR,SP00,A,2012-02-09,10.3056
EXR.D.HKD.EUR.SP00.A,D,HKD,EUR,SP00,A,2012-02-10,10.2302
EXR.D.HKD.EUR.SP00.A,D,HKD,EUR,SP00,A,2012-02-13,10.2782
EXR.D.HKD.EUR.SP00.A,D,HKD,EUR,SP00,A,2012-02-14,10.2107
EXR.D.HKD.EUR.SP00.A,D,HKD,EUR,SP00,A,2012-02-15,10.1514
EXR.D.HKD.EUR.SP00.A,D,HKD,EUR,SP00,A,2012-02-16,10.0678
EXR.D.HKD.EUR.SP00.A,D,HKD,EUR,SP00,A,2012-02-17,10.2036
EXR.D.HKD.EUR.SP00.A,D,HKD,EUR,SP00,A,2012-02-20,10.2873
EXR.D.HKD.EUR.SP00.A,D,HKD,EUR,SP00,A,2012-02-21,10.2547
EXR.D.HKD.EUR.SP00.A,D,HKD,EUR,SP00,A,2012-02-22,10.2609
EXR.D.HKD.EUR.SP00.A,D,HKD,EUR,SP00,A,2012-02-23,10.3151
EXR.D.HKD.EUR.SP00.A,D,HKD,EUR,SP00,A,2012-02-24,10.4011
EXR.D.HKD.EUR.SP00.A,D,HKD,EUR,SP00,A,2012-02-27,10.3828
EXR.D.HKD.EUR.SP00.A,D,HKD,EUR,SP00,A,2012-02-28,10.4332
EXR.D.HKD.EUR.SP00.A,D,HKD,EUR,SP00,A,2012-02-29,10.4252
EXR.D.HKD.EUR.SP00.A,D,HKD,EUR,SP00,A,2012-03-01,10.3245
EXR.D.HKD.EUR.SP00.A,D,HKD,EUR,SP00,A,2012-03-02,10.2548
EXR.D.HKD.EUR.SP00.A,D,HKD,EUR,SP00,A,2012-03-05,10.2628
EXR.D.HKD.EUR.SP00.A,D,HKD,EUR,SP00,A,2012-03-06,10.2103
EXR.D.HKD.EUR.SP00.A,D,HKD,EUR,SP00,A,2012-03-07,10.1858
EXR.D.HKD.EUR.SP00.A,D,HKD,EUR,SP00,A,2012-03-08,10.272
EXR.D.HKD.EUR.SP00.A,D,HKD,EUR,SP00,A,2012-03-09,10.2331
EXR.D.HKD.EUR.SP00.A,D,HKD,EUR,SP00,A,2012-03-12,10.1784
EXR.D.HKD.EUR.SP00.A,D,HKD,EUR,SP00,A,2012-03-13,10.1342
EXR.D.HKD.EUR.SP00.A,D,HKD,EUR,SP00,A,2012-03-14,10.139
EXR.D.HKD.EUR.SP00.A,D,HKD,EUR,SP00,A,2012-03-15,10.1354
EXR.D.HKD.EUR.SP00.A,D,HKD,EUR,SP00,A,2012-03-16,10.1818
EXR.D.HKD.EUR.SP00.A,D,HKD,EUR,SP00,A,2012-03-19,10.2086
EXR.D.HKD.EUR.SP00.A,D,HKD,EUR,SP00,A,2012-03-20,10.248
EXR.D.HKD.EUR.SP00.A,D,HKD,EUR,SP00,A,2012-03-21,10.2689
EXR.D.HKD.EUR.SP00.A,D,HKD,EUR,SP00,A,2012-03-22,10.2252
EXR.D.HKD.EUR.SP00.A,D,HKD,EUR,SP00,A,2012-03-23,10.2839
EXR.D.HKD.EUR.SP00.A,D,HKD,EUR,SP00,A,2012-03-26,10.3136
EXR.D.HKD.EUR.SP00.A,D,HKD,EUR,SP00,A,2012-03-27,10.3525
EXR.D.HKD.EUR.SP00.A,D,HKD,EUR,SP00,A,2012-03-28,10.3536
EXR.D.HKD.EUR.SP00.A,D,HKD,EUR,SP00,A,2012-03-29,10.3048
EXR.D.HKD.EUR.SP00.A,D,HKD,EUR,SP00,A,2012-03-30,10.3705
EXR.D.HKD.EUR.SP00.A,D,HKD,EUR,SP00,A,2012-04-02,10.3429
EXR.D.HKD.EUR.SP00.A,D,HKD,EUR,SP00,A,2012-04-03,10.3386
EXR.D.HKD.EUR.SP00.A,D,HKD,EUR,SP00,A,2012-04-04,10.2058
EXR.D.HKD.EUR.SP00.A,D,HKD,EUR,SP00,A,2012-04-05,10.1478
EXR.D.HKD.EUR.SP00.A,D,HKD,EUR,SP00,A,2012-04-06,
EXR.D.HKD.EUR.SP00.A,D,HKD,EUR,SP00,A,2012-04-09,
EXR.D.HKD.EUR.SP00.A,D,HKD,EUR,SP00,A,2012-04-10,10.1834
EXR.D.HKD.EUR.SP00.A,D,HKD,EUR,SP00,A,2012-04-11,10.1958
EXR.D.HKD.EUR.SP00.A,D,HKD,EUR,SP00,A,2012-04-12,10.2128
EXR.D.HKD.EUR.SP00.A,D,HKD,EUR,SP00,A,2012-04-13,10.2046
EXR.D.HKD.EUR.SP00.A,D,HKD,EUR,SP00,A,2012-04-16,10.1062
EXR.D.HKD.EUR.SP00.A,D,HKD,EUR,SP00,A,2012-04-17,10.1902
EXR.D.HKD.EUR.SP00.A,D,HKD,EUR,SP00,A,2012-04-18,10.1617
EXR.D.HKD.EUR.SP00.A,D,HKD,EUR,SP00,A,2012-04-19,10.156
EXR.D.HKD.EUR.SP00.A,D,HKD,EUR,SP00,A,2012-04-20,10.2391
EXR.D.HKD.EUR.SP00.A,D,HKD,EUR,SP00,A,2012-04-23,10.1914
EXR.D.HKD.EUR.SP00.A,D,HKD,EUR,SP00,A,2012-04-24,10.2141
EXR.D.HKD.EUR.SP00.A,D,HKD,EUR,SP00,A,2012-04-25,10.2468
EXR.D.HKD.EUR.SP00.A,D,HKD,EUR,SP00,A,2012-04-26,10.2543
EXR.D.HKD.EUR.SP00.A,D,HKD,EUR,SP00,A,2012-04-27,10.2652
EXR.D.HKD.EUR.SP00.A,D,HKD,EUR,SP00,A,2012-04-30,10.2526
EXR.D.HKD.EUR.SP00.A,D,HKD,EUR,SP00,A,2012-05-01,
EXR.D.HKD.EUR.SP00.A,D,HKD,EUR,SP00,A,2012-05-02,10.1873
EXR.D.HKD.EUR.SP00.A,D,HKD,EUR,SP00,A,2012-05-03,10.1823
EXR.D.HKD.EUR.SP00.A,D,HKD,EUR,SP00,A,2012-05-04,10.1925
EXR.D.HKD.EUR.SP00.A,D,HKD,EUR,SP00,A,2012-05-07,10.1169
EXR.D.HKD.EUR.SP00.A,D,HKD,EUR,SP00,A,2012-05-08,10.1095
EXR.D.HKD.EUR.SP00.A,D,HKD,EUR,SP00,A,2012-05-09,10.053
EXR.D.HKD.EUR.SP00.A,D,HKD,EUR,SP00,A,2012-05-10,10.0615
EXR.D.HKD.EUR.SP00.A,D,HKD,EUR,SP00,A,2012-05-11,10.0506
EXR.D.HKD.EUR.SP00.A,D,HKD,EUR,SP00,A,2012-05-14,9.989
EXR.D.HKD.EUR.SP00.A,D,HKD,EUR,SP00,A,2012-05-15,9.9739
EXR.D.HKD.EUR.SP00.A,D,HKD,EUR,SP00,A,2012-05-16,9.8959
EXR.D.HKD.EUR.SP00.A,D,HKD,EUR,SP00,A,2012-05-17,9.8521
EXR.D.HKD.EUR.SP00.A,D,HKD,EUR,SP00,A,2012-05-18,9.8782
EXR.D.HKD.EUR.SP00.A,D,HKD,EUR,SP00,A,2012-05-21,9.8994
EXR.D.HKD.EUR.SP00.A,D,HKD,EUR,SP00,A,2012-05-22,9.9154
EXR.D.HKD.EUR.SP00.A,D,HKD,EUR,SP00,A,2012-05-23,9.831
EXR.D.HKD.EUR.SP00.A,D,HKD,EUR,SP00,A,2012-05-24,9.7491
EXR.D.HKD.EUR.SP00.A,D,HKD,EUR,SP00,A,2012-05-25,9.7395
EXR.D.HKD.EUR.SP00.A,D,HKD,EUR,SP00,A,2012-05-28,9.7542
EXR.D.HKD.EUR.SP00.A,D,HKD,EUR,SP00,A,2012-05-29,9.7224
EXR.D.HKD.EUR.SP00.A,D,HKD,EUR,SP00,A,2012-05-30,9.6551
EXR.D.HKD.EUR.SP00.A,D,HKD,EUR,SP00,A,2012-05-31,9.6307
EXR.D.HKD.EUR.SP00.A,D,HKD,EUR,SP00,A,2012-06-01,9.5629
EXR.D.HKD.EUR.SP00.A,D,HKD,EUR,SP00,A,2012-06-04,9.6515
EXR.D.HKD.EUR.SP00.A,D,HKD,EUR,SP00,A,2012-06-05,9.643
EXR.D.HKD.EUR.SP00.A,D,HKD,EUR,SP00,A,2012-06-06,9.6866
EXR.D.HKD.EUR.SP00.A,D,HKD,EUR,SP00,A,2012-06-07,9.7716
EXR.D.HKD.EUR.SP00.A,D,HKD,EUR,SP00,A,2012-06-08,9.6723
EXR.D.HKD.EUR.SP00.A,D,HKD,EUR,SP00,A,2012-06-11,9.7323
EXR.D.HKD.EUR.SP00.A,D,HKD,EUR,SP00,A,2012-06-12,9.6923
EXR.D.HKD.EUR.SP00.A,D,HKD,EUR,SP00,A,2012-06-13,9.7241
EXR.D.HKD.EUR.SP00.A,D,HKD,EUR,SP00,A,2012-06-14,9.7379
EXR.D.HKD.EUR.SP00.A,D,HKD,EUR,SP00,A,2012-06-15,9.7742
EXR.D.HKD.EUR.SP00.A,D,HKD,EUR,SP00,A,2012-06-18,9.7914
EXR.D.HKD.EUR.SP00.A,D,HKD,EUR,SP00,A,2012-06-19,9.7913
EXR.D.HKD.EUR.SP00.A,D,HKD,EUR,SP00,A,2012-06-20,9.8569
EXR.D.HKD.EUR.SP00.A,D,HKD,EUR,SP00,A,2012-06-21,9.8313
EXR.D.HKD.EUR.SP00.A,D,HKD,EUR,SP00,A,2012-06-22,9.731
EXR.D.HKD.EUR.SP00.A,D,HKD,EUR,SP00,A,2012-06-25,9.6908
EXR.D.HKD.EUR.SP00.A,D,HKD,EUR,SP00,A,2012-06-26,9.68
EXR.D.HKD.EUR.SP00.A,D,HKD,EUR,SP00,A,2012-06-27,9.6814
EXR.D.HKD.EUR.SP00.A,D,HKD,EUR,SP00,A,2012-06-28,9.6349
EXR.D.HKD.EUR.SP00.A,D,HKD,EUR,SP00,A,2012-06-29,9.7658
EXR.D.HKD.EUR.SP00.A,D,HKD,EUR,SP00,A,2012-07-02,9.7676
EXR.D.HKD.EUR.SP00.A,D,HKD,EUR,SP00,A,2012-07-03,9.7503
EXR.D.HKD.EUR.SP00.A,D,HKD,EUR,SP00,A,2012-07-04,9.7397
EXR.D.HKD.EUR.SP00.A,D,HKD,EUR,SP00,A,2012-07-05,9.636
EXR.D.HKD.EUR.SP00.A,D,HKD,EUR,SP00,A,2012-07-06,9.5968
EXR.D.HKD.EUR.SP00.A,D,HKD,EUR,SP00,A,2012-07-09,9.5332
EXR.D.HKD.EUR.SP00.A,D,HKD,EUR,SP00,A,2012-07-10,9.5266
EXR.D.HKD.EUR.SP00.A,D,HKD,EUR,SP00,A,2012-07-11,9.507
EXR.D.HKD.EUR.SP00.A,D,HKD,EUR,SP00,A,2012-07-12,9.4459
EXR.D.HKD.EUR.SP00.A,D,HKD,EUR,SP00,A,2012-07-13,9.4523
EXR.D.HKD.EUR.SP00.A,D,HKD,EUR,SP00,A,2012-07-16,9.4456
EXR.D.HKD.EUR.SP00.A,D,HKD,EUR,SP00,A,2012-07-17,9.5253
EXR.D.HKD.EUR.SP00.A,D,HKD,EUR,SP00,A,2012-07-18,9.4893
EXR.D.HKD.EUR.SP00.A,D,HKD,EUR,SP00,A,2012-07-19,9.53
EXR.D.HKD.EUR.SP00.A,D,HKD,EUR,SP00,A,2012-07-20,9.4634
EXR.D.HKD.EUR.SP00.A,D,HKD,EUR,SP00,A,2012-07-23,9.3899
EXR.D.HKD.EUR.SP00.A,D,HKD,EUR,SP00,A,2012-07-24,9.3776
EXR.D.HKD.EUR.SP00.A,D,HKD,EUR,SP00,A,2012-07-25,9.4132
EXR.D.HKD.EUR.SP00.A,D,HKD,EUR,SP00,A,2012-07-26,9.5107
EXR.D.HKD.EUR.SP00.A,D,HKD,EUR,SP00,A,2012-07-27,9.5544
EXR.D.HKD.EUR.SP00.A,D,HKD,EUR,SP00,A,2012-07-30,9.4971
EXR.D.HKD.EUR.SP00.A,D,HKD,EUR,SP00,A,2012-07-31,9.5246
EXR.D.HKD.EUR.SP00.A,D,HKD,EUR,SP00,A,2012-08-01,9.5359
EXR.D.HKD.EUR.SP00.A,D,HKD,EUR,SP00,A,2012-08-02,9.5752
EXR.D.HKD.EUR.SP00.A,D,HKD,EUR,SP00,A,2012-08-03,9.4958
EXR.D.HKD.EUR.SP00.A,D,HKD,EUR,SP00,A,2012-08-06,9.6004
EXR.D.HKD.EUR.SP00.A,D,HKD,EUR,SP00,A,2012-08-07,9.6432
EXR.D.HKD.EUR.SP00.A,D,HKD,EUR,SP00,A,2012-08-08,9.5679
EXR.D.HKD.EUR.SP00.A,D,HKD,EUR,SP00,A,2012-08-09,9.5405
EXR.D.HKD.EUR.SP00.A,D,HKD,EUR,SP00,A,2012-08-10,9.5121
EXR.D.HKD.EUR.SP00.A,D,HKD,EUR,SP00,A,2012-08-13,9.5716
EXR.D.HKD.EUR.SP00.A,D,HKD,EUR,SP00,A,2012-08-14,9.5813
EXR.D.HKD.EUR.SP00.A,D,HKD,EUR,SP00,A,2012-08-15,9.5227
EXR.D.HKD.EUR.SP00.A,D,HKD,EUR,SP00,A,2012-08-16,9.5247
EXR.D.HKD.EUR.SP00.A,D,HKD,EUR,SP00,A,2012-08-17,9.568
EXR.D.HKD.EUR.SP00.A,D,HKD,EUR,SP00,A,2012-08-20,9.5412
EXR.D.HKD.EUR.SP00.A,D,HKD,EUR,SP00,A,2012-08-21,9.6404
EXR.D.HKD.EUR.SP00.A,D,HKD,EUR,SP00,A,2012-08-22,9.656
EXR.D.HKD.EUR.SP00.A,D,HKD,EUR,SP00,A,2012-08-23,9.7365
EXR.D.HKD.EUR.SP00.A,D,HKD,EUR,SP00,A,2012-08-24,9.7013
EXR.D.HKD.EUR.SP00.A,D,HKD,EUR,SP00,A,2012-08-27,9.7184
EXR.D.HKD.EUR.SP00.A,D,HKD,EUR,SP00,A,2012-08-28,9.7327
EXR.D.HKD.EUR.SP00.A,D,HKD,EUR,SP00,A,2012-08-29,9.7307
EXR.D.HKD.EUR.SP00.A,D,HKD,EUR,SP00,A,2012-08-30,9.7294
EXR.D.HKD.EUR.SP00.A,D,HKD,EUR,SP00,A,2012-08-31,9.7806
EXR.D.HKD.EUR.SP00.A,D,HKD,EUR,SP00,A,2012-09-03,9.7484
EXR.D.HKD.EUR.SP00.A,D,HKD,EUR,SP00,A,2012-09-04,9.7568
EXR.D.HKD.EUR.SP00.A,D,HKD,EUR,SP00,A,2012-09-05,9.7566
EXR.D.HKD.EUR.SP00.A,D,HKD,EUR,SP00,A,2012-09-06,9.8028
EXR.D.HKD.EUR.SP00.A,D,HKD,EUR,SP00,A,2012-09-07,9.8546
EXR.D.HKD.EUR.SP00.A,D,HKD,EUR,SP00,A,2012-09-10,9.9091
EXR.D.HKD.EUR.SP00.A,D,HKD,EUR,SP00,A,2012-09-11,9.9161
EXR.D.HKD.EUR.SP00.A,D,HKD,EUR,SP00,A,2012-09-12,10.0006
EXR.D.HKD.EUR.SP00.A,D,HKD,EUR,SP00,A,2012-09-13,10.0121
EXR.D.HKD.EUR.SP00.A,D,HKD,EUR,SP00,A,2012-09-14,10.152
EXR.D.HKD.EUR.SP00.A,D,HKD,EUR,SP00,A,2012-09-17,10.1444
EXR.D.HKD.EUR.SP00.A,D,HKD,EUR,SP00,A,2012-09-18,10.1199
EXR.D.HKD.EUR.SP00.A,D,HKD,EUR,SP00,A,2012-09-19,10.0806
EXR.D.HKD.EUR.SP00.A,D,HKD,EUR,SP00,A,2012-09-20,10.0425
EXR.D.HKD.EUR.SP00.A,D,HKD,EUR,SP00,A,2012-09-21,10.0682
EXR.D.HKD.EUR.SP00.A,D,HKD,EUR,SP00,A,2012-09-24,10.013
EXR.D.HKD.EUR.SP00.A,D,HKD,EUR,SP00,A,2012-09-25,10.0266
EXR.D.HKD.EUR.SP00.A,D,HKD,EUR,SP00,A,2012-09-26,9.96
EXR.D.HKD.EUR.SP00.A,D,HKD,EUR,SP00,A,2012-09-27,9.9821
EXR.D.HKD.EUR.SP00.A,D,HKD,EUR,SP00,A,2012-09-28,10.0258
EXR.D.HKD.EUR.SP00.A,D,HKD,EUR,SP00,A,2012-10-01,9.985
EXR.D.HKD.EUR.SP00.A,D,HKD,EUR,SP00,A,2012-10-02,10.0266
EXR.D.HKD.EUR.SP00.A,D,HKD,EUR,SP00,A,2012-10-03,10.0073
EXR.D.HKD.EUR.SP00.A,D,HKD,EUR,SP00,A,2012-10-04,10.0432
EXR.D.HKD.EUR.SP00.A,D,HKD,EUR,SP00,A,2012-10-05,10.0805
EXR.D.HKD.EUR.SP00.A,D,HKD,EUR,SP00,A,2012-10-08,10.0476
EXR.D.HKD.EUR.SP00.A,D,HKD,EUR,SP00,A,2012-10-09,10.0422
EXR.D.HKD.EUR.SP00.A,D,HKD,EUR,SP00,A,2012-10-10,9.9922
EXR.D.HKD.EUR.SP00.A,D,HKD,EUR,SP00,A,2012-10-11,10.0148
EXR.D.HKD.EUR.SP00.A,D,HKD,EUR,SP00,A,2012-10-12,10.0541
EXR.D.HKD.EUR.SP00.A,D,HKD,EUR,SP00,A,2012-10-15,10.054
EXR.D.HKD.EUR.SP00.A,D,HKD,EUR,SP00,A,2012-10-16,10.1116
EXR.D.HKD.EUR.SP00.A,D,HKD,EUR,SP00,A,2012-10-17,10.1704
EXR.D.HKD.EUR.SP00.A,D,HKD,EUR,SP00,A,2012-10-18,10.1671
EXR.D.HKD.EUR.SP00.A,D,HKD,EUR,SP00,A,2012-10-19,10.1029
EXR.D.HKD.EUR.SP00.A,D,HKD,EUR,SP00,A,2012-10-22,10.1242
EXR.D.HKD.EUR.SP00.A,D,HKD,EUR,SP00,A,2012-10-23,10.0791
EXR.D.HKD.EUR.SP00.A,D,HKD,EUR,SP00,A,2012-10-24,10.0304
EXR.D.HKD.EUR.SP00.A,D,HKD,EUR,SP00,A,2012-10-25,10.0701
EXR.D.HKD.EUR.SP00.A,D,HKD,EUR,SP00,A,2012-10-26,10.0041
EXR.D.HKD.EUR.SP00.A,D,HKD,EUR,SP00,A,2012-10-29,9.9963
EXR.D.HKD.EUR.SP00.A,D,HKD,EUR,SP00,A,2012-10-30,10.0457
EXR.D.HKD.EUR.SP00.A,D,HKD,EUR,SP00,A,2012-10-31,10.0697
EXR.D.HKD.EUR.SP00.A,D,HKD,EUR,SP00,A,2012-11-01,10.0557
EXR.D.HKD.EUR.SP00.A,D,HKD,EUR,SP00,A,2012-11-02,9.9589
EXR.D.HKD.EUR.SP00.A,D,HKD,EUR,SP00,A,2012-11-05,9.9024
EXR.D.HKD.EUR.SP00.A,D,HKD,EUR,SP00,A,2012-11-06,9.9203
EXR.D.HKD.EUR.SP00.A,D,HKD,EUR,SP00,A,2012-11-07,9.8788
EXR.D.HKD.EUR.SP00.A,D,HKD,EUR,SP00,A,2012-11-08,9.8719
EXR.D.HKD.EUR.SP00.A,D,HKD,EUR,SP00,A,2012-11-09,9.8391
EXR.D.HKD.EUR.SP00.A,D,HKD,EUR,SP00,A,2012-11-12,9.8704
EXR.D.HKD.EUR.SP00.A,D,HKD,EUR,SP00,A,2012-11-13,9.8399
EXR.D.HKD.EUR.SP00.A,D,HKD,EUR,SP00,A,2012-11-14,9.8634
EXR.D.HKD.EUR.SP00.A,D,HKD,EUR,SP00,A,2012-11-15,9.8876
EXR.D.HKD.EUR.SP00.A,D,HKD,EUR,SP00,A,2012-11-16,9.8803
EXR.D.HKD.EUR.SP00.A,D,HKD,EUR,SP00,A,2012-11-19,9.893
EXR.D.HKD.EUR.SP00.A,D,HKD,EUR,SP00,A,2012-11-20,9.929
EXR.D.HKD.EUR.SP00.A,D,HKD,EUR,SP00,A,2012-11-21,9.9249
EXR.D.HKD.EUR.SP00.A,D,HKD,EUR,SP00,A,2012-11-22,9.9934
EXR.D.HKD.EUR.SP00.A,D,HKD,EUR,SP00,A,2012-11-23,10.0049
EXR.D.HKD.EUR.SP00.A,D,HKD,EUR,SP00,A,2012-11-26,10.0472
EXR.D.HKD.EUR.SP00.A,D,HKD,EUR,SP00,A,2012-11-27,10.0449
EXR.D.HKD.EUR.SP00.A,D,HKD,EUR,SP00,A,2012-11-28,9.9908
EXR.D.HKD.EUR.SP00.A,D,HKD,EUR,SP00,A,2012-11-29,10.0704
EXR.D.HKD.EUR.SP00.A,D,HKD,EUR,SP00,A,2012-11-30,10.0643
EXR.D.HKD.EUR.SP00.A,D,HKD,EUR,SP00,A,2012-12-03,10.1193
EXR.D.HKD.EUR.SP00.A,D,HKD,EUR,SP00,A,2012-12-04,10.1463
EXR.D.HKD.EUR.SP00.A,D,HKD,EUR,SP00,A,2012-12-05,10.1255
EXR.D.HKD.EUR.SP00.A,D,HKD,EUR,SP00,A,2012-12-06,10.1308
EXR.D.HKD.EUR.SP00.A,D,HKD,EUR,SP00,A,2012-12-07,10.0015
EXR.D.HKD.EUR.SP00.A,D,HKD,EUR,SP00,A,2012-12-10,10.0208
EXR.D.HKD.EUR.SP00.A,D,HKD,EUR,SP00,A,2012-12-11,10.0697
EXR.D.HKD.EUR.SP00.A,D,HKD,EUR,SP00,A,2012-12-12,10.1061
EXR.D.HKD.EUR.SP00.A,D,HKD,EUR,SP00,A,2012-12-13,10.1348
EXR.D.HKD.EUR.SP00.A,D,HKD,EUR,SP00,A,2012-12-14,10.1378
EXR.D.HKD.EUR.SP00.A,D,HKD,EUR,SP00,A,2012-12-17,10.1991
EXR.D.HKD.EUR.SP00.A,D,HKD,EUR,SP00,A,2012-12-18,10.2131
EXR.D.HKD.EUR.SP00.A,D,HKD,EUR,SP00,A,2012-12-19,10.3092
EXR.D.HKD.EUR.SP00.A,D,HKD,EUR,SP00,A,2012-12-20,10.2657
EXR.D.HKD.EUR.SP00.A,D,HKD,EUR,SP00,A,2012-12-21,10.2371
EXR.D.HKD.EUR.SP00.A,D,HKD,EUR,SP00,A,2012-12-24,10.2447
EXR.D.HKD.EUR.SP00.A,D,HKD,EUR,SP00,A,2012-12-27,10.2834
EXR.D.HKD.EUR.SP00.A,D,HKD,EUR,SP00,A,2012-12-28,10.2191
EXR.D.HKD.EUR.SP00.A,D,HKD,EUR,SP00,A,2012-12-31,10.226
EXR.D.HKD.EUR.SP00.A,D,HKD,EUR,SP00,A,2013-01-02,10.2791
EXR.D.HKD.EUR.SP00.A,D,HKD,EUR,SP00,A,2013-01-03,10.1558
EXR.D.HKD.EUR.SP00.A,D,HKD,EUR,SP00,A,2013-01-04,10.0864
EXR.D.HKD.EUR.SP00.A,D,HKD,EUR,SP00,A,2013-01-07,10.1065
EXR.D.HKD.EUR.SP00.A,D,HKD,EUR,SP00,A,2013-01-08,10.1435
EXR.D.HKD.EUR.SP00.A,D,HKD,EUR,SP00,A,2013-01-09,10.1206
EXR.D.HKD.EUR.SP00.A,D,HKD,EUR,SP00,A,2013-01-10,10.1645
EXR.D.HKD.EUR.SP00.A,D,HKD,EUR,SP00,A,2013-01-11,10.29
EXR.D.HKD.EUR.SP00.A,D,HKD,EUR,SP00,A,2013-01-14,10.3423
EXR.D.HKD.EUR.SP00.A,D,HKD,EUR,SP00,A,2013-01-15,10.3323
EXR.D.HKD.EUR.SP00.A,D,HKD,EUR,SP00,A,2013-01-16,10.2934
EXR.D.HKD.EUR.SP00.A,D,HKD,EUR,SP00,A,2013-01-17,10.3637
EXR.D.HKD.EUR.SP00.A,D,HKD,EUR,SP00,A,2013-01-18,10.3296
EXR.D.HKD.EUR.SP00.A,D,HKD,EUR,SP00,A,2013-01-21,10.3296
EXR.D.HKD.EUR.SP00.A,D,HKD,EUR,SP00,A,2013-01-22,10.3244
EXR.D.HKD.EUR.SP00.A,D,HKD,EUR,SP00,A,2013-01-23,10.3351
EXR.D.HKD.EUR.SP00.A,D,HKD,EUR,SP00,A,2013-01-24,10.3497
EXR.D.HKD.EUR.SP00.A,D,HKD,EUR,SP00,A,2013-01-25,10.444
EXR.D.HKD.EUR.SP00.A,D,HKD,EUR,SP00,A,2013-01-28,10.4295
EXR.D.HKD.EUR.SP00.A,D,HKD,EUR,SP00,A,2013-01-29,10.4223
EXR.D.HKD.EUR.SP00.A,D,HKD,EUR,SP00,A,2013-01-30,10.5063
EXR.D.HKD.EUR.SP00.A,D,HKD,EUR,SP00,A,2013-01-31,10.5106
EXR.D.HKD.EUR.SP00.A,D,HKD,EUR,SP00,A,2013-02-01,10.5847
EXR.D.HKD.EUR.SP00.A,D,HKD,EUR,SP00,A,2013-02-04,10.5081
EXR.D.HKD.EUR.SP00.A,D,HKD,EUR,SP00,A,2013-02-05,10.4965
EXR.D.HKD.EUR.SP00.A,D,HKD,EUR,SP00,A,2013-02-06,10.4814
EXR.D.HKD.EUR.SP00.A,D,HKD,EUR,SP00,A,2013-02-07,10.5067
EXR.D.HKD.EUR.SP00.A,D,HKD,EUR,SP00,A,2013-02-08,10.3723
EXR.D.HKD.EUR.SP00.A,D,HKD,EUR,SP00,A,2013-02-11,10.3847
EXR.D.HKD.EUR.SP00.A,D,HKD,EUR,SP00,A,2013-02-12,10.4218
EXR.D.HKD.EUR.SP00.A,D,HKD,EUR,SP00,A,2013-02-13,10.455
EXR.D.HKD.EUR.SP00.A,D,HKD,EUR,SP00,A,2013-02-14,10.3352
EXR.D.HKD.EUR.SP00.A,D,HKD,EUR,SP00,A,2013-02-15,10.333
EXR.D.HKD.EUR.SP00.A,D,HKD,EUR,SP00,A,2013-02-18,10.3538
EXR.D.HKD.EUR.SP00.A,D,HKD,EUR,SP00,A,2013-02-19,10.3517
EXR.D.HKD.EUR.SP00.A,D,HKD,EUR,SP00,A,2013-02-20,10.3678
EXR.D.HKD.EUR.SP00.A,D,HKD,EUR,SP00,A,2013-02-21,10.2267
EXR.D.HKD.EUR.SP00.A,D,HKD,EUR,SP00,A,2013-02-22,10.2277
EXR.D.HKD.EUR.SP00.A,D,HKD,EUR,SP00,A,2013-02-25,10.3191
EXR.D.HKD.EUR.SP00.A,D,HKD,EUR,SP00,A,2013-02-26,10.1467
EXR.D.HKD.EUR.SP00.A,D,HKD,EUR,SP00,A,2013-02-27,10.1604
EXR.D.HKD.EUR.SP00.A,D,HKD,EUR,SP00,A,2013-02-28,10.183
EXR.D.HKD.EUR.SP00.A,D,HKD,EUR,SP00,A,2013-03-01,10.0829
EXR.D.HKD.EUR.SP00.A,D,HKD,EUR,SP00,A,2013-03-04,10.0878
EXR.D.HKD.EUR.SP00.A,D,HKD,EUR,SP00,A,2013-03-05,10.1096
EXR.D.HKD.EUR.SP00.A,D,HKD,EUR,SP00,A,2013-03-06,10.1099
EXR.D.HKD.EUR.SP00.A,D,HKD,EUR,SP00,A,2013-03-07,10.092
EXR.D.HKD.EUR.SP00.A,D,HKD,EUR,SP00,A,2013-03-08,10.1525
EXR.D.HKD.EUR.SP00.A,D,HKD,EUR,SP00,A,2013-03-11,10.0797
EXR.D.HKD.EUR.SP00.A,D,HKD,EUR,SP00,A,2013-03-12,10.1251
EXR.D.HKD.EUR.SP00.A,D,HKD,EUR,SP00,A,2013-03-13,10.0695
EXR.D.HKD.EUR.SP00.A,D,HKD,EUR,SP00,A,2013-03-14,10.037
EXR.D.HKD.EUR.SP00.A,D,HKD,EUR,SP00,A,2013-03-15,10.1525
EXR.D.HKD.EUR.SP00.A,D,HKD,EUR,SP00,A,2013-03-18,10.0351
EXR.D.HKD.EUR.SP00.A,D,HKD,EUR,SP00,A,2013-03-19,10.0455
EXR.D.HKD.EUR.SP00.A,D,HKD,EUR,SP00,A,2013-03-20,10.0489
EXR.D.HKD.EUR.SP00.A,D,HKD,EUR,SP00,A,2013-03-21,10.0224
EXR.D.HKD.EUR.SP00.A,D,HKD,EUR,SP00,A,2013-03-22,10.0517
EXR.D.HKD.EUR.SP00.A,D,HKD,EUR,SP00,A,2013-03-25,10.0396
EXR.D.HKD.EUR.SP00.A,D,HKD,EUR,SP00,A,2013-03-26,9.98
EXR.D.HKD.EUR.SP00.A,D,HKD,EUR,SP00,A,2013-03-27,9.9114
EXR.D.HKD.EUR.SP00.A,D,HKD,EUR,SP00,A,2013-03-28,9.942
EXR.D.HKD.EUR.SP00.A,D,HKD,EUR,SP00,A,2013-04-02,9.9403
EXR.D.HKD.EUR.SP00.A,D,HKD,EUR,SP00,A,2013-04-03,9.9575
EXR.D.HKD.EUR.SP00.A,D,HKD,EUR,SP00,A,2013-04-04,9.9514
EXR.D.HKD.EUR.SP00.A,D,HKD,EUR,SP00,A,2013-04-05,10.0517
EXR.D.HKD.EUR.SP00.A,D,HKD,EUR,SP00,A,2013-04-08,10.1107
EXR.D.HKD.EUR.SP00.A,D,HKD,EUR,SP00,A,2013-04-09,10.1248
EXR.D.HKD.EUR.SP00.A,D,HKD,EUR,SP00,A,2013-04-10,10.1587
EXR.D.HKD.EUR.SP00.A,D,HKD,EUR,SP00,A,2013-04-11,10.1836
EXR.D.HKD.EUR.SP00.A,D,HKD,EUR,SP00,A,2013-04-12,10.1303
EXR.D.HKD.EUR.SP00.A,D,HKD,EUR,SP00,A,2013-04-15,10.1545
EXR.D.HKD.EUR.SP00.A,D,HKD,EUR,SP00,A,2013-04-16,10.1909
EXR.D.HKD.EUR.SP00.A,D,HKD,EUR,SP00,A,2013-04-17,10.1915
EXR.D.HKD.EUR.SP00.A,D,HKD,EUR,SP00,A,2013-04-18,10.1268
EXR.D.HKD.EUR.SP00.A,D,HKD,EUR,SP00,A,2013-04-19,10.182
EXR.D.HKD.EUR.SP00.A,D,HKD,EUR,SP00,A,2013-04-22,10.1221
EXR.D.HKD.EUR.SP00.A,D,HKD,EUR,SP00,A,2013-04-23,10.086
EXR.D.HKD.EUR.SP00.A,D,HKD,EUR,SP00,A,2013-04-24,10.098
EXR.D.HKD.EUR.SP00.A,D,HKD,EUR,SP00,A,2013-04-25,10.1549
EXR.D.HKD.EUR.SP00.A,D,HKD,EUR,SP00,A,2013-04-26,10.0922
EXR.D.HKD.EUR.SP00.A,D,HKD,EUR,SP00,A,2013-04-29,10.1777
EXR.D.HKD.EUR.SP00.A,D,HKD,EUR,SP00,A,2013-04-30,10.1452
EXR.D.HKD.EUR.SP00.A,D,HKD,EUR,SP00,A,2013-05-02,10.2357
EXR.D.HKD.EUR.SP00.A,D,HKD,EUR,SP00,A,2013-05-03,10.1754
EXR.D.HKD.EUR.SP00.A,D,HKD,EUR,SP00,A,2013-05-06,10.1705
EXR.D.HKD.EUR.SP00.A,D,HKD,EUR,SP00,A,2013-05-07,10.1734
EXR.D.HKD.EUR.SP00.A,D,HKD,EUR,SP00,A,2013-05-08,10.1934
EXR.D.HKD.EUR.SP00.A,D,HKD,EUR,SP00,A,2013-05-09,10.1977
EXR.D.HKD.EUR.SP00.A,D,HKD,EUR,SP00,A,2013-05-10,10.0793
EXR.D.HKD.EUR.SP00.A,D,HKD,EUR,SP00,A,2013-05-13,10.0689
EXR.D.HKD.EUR.SP00.A,D,HKD,EUR,SP00,A,2013-05-14,10.0726
EXR.D.HKD.EUR.SP00.A,D,HKD,EUR,SP00,A,2013-05-15,9.9849
EXR.D.HKD.EUR.SP00.A,D,HKD,EUR,SP00,A,2013-05-16,10.0069
EXR.D.HKD.EUR.SP00.A,D,HKD,EUR,SP00,A,2013-05-17,9.9911
EXR.D.HKD.EUR.SP00.A,D,HKD,EUR,SP00,A,2013-05-20,9.9766
EXR.D.HKD.EUR.SP00.A,D,HKD,EUR,SP00,A,2013-05-21,9.9863
EXR.D.HKD.EUR.SP00.A,D,HKD,EUR,SP00,A,2013-05-22,10.0301
EXR.D.HKD.EUR.SP00.A,D,HKD,EUR,SP00,A,2013-05-23,10.0044
EXR.D.HKD.EUR.SP00.A,D,HKD,EUR,SP00,A,2013-05-24,10.0448
EXR.D.HKD.EUR.SP00.A,D,HKD,EUR,SP00,A,2013-05-27,10.0453
EXR.D.HKD.EUR.SP00.A,D,HKD,EUR,SP00,A,2013-05-28,10.0445
EXR.D.HKD.EUR.SP00.A,D,HKD,EUR,SP00,A,2013-05-29,10.0557
EXR.D.HKD.EUR.SP00.A,D,HKD,EUR,SP00,A,2013-05-30,10.05
EXR.D.HKD.EUR.SP00.A,D,HKD,EUR,SP00,A,2013-05-31,10.0981
EXR.D.HKD.EUR.SP00.A,D,HKD,EUR,SP00,A,2013-06-03,10.0989
EXR.D.HKD.EUR.SP00.A,D,HKD,EUR,SP00,A,2013-06-04,10.1612
EXR.D.HKD.EUR.SP00.A,D,HKD,EUR,SP00,A,2013-06-05,10.1414
EXR.D.HKD.EUR.SP00.A,D,HKD,EUR,SP00,A,2013-06-06,10.1835
EXR.D.HKD.EUR.SP00.A,D,HKD,EUR,SP00,A,2013-06-07,10.2928
EXR.D.HKD.EUR.SP00.A,D,HKD,EUR,SP00,A,2013-06-10,10.2549
EXR.D.HKD.EUR.SP00.A,D,HKD,EUR,SP00,A,2013-06-11,10.3057
EXR.D.HKD.EUR.SP00.A,D,HKD,EUR,SP00,A,2013-06-12,10.3095
EXR.D.HKD.EUR.SP00.A,D,HKD,EUR,SP00,A,2013-06-13,10.3387
EXR.D.HKD.EUR.SP00.A,D,HKD,EUR,SP00,A,2013-06-14,10.3258
EXR.D.HKD.EUR.SP00.A,D,HKD,EUR,SP00,A,2013-06-17,10.3491
EXR.D.HKD.EUR.SP00.A,D,HKD,EUR,SP00,A,2013-06-18,10.3762
EXR.D.HKD.EUR.SP00.A,D,HKD,EUR,SP00,A,2013-06-19,10.3981
EXR.D.HKD.EUR.SP00.A,D,HKD,EUR,SP00,A,2013-06-20,10.2375
EXR.D.HKD.EUR.SP00.A,D,HKD,EUR,SP00,A,2013-06-21,10.2239
EXR.D.HKD.EUR.SP00.A,D,HKD,EUR,SP00,A,2013-06-24,10.152
EXR.D.HKD.EUR.SP00.A,D,HKD,EUR,SP00,A,2013-06-25,10.1876
EXR.D.HKD.EUR.SP00.A,D,HKD,EUR,SP00,A,2013-06-26,10.1048
EXR.D.HKD.EUR.SP00.A,D,HKD,EUR,SP00,A,2013-06-27,10.1092
EXR.D.HKD.EUR.SP00.A,D,HKD,EUR,SP00,A,2013-06-28,10.1477
EXR.D.HKD.EUR.SP00.A,D,HKD,EUR,SP00,A,2013-07-01,10.1108
EXR.D.HKD.EUR.SP00.A,D,HKD,EUR,SP00,A,2013-07-02,10.0923
EXR.D.HKD.EUR.SP00.A,D,HKD,EUR,SP00,A,2013-07-03,10.0485
EXR.D.HKD.EUR.SP00.A,D,HKD,EUR,SP00,A,2013-07-04,10.0677
EXR.D.HKD.EUR.SP00.A,D,HKD,EUR,SP00,A,2013-07-05,9.9892
EXR.D.HKD.EUR.SP00.A,D,HKD,EUR,SP00,A,2013-07-08,9.9662
EXR.D.HKD.EUR.SP00.A,D,HKD,EUR,SP00,A,2013-07-09,9.9733
EXR.D.HKD.EUR.SP00.A,D,HKD,EUR,SP00,A,2013-07-10,9.939
EXR.D.HKD.EUR.SP00.A,D,HKD,EUR,SP00,A,2013-07-11,10.1178
EXR.D.HKD.EUR.SP00.A,D,HKD,EUR,SP00,A,2013-07-12,10.1106
EXR.D.HKD.EUR.SP00.A,D,HKD,EUR,SP00,A,2013-07-15,10.095
EXR.D.HKD.EUR.SP00.A,D,HKD,EUR,SP00,A,2013-07-16,10.1767
EXR.D.HKD.EUR.SP00.A,D,HKD,EUR,SP00,A,2013-07-17,10.1903
EXR.D.HKD.EUR.SP00.A,D,HKD,EUR,SP00,A,2013-07-18,10.1566
EXR.D.HKD.EUR.SP00.A,D,HKD,EUR,SP00,A,2013-07-19,10.1804
EXR.D.HKD.EUR.SP00.A,D,HKD,EUR,SP00,A,2013-07-22,10.2143
EXR.D.HKD.EUR.SP00.A,D,HKD,EUR,SP00,A,2013-07-23,10.2245
EXR.D.HKD.EUR.SP00.A,D,HKD,EUR,SP00,A,2013-07-24,10.2753
EXR.D.HKD.EUR.SP00.A,D,HKD,EUR,SP00,A,2013-07-25,10.2416
EXR.D.HKD.EUR.SP00.A,D,HKD,EUR,SP00,A,2013-07-26,10.2853
EXR.D.HKD.EUR.SP00.A,D,HKD,EUR,SP00,A,2013-07-29,10.2938
EXR.D.HKD.EUR.SP00.A,D,HKD,EUR,SP00,A,2013-07-30,10.3023
EXR.D.HKD.EUR.SP00.A,D,HKD,EUR,SP00,A,2013-07-31,10.2946
EXR.D.HKD.EUR.SP00.A,D,HKD,EUR,SP00,A,2013-08-01,10.2656
EXR.D.HKD.EUR.SP00.A,D,HKD,EUR,SP00,A,2013-08-02,10.2412
EXR.D.HKD.EUR.SP00.A,D,HKD,EUR,SP00,A,2013-08-05,10.2832
EXR.D.HKD.EUR.SP00.A,D,HKD,EUR,SP00,A,2013-08-06,10.3002
EXR.D.HKD.EUR.SP00.A,D,HKD,EUR,SP00,A,2013-08-07,10.3197
EXR.D.HKD.EUR.SP00.A,D,HKD,EUR,SP00,A,2013-08-08,10.3626
EXR.D.HKD.EUR.SP00.A,D,HKD,EUR,SP00,A,2013-08-09,10.3714
EXR.D.HKD.EUR.SP00.A,D,HKD,EUR,SP00,A,2013-08-12,10.2992
EXR.D.HKD.EUR.SP00.A,D,HKD,EUR,SP00,A,2013-08-13,10.3073
EXR.D.HKD.EUR.SP00.A,D,HKD,EUR,SP00,A,2013-08-14,10.2705
EXR.D.HKD.EUR.SP00.A,D,HKD,EUR,SP00,A,2013-08-15,10.3113
EXR.D.HKD.EUR.SP00.A,D,HKD,EUR,SP00,A,2013-08-16,10.344
EXR.D.HKD.EUR.SP00.A,D,HKD,EUR,SP00,A,2013-08-19,10.349
EXR.D.HKD.EUR.SP00.A,D,HKD,EUR,SP00,A,2013-08-20,10.3848
EXR.D.HKD.EUR.SP00.A,D,HKD,EUR,SP00,A,2013-08-21,10.3789
EXR.D.HKD.EUR.SP00.A,D,HKD,EUR,SP00,A,2013-08-22,10.3328
EXR.D.HKD.EUR.SP00.A,D,HKD,EUR,SP00,A,2013-08-23,10.3579
EXR.D.HKD.EUR.SP00.A,D,HKD,EUR,SP00,A,2013-08-26,10.3617
EXR.D.HKD.EUR.SP00.A,D,HKD,EUR,SP00,A,2013-08-27,10.3458
EXR.D.HKD.EUR.SP00.A,D,HKD,EUR,SP00,A,2013-08-28,10.3511
EXR.D.HKD.EUR.SP00.A,D,HKD,EUR,SP00,A,2013-08-29,10.2886
EXR.D.HKD.EUR.SP00.A,D,HKD,EUR,SP00,A,2013-08-30,10.2627
EXR.D.HKD.EUR.SP00.A,D,HKD,EUR,SP00,A,2013-09-02,10.2418
EXR.D.HKD.EUR.SP00.A,D,HKD,EUR,SP00,A,2013-09-03,10.2144
EXR.D.HKD.EUR.SP00.A,D,HKD,EUR,SP00,A,2013-09-04,10.2145
EXR.D.HKD.EUR.SP00.A,D,HKD,EUR,SP00,A,2013-09-05,10.2392
EXR.D.HKD.EUR.SP00.A,D,HKD,EUR,SP00,A,2013-09-06,10.1732
EXR.D.HKD.EUR.SP00.A,D,HKD,EUR,SP00,A,2013-09-09,10.2323
EXR.D.HKD.EUR.SP00.A,D,HKD,EUR,SP00,A,2013-09-10,10.2671
EXR.D.HKD.EUR.SP00.A,D,HKD,EUR,SP00,A,2013-09-11,10.2888
EXR.D.HKD.EUR.SP00.A,D,HKD,EUR,SP00,A,2013-09-12,10.3055
EXR.D.HKD.EUR.SP00.A,D,HKD,EUR,SP00,A,2013-09-13,10.3091
EXR.D.HKD.EUR.SP00.A,D,HKD,EUR,SP00,A,2013-09-16,10.357
EXR.D.HKD.EUR.SP00.A,D,HKD,EUR,SP00,A,2013-09-17,10.3564
EXR.D.HKD.EUR.SP00.A,D,HKD,EUR,SP00,A,2013-09-18,10.353
EXR.D.HKD.EUR.SP00.A,D,HKD,EUR,SP00,A,2013-09-19,10.5023
EXR.D.HKD.EUR.SP00.A,D,HKD,EUR,SP00,A,2013-09-20,10.4769
EXR.D.HKD.EUR.SP00.A,D,HKD,EUR,SP00,A,2013-09-23,10.4732
EXR.D.HKD.EUR.SP00.A,D,HKD,EUR,SP00,A,2013-09-24,10.4462
EXR.D.HKD.EUR.SP00.A,D,HKD,EUR,SP00,A,2013-09-25,10.471
EXR.D.HKD.EUR.SP00.A,D,HKD,EUR,SP00,A,2013-09-26,10.4673
EXR.D.HKD.EUR.SP00.A,D,HKD,EUR,SP00,A,2013-09-27,10.4975
EXR.D.HKD.EUR.SP00.A,D,HKD,EUR,SP00,A,2013-09-30,10.4722
EXR.D.HKD.EUR.SP00.A,D,HKD,EUR,SP00,A,2013-10-01,10.5113
EXR.D.HKD.EUR.SP00.A,D,HKD,EUR,SP00,A,2013-10-02,10.4799
EXR.D.HKD.EUR.SP00.A,D,HKD,EUR,SP00,A,2013-10-03,10.5415
EXR.D.HKD.EUR.SP00.A,D,HKD,EUR,SP00,A,2013-10-04,10.5406
EXR.D.HKD.EUR.SP00.A,D,HKD,EUR,SP00,A,2013-10-07,10.5245
EXR.D.HKD.EUR.SP00.A,D,HKD,EUR,SP00,A,2013-10-08,10.5271
EXR.D.HKD.EUR.SP00.A,D,HKD,EUR,SP00,A,2013-10-09,10.4801
EXR.D.HKD.EUR.SP00.A,D,HKD,EUR,SP00,A,2013-10-10,10.4933
EXR.D.HKD.EUR.SP00.A,D,HKD,EUR,SP00,A,2013-10-11,10.5195
EXR.D.HKD.EUR.SP00.A,D,HKD,EUR,SP00,A,2013-10-14,10.5179
EXR.D.HKD.EUR.SP00.A,D,HKD,EUR,SP00,A,2013-10-15,10.4629
EXR.D.HKD.EUR.SP00.A,D,HKD,EUR,SP00,A,2013-10-16,10.5157
EXR.D.HKD.EUR.SP00.A,D,HKD,EUR,SP00,A,2013-10-17,10.5935
EXR.D.HKD.EUR.SP00.A,D,HKD,EUR,SP00,A,2013-10-18,10.6099
EXR.D.HKD.EUR.SP00.A,D,HKD,EUR,SP00,A,2013-10-21,10.5959
EXR.D.HKD.EUR.SP00.A,D,HKD,EUR,SP00,A,2013-10-22,10.6012
EXR.D.HKD.EUR.SP00.A,D,HKD,EUR,SP00,A,2013-10-23,10.6618
EXR.D.HKD.EUR.SP00.A,D,HKD,EUR,SP00,A,2013-10-24,10.7032
EXR.D.HKD.EUR.SP00.A,D,HKD,EUR,SP00,A,2013-10-25,10.682
EXR.D.HKD.EUR.SP00.A,D,HKD,EUR,SP00,A,2013-10-28,10.6871
EXR.D.HKD.EUR.SP00.A,D,HKD,EUR,SP00,A,2013-10-29,10.6749
EXR.D.HKD.EUR.SP00.A,D,HKD,EUR,SP00,A,2013-10-30,10.6644
EXR.D.HKD.EUR.SP00.A,D,HKD,EUR,SP00,A,2013-10-31,10.5759
EXR.D.HKD.EUR.SP00.A,D,HKD,EUR,SP00,A,2013-11-01,10.47
EXR.D.HKD.EUR.SP00.A,D,HKD,EUR,SP00,A,2013-11-04,10.47
EXR.D.HKD.EUR.SP00.A,D,HKD,EUR,SP00,A,2013-11-05,10.46
EXR.D.HKD.EUR.SP00.A,D,HKD,EUR,SP00,A,2013-11-06,10.4778
EXR.D.HKD.EUR.SP00.A,D,HKD,EUR,SP00,A,2013-11-07,10.36
EXR.D.HKD.EUR.SP00.A,D,HKD,EUR,SP00,A,2013-11-08,10.4113
EXR.D.HKD.EUR.SP00.A,D,HKD,EUR,SP00,A,2013-11-11,10.3843
EXR.D.HKD.EUR.SP00.A,D,HKD,EUR,SP00,A,2013-11-12,10.414
EXR.D.HKD.EUR.SP00.A,D,HKD,EUR,SP00,A,2013-11-13,10.4008
EXR.D.HKD.EUR.SP00.A,D,HKD,EUR,SP00,A,2013-11-14,10.4177
EXR.D.HKD.EUR.SP00.A,D,HKD,EUR,SP00,A,2013-11-15,10.4363
EXR.D.HKD.EUR.SP00.A,D,HKD,EUR,SP00,A,2013-11-18,10.4793
EXR.D.HKD.EUR.SP00.A,D,HKD,EUR,SP00,A,2013-11-19,10.4668
EXR.D.HKD.EUR.SP00.A,D,HKD,EUR,SP00,A,2013-11-20,10.4857
EXR.D.HKD.EUR.SP00.A,D,HKD,EUR,SP00,A,2013-11-21,10.4434
EXR.D.HKD.EUR.SP00.A,D,HKD,EUR,SP00,A,2013-11-22,10.4802
EXR.D.HKD.EUR.SP00.A,D,HKD,EUR,SP00,A,2013-11-25,10.4773
EXR.D.HKD.EUR.SP00.A,D,HKD,EUR,SP00,A,2013-11-26,10.5022
EXR.D.HKD.EUR.SP00.A,D,HKD,EUR,SP00,A,2013-11-27,10.5406
EXR.D.HKD.EUR.SP00.A,D,HKD,EUR,SP00,A,2013-11-28,10.5375
EXR.D.HKD.EUR.SP00.A,D,HKD,EUR,SP00,A,2013-11-29,10.5523
EXR.D.HKD.EUR.SP00.A,D,HKD,EUR,SP00,A,2013-12-02,10.4934
EXR.D.HKD.EUR.SP00.A,D,HKD,EUR,SP00,A,2013-12-03,10.5262
EXR.D.HKD.EUR.SP00.A,D,HKD,EUR,SP00,A,2013-12-04,10.5384
EXR.D.HKD.EUR.SP00.A,D,HKD,EUR,SP00,A,2013-12-05,10.5407
EXR.D.HKD.EUR.SP00.A,D,HKD,EUR,SP00,A,2013-12-06,10.5937
EXR.D.HKD.EUR.SP00.A,D,HKD,EUR,SP00,A,2013-12-09,10.6396
EXR.D.HKD.EUR.SP00.A,D,HKD,EUR,SP00,A,2013-12-10,10.6605
EXR.D.HKD.EUR.SP00.A,D,HKD,EUR,SP00,A,2013-12-11,10.6755
EXR.D.HKD.EUR.SP00.A,D,HKD,EUR,SP00,A,2013-12-12,10.6803
EXR.D.HKD.EUR.SP00.A,D,HKD,EUR,SP00,A,2013-12-13,10.643
EXR.D.HKD.EUR.SP00.A,D,HKD,EUR,SP00,A,2013-12-16,10.6815
EXR.D.HKD.EUR.SP00.A,D,HKD,EUR,SP00,A,2013-12-17,10.6595
EXR.D.HKD.EUR.SP00.A,D,HKD,EUR,SP00,A,2013-12-18,10.6586
EXR.D.HKD.EUR.SP00.A,D,HKD,EUR,SP00,A,2013-12-19,10.5964
EXR.D.HKD.EUR.SP00.A,D,HKD,EUR,SP00,A,2013-12-20,10.589
EXR.D.HKD.EUR.SP00.A,D,HKD,EUR,SP00,A,2013-12-23,10.6248
EXR.D.HKD.EUR.SP00.A,D,HKD,EUR,SP00,A,2013-12-24,10.6119
EXR.D.HKD.EUR.SP00.A,D,HKD,EUR,SP00,A,2013-12-27,10.7126
EXR.D.HKD.EUR.SP00.A,D,HKD,EUR,SP00,A,2013-12-30,10.6886
EXR.D.HKD.EUR.SP00.A,D,HKD,EUR,SP00,A,2013-12-31,10.6933
EXR.D.HKD.EUR.SP00.A,D,HKD,EUR,SP00,A,2014-01-02,10.5904
EXR.D.HKD.EUR.SP00.A,D,HKD,EUR,SP00,A,2014-01-03,10.573
EXR.D.HKD.EUR.SP00.A,D,HKD,EUR,SP00,A,2014-01-06,10.5479
EXR.D.HKD.EUR.SP00.A,D,HKD,EUR,SP00,A,2014-01-07,10.5776
EXR.D.HKD.EUR.SP00.A,D,HKD,EUR,SP00,A,2014-01-08,10.5416
EXR.D.HKD.EUR.SP00.A,D,HKD,EUR,SP00,A,2014-01-09,10.5554
EXR.D.HKD.EUR.SP00.A,D,HKD,EUR,SP00,A,2014-01-10,10.5367
EXR.D.HKD.EUR.SP00.A,D,HKD,EUR,SP00,A,2014-01-13,10.5882
EXR.D.HKD.EUR.SP00.A,D,HKD,EUR,SP00,A,2014-01-14,10.5978
EXR.D.HKD.EUR.SP00.A,D,HKD,EUR,SP00,A,2014-01-15,10.5504
EXR.D.HKD.EUR.SP00.A,D,HKD,EUR,SP00,A,2014-01-16,10.5441
EXR.D.HKD.EUR.SP00.A,D,HKD,EUR,SP00,A,2014-01-17,10.5353
EXR.D.HKD.EUR.SP00.A,D,HKD,EUR,SP00,A,2014-01-20,10.5225
EXR.D.HKD.EUR.SP00.A,D,HKD,EUR,SP00,A,2014-01-21,10.492
EXR.D.HKD.EUR.SP00.A,D,HKD,EUR,SP00,A,2014-01-22,10.5237
EXR.D.HKD.EUR.SP00.A,D,HKD,EUR,SP00,A,2014-01-23,10.5816
EXR.D.HKD.EUR.SP00.A,D,HKD,EUR,SP00,A,2014-01-24,10.6254
EXR.D.HKD.EUR.SP00.A,D,HKD,EUR,SP00,A,2014-01-27,10.605
EXR.D.HKD.EUR.SP00.A,D,HKD,EUR,SP00,A,2014-01-28,10.5967
EXR.D.HKD.EUR.SP00.A,D,HKD,EUR,SP00,A,2014-01-29,10.5653
EXR.D.HKD.EUR.SP00.A,D,HKD,EUR,SP00,A,2014-01-30,10.5421
EXR.D.HKD.EUR.SP00.A,D,HKD,EUR,SP00,A,2014-01-31,10.4969
EXR.D.HKD.EUR.SP00.A,D,HKD,EUR,SP00,A,2014-02-03,10.5609
EXR.D.HKD.EUR.SP00.A,D,HKD,EUR,SP00,A,2014-02-04,10.4969
EXR.D.HKD.EUR.SP00.A,D,HKD,EUR,SP00,A,2014-02-05,10.5123
EXR.D.HKD.EUR.SP00.A,D,HKD,EUR,SP00,A,2014-02-06,10.4704
EXR.D.HKD.EUR.SP00.A,D,HKD,EUR,SP00,A,2014-02-07,10.5532
EXR.D.HKD.EUR.SP00.A,D,HKD,EUR,SP00,A,2014-02-10,10.5791
EXR.D.HKD.EUR.SP00.A,D,HKD,EUR,SP00,A,2014-02-11,10.6072
EXR.D.HKD.EUR.SP00.A,D,HKD,EUR,SP00,A,2014-02-12,10.5274
EXR.D.HKD.EUR.SP00.A,D,HKD,EUR,SP00,A,2014-02-13,10.6063
EXR.D.HKD.EUR.SP00.A,D,HKD,EUR,SP00,A,2014-02-14,10.6306
EXR.D.HKD.EUR.SP00.A,D,HKD,EUR,SP00,A,2014-02-17,10.6238
EXR.D.HKD.EUR.SP00.A,D,HKD,EUR,SP00,A,2014-02-18,10.6494
EXR.D.HKD.EUR.SP00.A,D,HKD,EUR,SP00,A,2014-02-19,10.6595
EXR.D.HKD.EUR.SP00.A,D,HKD,EUR,SP00,A,2014-02-20,10.6298
EXR.D.HKD.EUR.SP00.A,D,HKD,EUR,SP00,A,2014-02-21,10.6313
EXR.D.HKD.EUR.SP00.A,D,HKD,EUR,SP00,A,2014-02-24,10.653
EXR.D.HKD.EUR.SP00.A,D,HKD,EUR,SP00,A,2014-02-25,10.6715
EXR.D.HKD.EUR.SP00.A,D,HKD,EUR,SP00,A,2014-02-26,10.6497
EXR.D.HKD.EUR.SP00.A,D,HKD,EUR,SP00,A,2014-02-27,10.5954
EXR.D.HKD.EUR.SP00.A,D,HKD,EUR,SP00,A,2014-02-28,10.7172
EXR.D.HKD.EUR.SP00.A,D,HKD,EUR,SP00,A,2014-03-03,10.6823
EXR.D.HKD.EUR.SP00.A,D,HKD,EUR,SP00,A,2014-03-04,10.6847
EXR.D.HKD.EUR.SP00.A,D,HKD,EUR,SP00,A,2014-03-05,10.6574
EXR.D.HKD.EUR.SP00.A,D,HKD,EUR,SP00,A,2014-03-06,10.6672
EXR.D.HKD.EUR.SP00.A,D,HKD,EUR,SP00,A,2014-03-07,10.782
EXR.D.HKD.EUR.SP00.A,D,HKD,EUR,SP00,A,2014-03-10,10.7733
EXR.D.HKD.EUR.SP00.A,D,HKD,EUR,SP00,A,2014-03-11,10.7501
EXR.D.HKD.EUR.SP00.A,D,HKD,EUR,SP00,A,2014-03-12,10.7844
EXR.D.HKD.EUR.SP00.A,D,HKD,EUR,SP00,A,2014-03-13,10.826
EXR.D.HKD.EUR.SP00.A,D,HKD,EUR,SP00,A,2014-03-14,10.7816
EXR.D.HKD.EUR.SP00.A,D,HKD,EUR,SP00,A,2014-03-17,10.7981
EXR.D.HKD.EUR.SP00.A,D,HKD,EUR,SP00,A,2014-03-18,10.7971
EXR.D.HKD.EUR.SP00.A,D,HKD,EUR,SP00,A,2014-03-19,10.8026
EXR.D.HKD.EUR.SP00.A,D,HKD,EUR,SP00,A,2014-03-20,10.6845
EXR.D.HKD.EUR.SP00.A,D,HKD,EUR,SP00,A,2014-03-21,10.696
EXR.D.HKD.EUR.SP00.A,D,HKD,EUR,SP00,A,2014-03-24,10.6866
EXR.D.HKD.EUR.SP00.A,D,HKD,EUR,SP00,A,2014-03-25,10.6959
EXR.D.HKD.EUR.SP00.A,D,HKD,EUR,SP00,A,2014-03-26,10.6995
EXR.D.HKD.EUR.SP00.A,D,HKD,EUR,SP00,A,2014-03-27,10.673
EXR.D.HKD.EUR.SP00.A,D,HKD,EUR,SP00,A,2014-03-28,10.6741
EXR.D.HKD.EUR.SP00.A,D,HKD,EUR,SP00,A,2014-03-31,10.6973
EXR.D.HKD.EUR.SP00.A,D,HKD,EUR,SP00,A,2014-04-01,10.6971
EXR.D.HKD.EUR.SP00.A,D,HKD,EUR,SP00,A,2014-04-02,10.7009
EXR.D.HKD.EUR.SP00.A,D,HKD,EUR,SP00,A,2014-04-03,10.6826
EXR.D.HKD.EUR.SP00.A,D,HKD,EUR,SP00,A,2014-04-04,10.628
EXR.D.HKD.EUR.SP00.A,D,HKD,EUR,SP00,A,2014-04-07,10.6427
EXR.D.HKD.EUR.SP00.A,D,HKD,EUR,SP00,A,2014-04-08,10.6809
EXR.D.HKD.EUR.SP00.A,D,HKD,EUR,SP00,A,2014-04-09,10.695
EXR.D.HKD.EUR.SP00.A,D,HKD,EUR,SP00,A,2014-04-10,10.7512
EXR.D.HKD.EUR.SP00.A,D,HKD,EUR,SP00,A,2014-04-11,10.7575
EXR.D.HKD.EUR.SP00.A,D,HKD,EUR,SP00,A,2014-04-14,10.7206
EXR.D.HKD.EUR.SP00.A,D,HKD,EUR,SP00,A,2014-04-15,10.7028
EXR.D.HKD.EUR.SP00.A,D,HKD,EUR,SP00,A,2014-04-16,10.732
EXR.D.HKD.EUR.SP00.A,D,HKD,EUR,SP00,A,2014-04-17,10.7437
EXR.D.HKD.EUR.SP00.A,D,HKD,EUR,SP00,A,2014-04-22,10.7119
EXR.D.HKD.EUR.SP00.A,D,HKD,EUR,SP00,A,2014-04-23,10.7252
EXR.D.HKD.EUR.SP00.A,D,HKD,EUR,SP00,A,2014-04-24,10.7151
EXR.D.HKD.EUR.SP00.A,D,HKD,EUR,SP00,A,2014-04-25,10.7235
EXR.D.HKD.EUR.SP00.A,D,HKD,EUR,SP00,A,2014-04-28,10.746
EXR.D.HKD.EUR.SP00.A,D,HKD,EUR,SP00,A,2014-04-29,10.7196
EXR.D.HKD.EUR.SP00.A,D,HKD,EUR,SP00,A,2014-04-30,10.7379
EXR.D.HKD.EUR.SP00.A,D,HKD,EUR,SP00,A,2014-05-02,10.7465
EXR.D.HKD.EUR.SP00.A,D,HKD,EUR,SP00,A,2014-05-05,10.7557
EXR.D.HKD.EUR.SP00.A,D,HKD,EUR,SP00,A,2014-05-06,10.8103
EXR.D.HKD.EUR.SP00.A,D,HKD,EUR,SP00,A,2014-05-07,10.7957
EXR.D.HKD.EUR.SP00.A,D,HKD,EUR,SP00,A,2014-05-08,10.8159
EXR.D.HKD.EUR.SP00.A,D,HKD,EUR,SP00,A,2014-05-09,10.6826
EXR.D.HKD.EUR.SP00.A,D,HKD,EUR,SP00,A,2014-05-12,10.6702
EXR.D.HKD.EUR.SP00.A,D,HKD,EUR,SP00,A,2014-05-13,10.6222
EXR.D.HKD.EUR.SP00.A,D,HKD,EUR,SP00,A,2014-05-14,10.6346
EXR.D.HKD.EUR.SP00.A,D,HKD,EUR,SP00,A,2014-05-15,10.5882
EXR.D.HKD.EUR.SP00.A,D,HKD,EUR,SP00,A,2014-05-16,10.6169
EXR.D.HKD.EUR.SP00.A,D,HKD,EUR,SP00,A,2014-05-19,10.6317
EXR.D.HKD.EUR.SP00.A,D,HKD,EUR,SP00,A,2014-05-20,10.6225
EXR.D.HKD.EUR.SP00.A,D,HKD,EUR,SP00,A,2014-05-21,10.6029
EXR.D.HKD.EUR.SP00.A,D,HKD,EUR,SP00,A,2014-05-22,10.5973
EXR.D.HKD.EUR.SP00.A,D,HKD,EUR,SP00,A,2014-05-23,10.5658
EXR.D.HKD.EUR.SP00.A,D,HKD,EUR,SP00,A,2014-05-26,10.5718
EXR.D.HKD.EUR.SP00.A,D,HKD,EUR,SP00,A,2014-05-27,10.5737
EXR.D.HKD.EUR.SP00.A,D,HKD,EUR,SP00,A,2014-05-28,10.5497
EXR.D.HKD.EUR.SP00.A,D,HKD,EUR,SP00,A,2014-05-29,10.5535
EXR.D.HKD.EUR.SP00.A,D,HKD,EUR,SP00,A,2014-05-30,10.5491
EXR.D.HKD.EUR.SP00.A,D,HKD,EUR,SP00,A,2014-06-02,10.5536
EXR.D.HKD.EUR.SP00.A,D,HKD,EUR,SP00,A,2014-06-03,10.5791
EXR.D.HKD.EUR.SP00.A,D,HKD,EUR,SP00,A,2014-06-04,10.5649
EXR.D.HKD.EUR.SP00.A,D,HKD,EUR,SP00,A,2014-06-05,10.5181
EXR.D.HKD.EUR.SP00.A,D,HKD,EUR,SP00,A,2014-06-06,10.5762
EXR.D.HKD.EUR.SP00.A,D,HKD,EUR,SP00,A,2014-06-09,10.5483
EXR.D.HKD.EUR.SP00.A,D,HKD,EUR,SP00,A,2014-06-10,10.5011
EXR.D.HKD.EUR.SP00.A,D,HKD,EUR,SP00,A,2014-06-11,10.5012
EXR.D.HKD.EUR.SP00.A,D,HKD,EUR,SP00,A,2014-06-12,10.4863
EXR.D.HKD.EUR.SP00.A,D,HKD,EUR,SP00,A,2014-06-13,10.4909
EXR.D.HKD.EUR.SP00.A,D,HKD,EUR,SP00,A,2014-06-16,10.4893
EXR.D.HKD.EUR.SP00.A,D,HKD,EUR,SP00,A,2014-06-17,10.5174
EXR.D.HKD.EUR.SP00.A,D,HKD,EUR,SP00,A,2014-06-18,10.5132
EXR.D.HKD.EUR.SP00.A,D,HKD,EUR,SP00,A,2014-06-19,10.5566
EXR.D.HKD.EUR.SP00.A,D,HKD,EUR,SP00,A,2014-06-20,10.5322
EXR.D.HKD.EUR.SP00.A,D,HKD,EUR,SP00,A,2014-06-23,10.5385
EXR.D.HKD.EUR.SP00.A,D,HKD,EUR,SP00,A,2014-06-24,10.5561
EXR.D.HKD.EUR.SP00.A,D,HKD,EUR,SP00,A,2014-06-25,10.5537
EXR.D.HKD.EUR.SP00.A,D,HKD,EUR,SP00,A,2014-06-26,10.5475
EXR.D.HKD.EUR.SP00.A,D,HKD,EUR,SP00,A,2014-06-27,10.5573
EXR.D.HKD.EUR.SP00.A,D,HKD,EUR,SP00,A,2014-06-30,10.5858
EXR.D.HKD.EUR.SP00.A,D,HKD,EUR,SP00,A,2014-07-01,10.6083
EXR.D.HKD.EUR.SP00.A,D,HKD,EUR,SP00,A,2014-07-02,10.5835
EXR.D.HKD.EUR.SP00.A,D,HKD,EUR,SP00,A,2014-07-03,10.577
EXR.D.HKD.EUR.SP00.A,D,HKD,EUR,SP00,A,2014-07-04,10.5311
EXR.D.HKD.EUR.SP00.A,D,HKD,EUR,SP00,A,2014-07-07,10.5342
EXR.D.HKD.EUR.SP00.A,D,HKD,EUR,SP00,A,2014-07-08,10.5317
EXR.D.HKD.EUR.SP00.A,D,HKD,EUR,SP00,A,2014-07-09,10.5426
EXR.D.HKD.EUR.SP00.A,D,HKD,EUR,SP00,A,2014-07-10,10.5431
EXR.D.HKD.EUR.SP00.A,D,HKD,EUR,SP00,A,2014-07-11,10.5363
EXR.D.HKD.EUR.SP00.A,D,HKD,EUR,SP00,A,2014-07-14,10.5611
EXR.D.HKD.EUR.SP00.A,D,HKD,EUR,SP00,A,2014-07-15,10.5501
EXR.D.HKD.EUR.SP00.A,D,HKD,EUR,SP00,A,2014-07-16,10.4881
EXR.D.HKD.EUR.SP00.A,D,HKD,EUR,SP00,A,2014-07-17,10.4831
EXR.D.HKD.EUR.SP00.A,D,HKD,EUR,SP00,A,2014-07-18,10.4835
EXR.D.HKD.EUR.SP00.A,D,HKD,EUR,SP00,A,2014-07-21,10.4789
EXR.D.HKD.EUR.SP00.A,D,HKD,EUR,SP00,A,2014-07-22,10.4499
EXR.D.HKD.EUR.SP00.A,D,HKD,EUR,SP00,A,2014-07-23,10.4362
EXR.D.HKD.EUR.SP00.A,D,HKD,EUR,SP00,A,2014-07-24,10.4412
EXR.D.HKD.EUR.SP00.A,D,HKD,EUR,SP00,A,2014-07-25,10.416
EXR.D.HKD.EUR.SP00.A,D,HKD,EUR,SP00,A,2014-07-28,10.4107
EXR.D.HKD.EUR.SP00.A,D,HKD,EUR,SP00,A,2014-07-29,10.4081
EXR.D.HKD.EUR.SP00.A,D,HKD,EUR,SP00,A,2014-07-30,10.3859
EXR.D.HKD.EUR.SP00.A,D,HKD,EUR,SP00,A,2014-07-31,10.3689
EXR.D.HKD.EUR.SP00.A,D,HKD,EUR,SP00,A,2014-08-01,10.3811
EXR.D.HKD.EUR.SP00.A,D,HKD,EUR,SP00,A,2014-08-04,10.4021
EXR.D.HKD.EUR.SP00.A,D,HKD,EUR,SP00,A,2014-08-05,10.3711
EXR.D.HKD.EUR.SP00.A,D,HKD,EUR,SP00,A,2014-08-06,10.3414
EXR.D.HKD.EUR.SP00.A,D,HKD,EUR,SP00,A,2014-08-07,10.3613
EXR.D.HKD.EUR.SP00.A,D,HKD,EUR,SP00,A,2014-08-08,10.3772
EXR.D.HKD.EUR.SP00.A,D,HKD,EUR,SP00,A,2014-08-11,10.3774
EXR.D.HKD.EUR.SP00.A,D,HKD,EUR,SP00,A,2014-08-12,10.345
EXR.D.HKD.EUR.SP00.A,D,HKD,EUR,SP00,A,2014-08-13,10.3555
EXR.D.HKD.EUR.SP00.A,D,HKD,EUR,SP00,A,2014-08-14,10.3655
EXR.D.HKD.EUR.SP00.A,D,HKD,EUR,SP00,A,2014-08-15,10.3765
EXR.D.HKD.EUR.SP00.A,D,HKD,EUR,SP00,A,2014-08-18,10.3728
EXR.D.HKD.EUR.SP00.A,D,HKD,EUR,SP00,A,2014-08-19,10.3499
EXR.D.HKD.EUR.SP00.A,D,HKD,EUR,SP00,A,2014-08-20,10.2959
EXR.D.HKD.EUR.SP00.A,D,HKD,EUR,SP00,A,2014-08-21,10.2781
EXR.D.HKD.EUR.SP00.A,D,HKD,EUR,SP00,A,2014-08-22,10.2822
EXR.D.HKD.EUR.SP00.A,D,HKD,EUR,SP00,A,2014-08-25,10.2303
EXR.D.HKD.EUR.SP00.A,D,HKD,EUR,SP00,A,2014-08-26,10.2243
EXR.D.HKD.EUR.SP00.A,D,HKD,EUR,SP00,A,2014-08-27,10.2123
EXR.D.HKD.EUR.SP00.A,D,HKD,EUR,SP00,A,2014-08-28,10.2131
EXR.D.HKD.EUR.SP00.A,D,HKD,EUR,SP00,A,2014-08-29,10.2208
EXR.D.HKD.EUR.SP00.A,D,HKD,EUR,SP00,A,2014-09-01,10.1783
EXR.D.HKD.EUR.SP00.A,D,HKD,EUR,SP00,A,2014-09-02,10.1645
EXR.D.HKD.EUR.SP00.A,D,HKD,EUR,SP00,A,2014-09-03,10.1923
EXR.D.HKD.EUR.SP00.A,D,HKD,EUR,SP00,A,2014-09-04,10.087
EXR.D.HKD.EUR.SP00.A,D,HKD,EUR,SP00,A,2014-09-05,10.035
EXR.D.HKD.EUR.SP00.A,D,HKD,EUR,SP00,A,2014-09-08,10.0342
EXR.D.HKD.EUR.SP00.A,D,HKD,EUR,SP00,A,2014-09-09,9.9996
EXR.D.HKD.EUR.SP00.A,D,HKD,EUR,SP00,A,2014-09-10,10.0204
EXR.D.HKD.EUR.SP00.A,D,HKD,EUR,SP00,A,2014-09-11,10.02
EXR.D.HKD.EUR.SP00.A,D,HKD,EUR,SP00,A,2014-09-12,10.0223
EXR.D.HKD.EUR.SP00.A,D,HKD,EUR,SP00,A,2014-09-15,10.0071
EXR.D.HKD.EUR.SP00.A,D,HKD,EUR,SP00,A,2014-09-16,10.037
EXR.D.HKD.EUR.SP00.A,D,HKD,EUR,SP00,A,2014-09-17,10.0425
EXR.D.HKD.EUR.SP00.A,D,HKD,EUR,SP00,A,2014-09-18,9.9775
EXR.D.HKD.EUR.SP00.A,D,HKD,EUR,SP00,A,2014-09-19,9.9617
EXR.D.HKD.EUR.SP00.A,D,HKD,EUR,SP00,A,2014-09-22,9.9564
EXR.D.HKD.EUR.SP00.A,D,HKD,EUR,SP00,A,2014-09-23,9.9932
EXR.D.HKD.EUR.SP00.A,D,HKD,EUR,SP00,A,2014-09-24,9.9425
EXR.D.HKD.EUR.SP00.A,D,HKD,EUR,SP00,A,2014-09-25,9.8564
EXR.D.HKD.EUR.SP00.A,D,HKD,EUR,SP00,A,2014-09-26,9.8772
EXR.D.HKD.EUR.SP00.A,D,HKD,EUR,SP00,A,2014-09-29,9.8625
EXR.D.HKD.EUR.SP00.A,D,HKD,EUR,SP00,A,2014-09-30,9.774
EXR.D.HKD.EUR.SP00.A,D,HKD,EUR,SP00,A,2014-10-01,9.7838
EXR.D.HKD.EUR.SP00.A,D,HKD,EUR,SP00,A,2014-10-02,9.8052
EXR.D.HKD.EUR.SP00.A,D,HKD,EUR,SP00,A,2014-10-03,9.79
EXR.D.HKD.EUR.SP00.A,D,HKD,EUR,SP00,A,2014-10-06,9.7465
EXR.D.HKD.EUR.SP00.A,D,HKD,EUR,SP00,A,2014-10-07,9.7765
EXR.D.HKD.EUR.SP00.A,D,HKD,EUR,SP00,A,2014-10-08,9.808
EXR.D.HKD.EUR.SP00.A,D,HKD,EUR,SP00,A,2014-10-09,9.8991
EXR.D.HKD.EUR.SP00.A,D,HKD,EUR,SP00,A,2014-10-10,9.8066
EXR.D.HKD.EUR.SP00.A,D,HKD,EUR,SP00,A,2014-10-13,9.8371
EXR.D.HKD.EUR.SP00.A,D,HKD,EUR,SP00,A,2014-10-14,9.8091
EXR.D.HKD.EUR.SP00.A,D,HKD,EUR,SP00,A,2014-10-15,9.824
EXR.D.HKD.EUR.SP00.A,D,HKD,EUR,SP00,A,2014-10-16,9.8891
EXR.D.HKD.EUR.SP00.A,D,HKD,EUR,SP00,A,2014-10-17,9.9478
EXR.D.HKD.EUR.SP00.A,D,HKD,EUR,SP00,A,2014-10-20,9.909
EXR.D.HKD.EUR.SP00.A,D,HKD,EUR,SP00,A,2014-10-21,9.8987
EXR.D.HKD.EUR.SP00.A,D,HKD,EUR,SP00,A,2014-10-22,9.8452
EXR.D.HKD.EUR.SP00.A,D,HKD,EUR,SP00,A,2014-10-23,9.8279
EXR.D.HKD.EUR.SP00.A,D,HKD,EUR,SP00,A,2014-10-24,9.8206
EXR.D.HKD.EUR.SP00.A,D,HKD,EUR,SP00,A,2014-10-27,9.8355
EXR.D.HKD.EUR.SP00.A,D,HKD,EUR,SP00,A,2014-10-28,9.8893
EXR.D.HKD.EUR.SP00.A,D,HKD,EUR,SP00,A,2014-10-29,9.8778
EXR.D.HKD.EUR.SP00.A,D,HKD,EUR,SP00,A,2014-10-30,9.7706
EXR.D.HKD.EUR.SP00.A,D,HKD,EUR,SP00,A,2014-10-31,9.7125
EXR.D.HKD.EUR.SP00.A,D,HKD,EUR,SP00,A,2014-11-03,9.6879
EXR.D.HKD.EUR.SP00.A,D,HKD,EUR,SP00,A,2014-11-04,9.7014
EXR.D.HKD.EUR.SP00.A,D,HKD,EUR,SP00,A,2014-11-05,9.6747
EXR.D.HKD.EUR.SP00.A,D,HKD,EUR,SP00,A,2014-11-06,9.7047
EXR.D.HKD.EUR.SP00.A,D,HKD,EUR,SP00,A,2014-11-07,9.6087
EXR.D.HKD.EUR.SP00.A,D,HKD,EUR,SP00,A,2014-11-10,9.6826
EXR.D.HKD.EUR.SP00.A,D,HKD,EUR,SP00,A,2014-11-11,9.6332
EXR.D.HKD.EUR.SP00.A,D,HKD,EUR,SP00,A,2014-11-12,9.6677
EXR.D.HKD.EUR.SP00.A,D,HKD,EUR,SP00,A,2014-11-13,9.6601
EXR.D.HKD.EUR.SP00.A,D,HKD,EUR,SP00,A,2014-11-14,9.6436
EXR.D.HKD.EUR.SP00.A,D,HKD,EUR,SP00,A,2014-11-17,9.6899
EXR.D.HKD.EUR.SP00.A,D,HKD,EUR,SP00,A,2014-11-18,9.7044
EXR.D.HKD.EUR.SP00.A,D,HKD,EUR,SP00,A,2014-11-19,9.7213
EXR.D.HKD.EUR.SP00.A,D,HKD,EUR,SP00,A,2014-11-20,9.7247
EXR.D.HKD.EUR.SP00.A,D,HKD,EUR,SP00,A,2014-11-21,9.6348
EXR.D.HKD.EUR.SP00.A,D,HKD,EUR,SP00,A,2014-11-24,9.6262
EXR.D.HKD.EUR.SP00.A,D,HKD,EUR,SP00,A,2014-11-25,9.6357
EXR.D.HKD.EUR.SP00.A,D,HKD,EUR,SP00,A,2014-11-26,9.6737
EXR.D.HKD.EUR.SP00.A,D,HKD,EUR,SP00,A,2014-11-27,9.6752
EXR.D.HKD.EUR.SP00.A,D,HKD,EUR,SP00,A,2014-11-28,9.6806
EXR.D.HKD.EUR.SP00.A,D,HKD,EUR,SP00,A,2014-12-01,9.6691
EXR.D.HKD.EUR.SP00.A,D,HKD,EUR,SP00,A,2014-12-02,9.6348
EXR.D.HKD.EUR.SP00.A,D,HKD,EUR,SP00,A,2014-12-03,9.5597
EXR.D.HKD.EUR.SP00.A,D,HKD,EUR,SP00,A,2014-12-04,9.544
EXR.D.HKD.EUR.SP00.A,D,HKD,EUR,SP00,A,2014-12-05,9.5823
EXR.D.HKD.EUR.SP00.A,D,HKD,EUR,SP00,A,2014-12-08,9.5013
EXR.D.HKD.EUR.SP00.A,D,HKD,EUR,SP00,A,2014-12-09,9.5889
EXR.D.HKD.EUR.SP00.A,D,HKD,EUR,SP00,A,2014-12-10,9.6059
EXR.D.HKD.EUR.SP00.A,D,HKD,EUR,SP00,A,2014-12-11,9.6348
EXR.D.HKD.EUR.SP00.A,D,HKD,EUR,SP00,A,2014-12-12,9.6517
EXR.D.HKD.EUR.SP00.A,D,HKD,EUR,SP00,A,2014-12-15,9.6334
EXR.D.HKD.EUR.SP00.A,D,HKD,EUR,SP00,A,2014-12-16,9.7206
EXR.D.HKD.EUR.SP00.A,D,HKD,EUR,SP00,A,2014-12-17,9.6518
EXR.D.HKD.EUR.SP00.A,D,HKD,EUR,SP00,A,2014-12-18,9.5292
EXR.D.HKD.EUR.SP00.A,D,HKD,EUR,SP00,A,2014-12-19,9.5233
EXR.D.HKD.EUR.SP00.A,D,HKD,EUR,SP00,A,2014-12-22,9.5098
EXR.D.HKD.EUR.SP00.A,D,HKD,EUR,SP00,A,2014-12-23,9.4761
EXR.D.HKD.EUR.SP00.A,D,HKD,EUR,SP00,A,2014-12-24,9.4844
EXR.D.HKD.EUR.SP00.A,D,HKD,EUR,SP00,A,2014-12-29,9.4632
EXR.D.HKD.EUR.SP00.A,D,HKD,EUR,SP00,A,2014-12-30,9.434
EXR.D.HKD.EUR.SP00.A,D,HKD,EUR,SP00,A,2014-12-31,9.417
EXR.D.HKD.EUR.SP00.A,D,HKD,EUR,SP00,A,2015-01-02,9.3402
EXR.D.HKD.EUR.SP00.A,D,HKD,EUR,SP00,A,2015-01-05,9.2409
EXR.D.HKD.EUR.SP00.A,D,HKD,EUR,SP00,A,2015-01-06,9.2376
EXR.D.HKD.EUR.SP00.A,D,HKD,EUR,SP00,A,2015-01-07,9.1743
EXR.D.HKD.EUR.SP00.A,D,HKD,EUR,SP00,A,2015-01-08,9.1265
EXR.D.HKD.EUR.SP00.A,D,HKD,EUR,SP00,A,2015-01-09,9.1593
EXR.D.HKD.EUR.SP00.A,D,HKD,EUR,SP00,A,2015-01-12,9.1518
EXR.D.HKD.EUR.SP00.A,D,HKD,EUR,SP00,A,2015-01-13,9.1348
EXR.D.HKD.EUR.SP00.A,D,HKD,EUR,SP00,A,2015-01-14,9.1301
EXR.D.HKD.EUR.SP00.A,D,HKD,EUR,SP00,A,2015-01-15,9.0751
EXR.D.HKD.EUR.SP00.A,D,HKD,EUR,SP00,A,2015-01-16,8.983
EXR.D.HKD.EUR.SP00.A,D,HKD,EUR,SP00,A,2015-01-19,8.9963
EXR.D.HKD.EUR.SP00.A,D,HKD,EUR,SP00,A,2015-01-20,8.9772
EXR.D.HKD.EUR.SP00.A,D,HKD,EUR,SP00,A,2015-01-21,8.9879
EXR.D.HKD.EUR.SP00.A,D,HKD,EUR,SP00,A,2015-01-22,9.0074
EXR.D.HKD.EUR.SP00.A,D,HKD,EUR,SP00,A,2015-01-23,8.6809
EXR.D.HKD.EUR.SP00.A,D,HKD,EUR,SP00,A,2015-01-26,8.717
EXR.D.HKD.EUR.SP00.A,D,HKD,EUR,SP00,A,2015-01-27,8.7652
EXR.D.HKD.EUR.SP00.A,D,HKD,EUR,SP00,A,2015-01-28,8.7939
EXR.D.HKD.EUR.SP00.A,D,HKD,EUR,SP00,A,2015-01-29,8.7722
EXR.D.HKD.EUR.SP00.A,D,HKD,EUR,SP00,A,2015-01-30,8.7636
EXR.D.HKD.EUR.SP00.A,D,HKD,EUR,SP00,A,2015-02-02,8.7702
EXR.D.HKD.EUR.SP00.A,D,HKD,EUR,SP00,A,2015-02-03,8.8214
EXR.D.HKD.EUR.SP00.A,D,HKD,EUR,SP00,A,2015-02-04,8.8753
EXR.D.HKD.EUR.SP00.A,D,HKD,EUR,SP00,A,2015-02-05,8.8455
EXR.D.HKD.EUR.SP00.A,D,HKD,EUR,SP00,A,2015-02-06,8.8739
EXR.D.HKD.EUR.SP00.A,D,HKD,EUR,SP00,A,2015-02-09,8.7416
EXR.D.HKD.EUR.SP00.A,D,HKD,EUR,SP00,A,2015-02-10,8.7595
EXR.D.HKD.EUR.SP00.A,D,HKD,EUR,SP00,A,2015-02-11,8.7726
EXR.D.HKD.EUR.SP00.A,D,HKD,EUR,SP00,A,2015-02-12,8.7849
EXR.D.HKD.EUR.SP00.A,D,HKD,EUR,SP00,A,2015-02-13,8.8264
EXR.D.HKD.EUR.SP00.A,D,HKD,EUR,SP00,A,2015-02-16,8.85
EXR.D.HKD.EUR.SP00.A,D,HKD,EUR,SP00,A,2015-02-17,8.8568
EXR.D.HKD.EUR.SP00.A,D,HKD,EUR,SP00,A,2015-02-18,8.8229
EXR.D.HKD.EUR.SP00.A,D,HKD,EUR,SP00,A,2015-02-19,8.8331
EXR.D.HKD.EUR.SP00.A,D,HKD,EUR,SP00,A,2015-02-20,8.7635
EXR.D.HKD.EUR.SP00.A,D,HKD,EUR,SP00,A,2015-02-23,8.7631
EXR.D.HKD.EUR.SP00.A,D,HKD,EUR,SP00,A,2015-02-24,8.7876
EXR.D.HKD.EUR.SP00.A,D,HKD,EUR,SP00,A,2015-02-25,8.7997
EXR.D.HKD.EUR.SP00.A,D,HKD,EUR,SP00,A,2015-02-26,8.776
EXR.D.HKD.EUR.SP00.A,D,HKD,EUR,SP00,A,2015-02-27,8.7167
EXR.D.HKD.EUR.SP00.A,D,HKD,EUR,SP00,A,2015-03-02,8.706
EXR.D.HKD.EUR.SP00.A,D,HKD,EUR,SP00,A,2015-03-03,8.6609
EXR.D.HKD.EUR.SP00.A,D,HKD,EUR,SP00,A,2015-03-04,8.6266
EXR.D.HKD.EUR.SP00.A,D,HKD,EUR,SP00,A,2015-03-05,8.5847
EXR.D.HKD.EUR.SP00.A,D,HKD,EUR,SP00,A,2015-03-06,8.5055
EXR.D.HKD.EUR.SP00.A,D,HKD,EUR,SP00,A,2015-03-09,8.4264
EXR.D.HKD.EUR.SP00.A,D,HKD,EUR,SP00,A,2015-03-10,8.3326
EXR.D.HKD.EUR.SP00.A,D,HKD,EUR,SP00,A,2015-03-11,8.2102
EXR.D.HKD.EUR.SP00.A,D,HKD,EUR,SP00,A,2015-03-12,8.2439
EXR.D.HKD.EUR.SP00.A,D,HKD,EUR,SP00,A,2015-03-13,8.2114
EXR.D.HKD.EUR.SP00.A,D,HKD,EUR,SP00,A,2015-03-16,8.1976
EXR.D.HKD.EUR.SP00.A,D,HKD,EUR,SP00,A,2015-03-17,8.2573
EXR.D.HKD.EUR.SP00.A,D,HKD,EUR,SP00,A,2015-03-18,8.2178
EXR.D.HKD.EUR.SP00.A,D,HKD,EUR,SP00,A,2015-03-19,8.2842
EXR.D.HKD.EUR.SP00.A,D,HKD,EUR,SP00,A,2015-03-20,8.3615
EXR.D.HKD.EUR.SP00.A,D,HKD,EUR,SP00,A,2015-03-23,8.4628
EXR.D.HKD.EUR.SP00.A,D,HKD,EUR,SP00,A,2015-03-24,8.4912
EXR.D.HKD.EUR.SP00.A,D,HKD,EUR,SP00,A,2015-03-25,8.5191
EXR.D.HKD.EUR.SP00.A,D,HKD,EUR,SP00,A,2015-03-26,8.509
EXR.D.HKD.EUR.SP00.A,D,HKD,EUR,SP00,A,2015-03-27,8.4181
EXR.D.HKD.EUR.SP00.A,D,HKD,EUR,SP00,A,2015-03-30,8.41
EXR.D.HKD.EUR.SP00.A,D,HKD,EUR,SP00,A,2015-03-31,8.3422
EXR.D.HKD.EUR.SP00.A,D,HKD,EUR,SP00,A,2015-04-01,8.3382
EXR.D.HKD.EUR.SP00.A,D,HKD,EUR,SP00,A,2015-04-02,8.3958
EXR.D.HKD.EUR.SP00.A,D,HKD,EUR,SP00,A,2015-04-07,8.4086
EXR.D.HKD.EUR.SP00.A,D,HKD,EUR,SP00,A,2015-04-08,8.4183
EXR.D.HKD.EUR.SP00.A,D,HKD,EUR,SP00,A,2015-04-09,8.35
EXR.D.HKD.EUR.SP00.A,D,HKD,EUR,SP00,A,2015-04-10,8.1919
EXR.D.HKD.EUR.SP00.A,D,HKD,EUR,SP00,A,2015-04-13,8.1779
EXR.D.HKD.EUR.SP00.A,D,HKD,EUR,SP00,A,2015-04-14,8.1872
EXR.D.HKD.EUR.SP00.A,D,HKD,EUR,SP00,A,2015-04-15,8.2004
EXR.D.HKD.EUR.SP00.A,D,HKD,EUR,SP00,A,2015-04-16,8.3031
EXR.D.HKD.EUR.SP00.A,D,HKD,EUR,SP00,A,2015-04-17,8.382
EXR.D.HKD.EUR.SP00.A,D,HKD,EUR,SP00,A,2015-04-20,8.3134
EXR.D.HKD.EUR.SP00.A,D,HKD,EUR,SP00,A,2015-04-21,8.2926
EXR.D.HKD.EUR.SP00.A,D,HKD,EUR,SP00,A,2015-04-22,8.3258
EXR.D.HKD.EUR.SP00.A,D,HKD,EUR,SP00,A,2015-04-23,8.3484
EXR.D.HKD.EUR.SP00.A,D,HKD,EUR,SP00,A,2015-04-24,8.3886
EXR.D.HKD.EUR.SP00.A,D,HKD,EUR,SP00,A,2015-04-27,8.3877
EXR.D.HKD.EUR.SP00.A,D,HKD,EUR,SP00,A,2015-04-28,8.4696
EXR.D.HKD.EUR.SP00.A,D,HKD,EUR,SP00,A,2015-04-29,8.5278
EXR.D.HKD.EUR.SP00.A,D,HKD,EUR,SP00,A,2015-04-30,8.6925
EXR.D.HKD.EUR.SP00.A,D,HKD,EUR,SP00,A,2015-05-04,8.646
EXR.D.HKD.EUR.SP00.A,D,HKD,EUR,SP00,A,2015-05-05,8.6169
EXR.D.HKD.EUR.SP00.A,D,HKD,EUR,SP00,A,2015-05-06,8.7053
EXR.D.HKD.EUR.SP00.A,D,HKD,EUR,SP00,A,2015-05-07,8.7642
EXR.D.HKD.EUR.SP00.A,D,HKD,EUR,SP00,A,2015-05-08,8.7002
EXR.D.HKD.EUR.SP00.A,D,HKD,EUR,SP00,A,2015-05-11,8.6381
EXR.D.HKD.EUR.SP00.A,D,HKD,EUR,SP00,A,2015-05-12,8.7133
EXR.D.HKD.EUR.SP00.A,D,HKD,EUR,SP00,A,2015-05-13,8.6987
EXR.D.HKD.EUR.SP00.A,D,HKD,EUR,SP00,A,2015-05-14,8.851
EXR.D.HKD.EUR.SP00.A,D,HKD,EUR,SP00,A,2015-05-15,8.7803
EXR.D.HKD.EUR.SP00.A,D,HKD,EUR,SP00,A,2015-05-18,8.8283
EXR.D.HKD.EUR.SP00.A,D,HKD,EUR,SP00,A,2015-05-19,8.6668
EXR.D.HKD.EUR.SP00.A,D,HKD,EUR,SP00,A,2015-05-20,8.6193
EXR.D.HKD.EUR.SP00.A,D,HKD,EUR,SP00,A,2015-05-21,8.6322
EXR.D.HKD.EUR.SP00.A,D,HKD,EUR,SP00,A,2015-05-22,8.6543
EXR.D.HKD.EUR.SP00.A,D,HKD,EUR,SP00,A,2015-05-25,8.51
EXR.D.HKD.EUR.SP00.A,D,HKD,EUR,SP00,A,2015-05-26,8.4706
EXR.D.HKD.EUR.SP00.A,D,HKD,EUR,SP00,A,2015-05-27,8.4222
EXR.D.HKD.EUR.SP00.A,D,HKD,EUR,SP00,A,2015-05-28,8.4484
EXR.D.HKD.EUR.SP00.A,D,HKD,EUR,SP00,A,2015-05-29,8.5052
EXR.D.HKD.EUR.SP00.A,D,HKD,EUR,SP00,A,2015-06-01,8.4871
EXR.D.HKD.EUR.SP00.A,D,HKD,EUR,SP00,A,2015-06-02,8.5539
EXR.D.HKD.EUR.SP00.A,D,HKD,EUR,SP00,A,2015-06-03,8.633
EXR.D.HKD.EUR.SP00.A,D,HKD,EUR,SP00,A,2015-06-04,8.7733
EXR.D.HKD.EUR.SP00.A,D,HKD,EUR,SP00,A,2015-06-05,8.6979
EXR.D.HKD.EUR.SP00.A,D,HKD,EUR,SP00,A,2015-06-08,8.6536
EXR.D.HKD.EUR.SP00.A,D,HKD,EUR,SP00,A,2015-06-09,8.7211
EXR.D.HKD.EUR.SP00.A,D,HKD,EUR,SP00,A,2015-06-10,8.7446
EXR.D.HKD.EUR.SP00.A,D,HKD,EUR,SP00,A,2015-06-11,8.7078
EXR.D.HKD.EUR.SP00.A,D,HKD,EUR,SP00,A,2015-06-12,8.699
EXR.D.HKD.EUR.SP00.A,D,HKD,EUR,SP00,A,2015-06-15,8.6972
EXR.D.HKD.EUR.SP00.A,D,HKD,EUR,SP00,A,2015-06-16,8.6949
EXR.D.HKD.EUR.SP00.A,D,HKD,EUR,SP00,A,2015-06-17,8.7445
EXR.D.HKD.EUR.SP00.A,D,HKD,EUR,SP00,A,2015-06-18,8.8415
EXR.D.HKD.EUR.SP00.A,D,HKD,EUR,SP00,A,2015-06-19,8.7585
EXR.D.HKD.EUR.SP00.A,D,HKD,EUR,SP00,A,2015-06-22,8.7944
EXR.D.HKD.EUR.SP00.A,D,HKD,EUR,SP00,A,2015-06-23,8.6859
EXR.D.HKD.EUR.SP00.A,D,HKD,EUR,SP00,A,2015-06-24,8.6927
EXR.D.HKD.EUR.SP00.A,D,HKD,EUR,SP00,A,2015-06-25,8.6866
EXR.D.HKD.EUR.SP00.A,D,HKD,EUR,SP00,A,2015-06-26,8.6842
EXR.D.HKD.EUR.SP00.A,D,HKD,EUR,SP00,A,2015-06-29,8.6306
EXR.D.HKD.EUR.SP00.A,D,HKD,EUR,SP00,A,2015-06-30,8.674
EXR.D.HKD.EUR.SP00.A,D,HKD,EUR,SP00,A,2015-07-01,8.6053
EXR.D.HKD.EUR.SP00.A,D,HKD,EUR,SP00,A,2015-07-02,8.5778
EXR.D.HKD.EUR.SP00.A,D,HKD,EUR,SP00,A,2015-07-03,8.6021
EXR.D.HKD.EUR.SP00.A,D,HKD,EUR,SP00,A,2015-07-06,8.5338
EXR.D.HKD.EUR.SP00.A,D,HKD,EUR,SP00,A,2015-07-07,8.4771
EXR.D.HKD.EUR.SP00.A,D,HKD,EUR,SP00,A,2015-07-08,8.5472
EXR.D.HKD.EUR.SP00.A,D,HKD,EUR,SP00,A,2015-07-09,8.5693
EXR.D.HKD.EUR.SP00.A,D,HKD,EUR,SP00,A,2015-07-10,8.6697
EXR.D.HKD.EUR.SP00.A,D,HKD,EUR,SP00,A,2015-07-13,8.5653
EXR.D.HKD.EUR.SP00.A,D,HKD,EUR,SP00,A,2015-07-14,8.55
EXR.D.HKD.EUR.SP00.A,D,HKD,EUR,SP00,A,2015-07-15,8.533
EXR.D.HKD.EUR.SP00.A,D,HKD,EUR,SP00,A,2015-07-16,8.4229
EXR.D.HKD.EUR.SP00.A,D,HKD,EUR,SP00,A,2015-07-17,8.4394
EXR.D.HKD.EUR.SP00.A,D,HKD,EUR,SP00,A,2015-07-20,8.4117
EXR.D.HKD.EUR.SP00.A,D,HKD,EUR,SP00,A,2015-07-21,8.4229
EXR.D.HKD.EUR.SP00.A,D,HKD,EUR,SP00,A,2015-07-22,8.4498
EXR.D.HKD.EUR.SP00.A,D,HKD,EUR,SP00,A,2015-07-23,8.5255
EXR.D.HKD.EUR.SP00.A,D,HKD,EUR,SP00,A,2015-07-24,8.4793
EXR.D.HKD.EUR.SP00.A,D,HKD,EUR,SP00,A,2015-07-27,8.5708
EXR.D.HKD.EUR.SP00.A,D,HKD,EUR,SP00,A,2015-07-28,8.5457
EXR.D.HKD.EUR.SP00.A,D,HKD,EUR,SP00,A,2015-07-29,8.5494
EXR.D.HKD.EUR.SP00.A,D,HKD,EUR,SP00,A,2015-07-30,8.492
EXR.D.HKD.EUR.SP00.A,D,HKD,EUR,SP00,A,2015-07-31,8.5032
EXR.D.HKD.EUR.SP00.A,D,HKD,EUR,SP00,A,2015-08-03,8.4903
EXR.D.HKD.EUR.SP00.A,D,HKD,EUR,SP00,A,2015-08-04,8.5084
EXR.D.HKD.EUR.SP00.A,D,HKD,EUR,SP00,A,2015-08-05,8.4386
EXR.D.HKD.EUR.SP00.A,D,HKD,EUR,SP00,A,2015-08-06,8.4401
EXR.D.HKD.EUR.SP00.A,D,HKD,EUR,SP00,A,2015-08-07,8.4811
EXR.D.HKD.EUR.SP00.A,D,HKD,EUR,SP00,A,2015-08-10,8.4968
EXR.D.HKD.EUR.SP00.A,D,HKD,EUR,SP00,A,2015-08-11,8.5743
EXR.D.HKD.EUR.SP00.A,D,HKD,EUR,SP00,A,2015-08-12,8.65
EXR.D.HKD.EUR.SP00.A,D,HKD,EUR,SP00,A,2015-08-13,8.612
EXR.D.HKD.EUR.SP00.A,D,HKD,EUR,SP00,A,2015-08-14,8.664
EXR.D.HKD.EUR.SP00.A,D,HKD,EUR,SP00,A,2015-08-17,8.6077
EXR.D.HKD.EUR.SP00.A,D,HKD,EUR,SP00,A,2015-08-18,8.5764
EXR.D.HKD.EUR.SP00.A,D,HKD,EUR,SP00,A,2015-08-19,8.5594
EXR.D.HKD.EUR.SP00.A,D,HKD,EUR,SP00,A,2015-08-20,8.6695
EXR.D.HKD.EUR.SP00.A,D,HKD,EUR,SP00,A,2015-08-21,8.7441
EXR.D.HKD.EUR.SP00.A,D,HKD,EUR,SP00,A,2015-08-24,8.9137
EXR.D.HKD.EUR.SP00.A,D,HKD,EUR,SP00,A,2015-08-25,8.9182
EXR.D.HKD.EUR.SP00.A,D,HKD,EUR,SP00,A,2015-08-26,8.8383
EXR.D.HKD.EUR.SP00.A,D,HKD,EUR,SP00,A,2015-08-27,8.7452
EXR.D.HKD.EUR.SP00.A,D,HKD,EUR,SP00,A,2015-08-28,8.7327
EXR.D.HKD.EUR.SP00.A,D,HKD,EUR,SP00,A,2015-08-31,8.692
EXR.D.HKD.EUR.SP00.A,D,HKD,EUR,SP00,A,2015-09-01,8.7079
EXR.D.HKD.EUR.SP00.A,D,HKD,EUR,SP00,A,2015-09-02,8.7226
EXR.D.HKD.EUR.SP00.A,D,HKD,EUR,SP00,A,2015-09-03,8.7026
EXR.D.HKD.EUR.SP00.A,D,HKD,EUR,SP00,A,2015-09-04,8.6321
EXR.D.HKD.EUR.SP00.A,D,HKD,EUR,SP00,A,2015-09-07,8.6382
EXR.D.HKD.EUR.SP00.A,D,HKD,EUR,SP00,A,2015-09-08,8.6514
EXR.D.HKD.EUR.SP00.A,D,HKD,EUR,SP00,A,2015-09-09,8.6334
EXR.D.HKD.EUR.SP00.A,D,HKD,EUR,SP00,A,2015-09-10,8.6685
EXR.D.HKD.EUR.SP00.A,D,HKD,EUR,SP00,A,2015-09-11,8.7327
EXR.D.HKD.EUR.SP00.A,D,HKD,EUR,SP00,A,2015-09-14,8.7615
EXR.D.HKD.EUR.SP00.A,D,HKD,EUR,SP00,A,2015-09-15,8.7731
EXR.D.HKD.EUR.SP00.A,D,HKD,EUR,SP00,A,2015-09-16,8.7021
EXR.D.HKD.EUR.SP00.A,D,HKD,EUR,SP00,A,2015-09-17,8.767
EXR.D.HKD.EUR.SP00.A,D,HKD,EUR,SP00,A,2015-09-18,8.8498
EXR.D.HKD.EUR.SP00.A,D,HKD,EUR,SP00,A,2015-09-21,8.7188
EXR.D.HKD.EUR.SP00.A,D,HKD,EUR,SP00,A,2015-09-22,8.6451
EXR.D.HKD.EUR.SP00.A,D,HKD,EUR,SP00,A,2015-09-23,8.6414
EXR.D.HKD.EUR.SP00.A,D,HKD,EUR,SP00,A,2015-09-24,8.7119
EXR.D.HKD.EUR.SP00.A,D,HKD,EUR,SP00,A,2015-09-25,8.642
EXR.D.HKD.EUR.SP00.A,D,HKD,EUR,SP00,A,2015-09-28,8.6569
EXR.D.HKD.EUR.SP00.A,D,HKD,EUR,SP00,A,2015-09-29,8.6831
EXR.D.HKD.EUR.SP00.A,D,HKD,EUR,SP00,A,2015-09-30,8.6824
EXR.D.HKD.EUR.SP00.A,D,HKD,EUR,SP00,A,2015-10-01,8.6436
EXR.D.HKD.EUR.SP00.A,D,HKD,EUR,SP00,A,2015-10-02,8.6491
EXR.D.HKD.EUR.SP00.A,D,HKD,EUR,SP00,A,2015-10-05,8.708
EXR.D.HKD.EUR.SP00.A,D,HKD,EUR,SP00,A,2015-10-06,8.6987
EXR.D.HKD.EUR.SP00.A,D,HKD,EUR,SP00,A,2015-10-07,8.7312
EXR.D.HKD.EUR.SP00.A,D,HKD,EUR,SP00,A,2015-10-08,8.722
EXR.D.HKD.EUR.SP00.A,D,HKD,EUR,SP00,A,2015-10-09,8.8057
EXR.D.HKD.EUR.SP00.A,D,HKD,EUR,SP00,A,2015-10-12,8.8141
EXR.D.HKD.EUR.SP00.A,D,HKD,EUR,SP00,A,2015-10-13,8.8149
EXR.D.HKD.EUR.SP00.A,D,HKD,EUR,SP00,A,2015-10-14,8.8429
EXR.D.HKD.EUR.SP00.A,D,HKD,EUR,SP00,A,2015-10-15,8.8652
EXR.D.HKD.EUR.SP00.A,D,HKD,EUR,SP00,A,2015-10-16,8.8041
EXR.D.HKD.EUR.SP00.A,D,HKD,EUR,SP00,A,2015-10-19,8.7832
EXR.D.HKD.EUR.SP00.A,D,HKD,EUR,SP00,A,2015-10-20,8.8141
EXR.D.HKD.EUR.SP00.A,D,HKD,EUR,SP00,A,2015-10-21,8.7995
EXR.D.HKD.EUR.SP00.A,D,HKD,EUR,SP00,A,2015-10-22,8.7677
EXR.D.HKD.EUR.SP00.A,D,HKD,EUR,SP00,A,2015-10-23,8.5901
EXR.D.HKD.EUR.SP00.A,D,HKD,EUR,SP00,A,2015-10-26,8.5335
EXR.D.HKD.EUR.SP00.A,D,HKD,EUR,SP00,A,2015-10-27,8.5724
EXR.D.HKD.EUR.SP00.A,D,HKD,EUR,SP00,A,2015-10-28,8.5909
EXR.D.HKD.EUR.SP00.A,D,HKD,EUR,SP00,A,2015-10-29,8.4709
EXR.D.HKD.EUR.SP00.A,D,HKD,EUR,SP00,A,2015-10-30,8.5382
EXR.D.HKD.EUR.SP00.A,D,HKD,EUR,SP00,A,2015-11-02,8.55
EXR.D.HKD.EUR.SP00.A,D,HKD,EUR,SP00,A,2015-11-03,8.5065
EXR.D.HKD.EUR.SP00.A,D,HKD,EUR,SP00,A,2015-11-04,8.4748
EXR.D.HKD.EUR.SP00.A,D,HKD,EUR,SP00,A,2015-11-05,8.4351
EXR.D.HKD.EUR.SP00.A,D,HKD,EUR,SP00,A,2015-11-06,8.4212
EXR.D.HKD.EUR.SP00.A,D,HKD,EUR,SP00,A,2015-11-09,8.354
EXR.D.HKD.EUR.SP00.A,D,HKD,EUR,SP00,A,2015-11-10,8.3026
EXR.D.HKD.EUR.SP00.A,D,HKD,EUR,SP00,A,2015-11-11,8.306
EXR.D.HKD.EUR.SP00.A,D,HKD,EUR,SP00,A,2015-11-12,8.3132
EXR.D.HKD.EUR.SP00.A,D,HKD,EUR,SP00,A,2015-11-13,8.3429
EXR.D.HKD.EUR.SP00.A,D,HKD,EUR,SP00,A,2015-11-16,8.3109
EXR.D.HKD.EUR.SP00.A,D,HKD,EUR,SP00,A,2015-11-17,8.27
EXR.D.HKD.EUR.SP00.A,D,HKD,EUR,SP00,A,2015-11-18,8.2669
EXR.D.HKD.EUR.SP00.A,D,HKD,EUR,SP00,A,2015-11-19,8.2829
EXR.D.HKD.EUR.SP00.A,D,HKD,EUR,SP00,A,2015-11-20,8.2833
EXR.D.HKD.EUR.SP00.A,D,HKD,EUR,SP00,A,2015-11-23,8.2391
EXR.D.HKD.EUR.SP00.A,D,HKD,EUR,SP00,A,2015-11-24,8.2547
EXR.D.HKD.EUR.SP00.A,D,HKD,EUR,SP00,A,2015-11-25,8.2047
EXR.D.HKD.EUR.SP00.A,D,HKD,EUR,SP00,A,2015-11-26,8.2247
EXR.D.HKD.EUR.SP00.A,D,HKD,EUR,SP00,A,2015-11-27,8.2001
EXR.D.HKD.EUR.SP00.A,D,HKD,EUR,SP00,A,2015-11-30,8.1989
EXR.D.HKD.EUR.SP00.A,D,HKD,EUR,SP00,A,2015-12-01,8.218
EXR.D.HKD.EUR.SP00.A,D,HKD,EUR,SP00,A,2015-12-02,8.2247
EXR.D.HKD.EUR.SP00.A,D,HKD,EUR,SP00,A,2015-12-03,8.2701
EXR.D.HKD.EUR.SP00.A,D,HKD,EUR,SP00,A,2015-12-04,8.4492
EXR.D.HKD.EUR.SP00.A,D,HKD,EUR,SP00,A,2015-12-07,8.3771
EXR.D.HKD.EUR.SP00.A,D,HKD,EUR,SP00,A,2015-12-08,8.4286
EXR.D.HKD.EUR.SP00.A,D,HKD,EUR,SP00,A,2015-12-09,8.4796
EXR.D.HKD.EUR.SP00.A,D,HKD,EUR,SP00,A,2015-12-10,8.4813
EXR.D.HKD.EUR.SP00.A,D,HKD,EUR,SP00,A,2015-12-11,8.4868
EXR.D.HKD.EUR.SP00.A,D,HKD,EUR,SP00,A,2015-12-14,8.5125
EXR.D.HKD.EUR.SP00.A,D,HKD,EUR,SP00,A,2015-12-15,8.5173
EXR.D.HKD.EUR.SP00.A,D,HKD,EUR,SP00,A,2015-12-16,8.4732
EXR.D.HKD.EUR.SP00.A,D,HKD,EUR,SP00,A,2015-12-17,8.405
EXR.D.HKD.EUR.SP00.A,D,HKD,EUR,SP00,A,2015-12-18,8.4005
EXR.D.HKD.EUR.SP00.A,D,HKD,EUR,SP00,A,2015-12-21,8.4247
EXR.D.HKD.EUR.SP00.A,D,HKD,EUR,SP00,A,2015-12-22,8.4913
EXR.D.HKD.EUR.SP00.A,D,HKD,EUR,SP00,A,2015-12-23,8.4607
EXR.D.HKD.EUR.SP00.A,D,HKD,EUR,SP00,A,2015-12-24,8.4849
EXR.D.HKD.EUR.SP00.A,D,HKD,EUR,SP00,A,2015-12-28,8.4957
EXR.D.HKD.EUR.SP00.A,D,HKD,EUR,SP00,A,2015-12-29,8.4882
EXR.D.HKD.EUR.SP00.A,D,HKD,EUR,SP00,A,2015-12-30,8.4685
EXR.D.HKD.EUR.SP00.A,D,HKD,EUR,SP00,A,2015-12-31,8.4376
EXR.D.HKD.EUR.SP00.A,D,HKD,EUR,SP00,A,2016-01-04,8.4464
EXR.D.HKD.EUR.SP00.A,D,HKD,EUR,SP00,A,2016-01-05,8.3297
EXR.D.HKD.EUR.SP00.A,D,HKD,EUR,SP00,A,2016-01-06,8.3271
EXR.D.HKD.EUR.SP00.A,D,HKD,EUR,SP00,A,2016-01-07,8.4259
EXR.D.HKD.EUR.SP00.A,D,HKD,EUR,SP00,A,2016-01-08,8.4312
EXR.D.HKD.EUR.SP00.A,D,HKD,EUR,SP00,A,2016-01-11,8.4471
EXR.D.HKD.EUR.SP00.A,D,HKD,EUR,SP00,A,2016-01-12,8.4094
EXR.D.HKD.EUR.SP00.A,D,HKD,EUR,SP00,A,2016-01-13,8.3922
EXR.D.HKD.EUR.SP00.A,D,HKD,EUR,SP00,A,2016-01-14,8.4775
EXR.D.HKD.EUR.SP00.A,D,HKD,EUR,SP00,A,2016-01-15,8.5057
EXR.D.HKD.EUR.SP00.A,D,HKD,EUR,SP00,A,2016-01-18,8.4939
EXR.D.HKD.EUR.SP00.A,D,HKD,EUR,SP00,A,2016-01-19,8.4841
EXR.D.HKD.EUR.SP00.A,D,HKD,EUR,SP00,A,2016-01-20,8.5366
EXR.D.HKD.EUR.SP00.A,D,HKD,EUR,SP00,A,2016-01-21,8.5181
EXR.D.HKD.EUR.SP00.A,D,HKD,EUR,SP00,A,2016-01-22,8.4204
EXR.D.HKD.EUR.SP00.A,D,HKD,EUR,SP00,A,2016-01-25,8.4304
EXR.D.HKD.EUR.SP00.A,D,HKD,EUR,SP00,A,2016-01-26,8.4498
EXR.D.HKD.EUR.SP00.A,D,HKD,EUR,SP00,A,2016-01-27,8.4861
EXR.D.HKD.EUR.SP00.A,D,HKD,EUR,SP00,A,2016-01-28,8.4955
EXR.D.HKD.EUR.SP00.A,D,HKD,EUR,SP00,A,2016-01-29,8.5101
EXR.D.HKD.EUR.SP00.A,D,HKD,EUR,SP00,A,2016-02-01,8.4688
EXR.D.HKD.EUR.SP00.A,D,HKD,EUR,SP00,A,2016-02-02,8.4996
EXR.D.HKD.EUR.SP00.A,D,HKD,EUR,SP00,A,2016-02-03,8.5266
EXR.D.HKD.EUR.SP00.A,D,HKD,EUR,SP00,A,2016-02-04,8.7277
EXR.D.HKD.EUR.SP00.A,D,HKD,EUR,SP00,A,2016-02-05,8.7231
EXR.D.HKD.EUR.SP00.A,D,HKD,EUR,SP00,A,2016-02-08,8.6481
EXR.D.HKD.EUR.SP00.A,D,HKD,EUR,SP00,A,2016-02-09,8.7585
EXR.D.HKD.EUR.SP00.A,D,HKD,EUR,SP00,A,2016-02-10,8.7686
EXR.D.HKD.EUR.SP00.A,D,HKD,EUR,SP00,A,2016-02-11,8.8406
EXR.D.HKD.EUR.SP00.A,D,HKD,EUR,SP00,A,2016-02-12,8.7816
EXR.D.HKD.EUR.SP00.A,D,HKD,EUR,SP00,A,2016-02-15,8.7036
EXR.D.HKD.EUR.SP00.A,D,HKD,EUR,SP00,A,2016-02-16,8.695
EXR.D.HKD.EUR.SP00.A,D,HKD,EUR,SP00,A,2016-02-17,8.6764
EXR.D.HKD.EUR.SP00.A,D,HKD,EUR,SP00,A,2016-02-18,8.6222
EXR.D.HKD.EUR.SP00.A,D,HKD,EUR,SP00,A,2016-02-19,8.6268
EXR.D.HKD.EUR.SP00.A,D,HKD,EUR,SP00,A,2016-02-22,8.5679
EXR.D.HKD.EUR.SP00.A,D,HKD,EUR,SP00,A,2016-02-23,8.548
EXR.D.HKD.EUR.SP00.A,D,HKD,EUR,SP00,A,2016-02-24,8.5333
EXR.D.HKD.EUR.SP00.A,D,HKD,EUR,SP00,A,2016-02-25,8.5676
EXR.D.HKD.EUR.SP00.A,D,HKD,EUR,SP00,A,2016-02-26,8.5511
EXR.D.HKD.EUR.SP00.A,D,HKD,EUR,SP00,A,2016-02-29,8.4651
EXR.D.HKD.EUR.SP00.A,D,HKD,EUR,SP00,A,2016-03-01,8.4539
EXR.D.HKD.EUR.SP00.A,D,HKD,EUR,SP00,A,2016-03-02,8.44
EXR.D.HKD.EUR.SP00.A,D,HKD,EUR,SP00,A,2016-03-03,8.4755
EXR.D.HKD.EUR.SP00.A,D,HKD,EUR,SP00,A,2016-03-04,8.5192
EXR.D.HKD.EUR.SP00.A,D,HKD,EUR,SP00,A,2016-03-07,8.5081
EXR.D.HKD.EUR.SP00.A,D,HKD,EUR,SP00,A,2016-03-08,8.5656
EXR.D.HKD.EUR.SP00.A,D,HKD,EUR,SP00,A,2016-03-09,8.5216
EXR.D.HKD.EUR.SP00.A,D,HKD,EUR,SP00,A,2016-03-10,8.4299
EXR.D.HKD.EUR.SP00.A,D,HKD,EUR,SP00,A,2016-03-11,8.6069
EXR.D.HKD.EUR.SP00.A,D,HKD,EUR,SP00,A,2016-03-14,8.6253
EXR.D.HKD.EUR.SP00.A,D,HKD,EUR,SP00,A,2016-03-15,8.6199
EXR.D.HKD.EUR.SP00.A,D,HKD,EUR,SP00,A,2016-03-16,8.5875
EXR.D.HKD.EUR.SP00.A,D,HKD,EUR,SP00,A,2016-03-17,8.7744
EXR.D.HKD.EUR.SP00.A,D,HKD,EUR,SP00,A,2016-03-18,8.7464
EXR.D.HKD.EUR.SP00.A,D,HKD,EUR,SP00,A,2016-03-21,8.7408
EXR.D.HKD.EUR.SP00.A,D,HKD,EUR,SP00,A,2016-03-22,8.6942
EXR.D.HKD.EUR.SP00.A,D,HKD,EUR,SP00,A,2016-03-23,8.6628
EXR.D.HKD.EUR.SP00.A,D,HKD,EUR,SP00,A,2016-03-24,8.6548
EXR.D.HKD.EUR.SP00.A,D,HKD,EUR,SP00,A,2016-03-29,8.6835
EXR.D.HKD.EUR.SP00.A,D,HKD,EUR,SP00,A,2016-03-30,8.781
EXR.D.HKD.EUR.SP00.A,D,HKD,EUR,SP00,A,2016-03-31,8.8282
EXR.D.HKD.EUR.SP00.A,D,HKD,EUR,SP00,A,2016-04-01,8.8652
EXR.D.HKD.EUR.SP00.A,D,HKD,EUR,SP00,A,2016-04-04,8.8254
EXR.D.HKD.EUR.SP00.A,D,HKD,EUR,SP00,A,2016-04-05,8.8164
EXR.D.HKD.EUR.SP00.A,D,HKD,EUR,SP00,A,2016-04-06,8.7927
EXR.D.HKD.EUR.SP00.A,D,HKD,EUR,SP00,A,2016-04-07,8.8169
EXR.D.HKD.EUR.SP00.A,D,HKD,EUR,SP00,A,2016-04-08,8.8166
EXR.D.HKD.EUR.SP00.A,D,HKD,EUR,SP00,A,2016-04-11,8.8321
EXR.D.HKD.EUR.SP00.A,D,HKD,EUR,SP00,A,2016-04-12,8.8371
EXR.D.HKD.EUR.SP00.A,D,HKD,EUR,SP00,A,2016-04-13,8.7637
EXR.D.HKD.EUR.SP00.A,D,HKD,EUR,SP00,A,2016-04-14,8.7283
EXR.D.HKD.EUR.SP00.A,D,HKD,EUR,SP00,A,2016-04-15,8.7527
EXR.D.HKD.EUR.SP00.A,D,HKD,EUR,SP00,A,2016-04-18,8.7688
EXR.D.HKD.EUR.SP00.A,D,HKD,EUR,SP00,A,2016-04-19,8.7971
EXR.D.HKD.EUR.SP00.A,D,HKD,EUR,SP00,A,2016-04-20,8.8272
EXR.D.HKD.EUR.SP00.A,D,HKD,EUR,SP00,A,2016-04-21,8.8088
EXR.D.HKD.EUR.SP00.A,D,HKD,EUR,SP00,A,2016-04-22,8.7368
EXR.D.HKD.EUR.SP00.A,D,HKD,EUR,SP00,A,2016-04-25,8.7373
EXR.D.HKD.EUR.SP00.A,D,HKD,EUR,SP00,A,2016-04-26,8.7545
EXR.D.HKD.EUR.SP00.A,D,HKD,EUR,SP00,A,2016-04-27,8.7671
EXR.D.HKD.EUR.SP00.A,D,HKD,EUR,SP00,A,2016-04-28,8.8111
EXR.D.HKD.EUR.SP00.A,D,HKD,EUR,SP00,A,2016-04-29,8.8466
EXR.D.HKD.EUR.SP00.A,D,HKD,EUR,SP00,A,2016-05-02,8.917
EXR.D.HKD.EUR.SP00.A,D,HKD,EUR,SP00,A,2016-05-03,8.9769
EXR.D.HKD.EUR.SP00.A,D,HKD,EUR,SP00,A,2016-05-04,8.9295
EXR.D.HKD.EUR.SP00.A,D,HKD,EUR,SP00,A,2016-05-05,8.8775
EXR.D.HKD.EUR.SP00.A,D,HKD,EUR,SP00,A,2016-05-06,8.8678
EXR.D.HKD.EUR.SP00.A,D,HKD,EUR,SP00,A,2016-05-09,8.8455
EXR.D.HKD.EUR.SP00.A,D,HKD,EUR,SP00,A,2016-05-10,8.8299
EXR.D.HKD.EUR.SP00.A,D,HKD,EUR,SP00,A,2016-05-11,8.8542
EXR.D.HKD.EUR.SP00.A,D,HKD,EUR,SP00,A,2016-05-12,8.8378
EXR.D.HKD.EUR.SP00.A,D,HKD,EUR,SP00,A,2016-05-13,8.8097
EXR.D.HKD.EUR.SP00.A,D,HKD,EUR,SP00,A,2016-05-16,8.791
EXR.D.HKD.EUR.SP00.A,D,HKD,EUR,SP00,A,2016-05-17,8.7849
EXR.D.HKD.EUR.SP00.A,D,HKD,EUR,SP00,A,2016-05-18,8.7575
EXR.D.HKD.EUR.SP00.A,D,HKD,EUR,SP00,A,2016-05-19,8.6967
EXR.D.HKD.EUR.SP00.A,D,HKD,EUR,SP00,A,2016-05-20,8.7141
EXR.D.HKD.EUR.SP00.A,D,HKD,EUR,SP00,A,2016-05-23,8.7104
EXR.D.HKD.EUR.SP00.A,D,HKD,EUR,SP00,A,2016-05-24,8.6743
EXR.D.HKD.EUR.SP00.A,D,HKD,EUR,SP00,A,2016-05-25,8.6534
EXR.D.HKD.EUR.SP00.A,D,HKD,EUR,SP00,A,2016-05-26,8.673
EXR.D.HKD.EUR.SP00.A,D,HKD,EUR,SP00,A,2016-05-27,8.6735
EXR.D.HKD.EUR.SP00.A,D,HKD,EUR,SP00,A,2016-05-30,8.6537
EXR.D.HKD.EUR.SP00.A,D,HKD,EUR,SP00,A,2016-05-31,8.664
EXR.D.HKD.EUR.SP00.A,D,HKD,EUR,SP00,A,2016-06-01,8.6818
EXR.D.HKD.EUR.SP00.A,D,HKD,EUR,SP00,A,2016-06-02,8.6932
EXR.D.HKD.EUR.SP00.A,D,HKD,EUR,SP00,A,2016-06-03,8.6683
EXR.D.HKD.EUR.SP00.A,D,HKD,EUR,SP00,A,2016-06-06,8.8154
EXR.D.HKD.EUR.SP00.A,D,HKD,EUR,SP00,A,2016-06-07,8.8145
EXR.D.HKD.EUR.SP00.A,D,HKD,EUR,SP00,A,2016-06-08,8.8338
EXR.D.HKD.EUR.SP00.A,D,HKD,EUR,SP00,A,2016-06-09,8.8047
EXR.D.HKD.EUR.SP00.A,D,HKD,EUR,SP00,A,2016-06-10,8.7738
EXR.D.HKD.EUR.SP00.A,D,HKD,EUR,SP00,A,2016-06-13,8.747
EXR.D.HKD.EUR.SP00.A,D,HKD,EUR,SP00,A,2016-06-14,8.7113
EXR.D.HKD.EUR.SP00.A,D,HKD,EUR,SP00,A,2016-06-15,8.7162
EXR.D.HKD.EUR.SP00.A,D,HKD,EUR,SP00,A,2016-06-16,8.6715
EXR.D.HKD.EUR.SP00.A,D,HKD,EUR,SP00,A,2016-06-17,8.7338
EXR.D.HKD.EUR.SP00.A,D,HKD,EUR,SP00,A,2016-06-20,8.7936
EXR.D.HKD.EUR.SP00.A,D,HKD,EUR,SP00,A,2016-06-21,8.7778
EXR.D.HKD.EUR.SP00.A,D,HKD,EUR,SP00,A,2016-06-22,8.7524
EXR.D.HKD.EUR.SP00.A,D,HKD,EUR,SP00,A,2016-06-23,8.8351
EXR.D.HKD.EUR.SP00.A,D,HKD,EUR,SP00,A,2016-06-24,8.5887
EXR.D.HKD.EUR.SP00.A,D,HKD,EUR,SP00,A,2016-06-27,8.5325
EXR.D.HKD.EUR.SP00.A,D,HKD,EUR,SP00,A,2016-06-28,8.5925
EXR.D.HKD.EUR.SP00.A,D,HKD,EUR,SP00,A,2016-06-29,8.6041
EXR.D.HKD.EUR.SP00.A,D,HKD,EUR,SP00,A,2016-06-30,8.6135
EXR.D.HKD.EUR.SP00.A,D,HKD,EUR,SP00,A,2016-07-01,8.6393
EXR.D.HKD.EUR.SP00.A,D,HKD,EUR,SP00,A,2016-07-04,8.6418
EXR.D.HKD.EUR.SP00.A,D,HKD,EUR,SP00,A,2016-07-05,8.6474
EXR.D.HKD.EUR.SP00.A,D,HKD,EUR,SP00,A,2016-07-06,8.5885
EXR.D.HKD.EUR.SP00.A,D,HKD,EUR,SP00,A,2016-07-07,8.5966
EXR.D.HKD.EUR.SP00.A,D,HKD,EUR,SP00,A,2016-07-08,8.5866
EXR.D.HKD.EUR.SP00.A,D,HKD,EUR,SP00,A,2016-07-11,8.5731
EXR.D.HKD.EUR.SP00.A,D,HKD,EUR,SP00,A,2016-07-12,8.6051
EXR.D.HKD.EUR.SP00.A,D,HKD,EUR,SP00,A,2016-07-13,8.5892
EXR.D.HKD.EUR.SP00.A,D,HKD,EUR,SP00,A,2016-07-14,8.6538
EXR.D.HKD.EUR.SP00.A,D,HKD,EUR,SP00,A,2016-07-15,8.6283
EXR.D.HKD.EUR.SP00.A,D,HKD,EUR,SP00,A,2016-07-18,8.5713
EXR.D.HKD.EUR.SP00.A,D,HKD,EUR,SP00,A,2016-07-19,8.5585
EXR.D.HKD.EUR.SP00.A,D,HKD,EUR,SP00,A,2016-07-20,8.5405
EXR.D.HKD.EUR.SP00.A,D,HKD,EUR,SP00,A,2016-07-21,8.5426
EXR.D.HKD.EUR.SP00.A,D,HKD,EUR,SP00,A,2016-07-22,8.542
EXR.D.HKD.EUR.SP00.A,D,HKD,EUR,SP00,A,2016-07-25,8.519
EXR.D.HKD.EUR.SP00.A,D,HKD,EUR,SP00,A,2016-07-26,8.5301
EXR.D.HKD.EUR.SP00.A,D,HKD,EUR,SP00,A,2016-07-27,8.5253
EXR.D.HKD.EUR.SP00.A,D,HKD,EUR,SP00,A,2016-07-28,8.6022
EXR.D.HKD.EUR.SP00.A,D,HKD,EUR,SP00,A,2016-07-29,8.621
EXR.D.HKD.EUR.SP00.A,D,HKD,EUR,SP00,A,2016-08-01,8.6623
EXR.D.HKD.EUR.SP00.A,D,HKD,EUR,SP00,A,2016-08-02,8.6863
EXR.D.HKD.EUR.SP00.A,D,HKD,EUR,SP00,A,2016-08-03,8.6898
EXR.D.HKD.EUR.SP00.A,D,HKD,EUR,SP00,A,2016-08-04,8.6384
EXR.D.HKD.EUR.SP00.A,D,HKD,EUR,SP00,A,2016-08-05,8.6521
EXR.D.HKD.EUR.SP00.A,D,HKD,EUR,SP00,A,2016-08-08,8.5999
EXR.D.HKD.EUR.SP00.A,D,HKD,EUR,SP00,A,2016-08-09,8.595
EXR.D.HKD.EUR.SP00.A,D,HKD,EUR,SP00,A,2016-08-10,8.6748
EXR.D.HKD.EUR.SP00.A,D,HKD,EUR,SP00,A,2016-08-11,8.6506
EXR.D.HKD.EUR.SP00.A,D,HKD,EUR,SP00,A,2016-08-12,8.6551
EXR.D.HKD.EUR.SP00.A,D,HKD,EUR,SP00,A,2016-08-15,8.6725
EXR.D.HKD.EUR.SP00.A,D,HKD,EUR,SP00,A,2016-08-16,8.7604
EXR.D.HKD.EUR.SP00.A,D,HKD,EUR,SP00,A,2016-08-17,8.7457
EXR.D.HKD.EUR.SP00.A,D,HKD,EUR,SP00,A,2016-08-18,8.7784
EXR.D.HKD.EUR.SP00.A,D,HKD,EUR,SP00,A,2016-08-19,8.7821
EXR.D.HKD.EUR.SP00.A,D,HKD,EUR,SP00,A,2016-08-22,8.7656
EXR.D.HKD.EUR.SP00.A,D,HKD,EUR,SP00,A,2016-08-23,8.7914
EXR.D.HKD.EUR.SP00.A,D,HKD,EUR,SP00,A,2016-08-24,8.737
EXR.D.HKD.EUR.SP00.A,D,HKD,EUR,SP00,A,2016-08-25,8.7553
EXR.D.HKD.EUR.SP00.A,D,HKD,EUR,SP00,A,2016-08-26,8.7555
EXR.D.HKD.EUR.SP00.A,D,HKD,EUR,SP00,A,2016-08-29,8.6637
EXR.D.HKD.EUR.SP00.A,D,HKD,EUR,SP00,A,2016-08-30,8.6631
EXR.D.HKD.EUR.SP00.A,D,HKD,EUR,SP00,A,2016-08-31,8.6357
EXR.D.HKD.EUR.SP00.A,D,HKD,EUR,SP00,A,2016-09-01,8.6463
EXR.D.HKD.EUR.SP00.A,D,HKD,EUR,SP00,A,2016-09-02,8.6815
EXR.D.HKD.EUR.SP00.A,D,HKD,EUR,SP00,A,2016-09-05,8.6517
EXR.D.HKD.EUR.SP00.A,D,HKD,EUR,SP00,A,2016-09-06,8.6543
EXR.D.HKD.EUR.SP00.A,D,HKD,EUR,SP00,A,2016-09-07,8.7145
EXR.D.HKD.EUR.SP00.A,D,HKD,EUR,SP00,A,2016-09-08,8.7615
EXR.D.HKD.EUR.SP00.A,D,HKD,EUR,SP00,A,2016-09-09,8.7393
EXR.D.HKD.EUR.SP00.A,D,HKD,EUR,SP00,A,2016-09-12,8.7091
EXR.D.HKD.EUR.SP00.A,D,HKD,EUR,SP00,A,2016-09-13,8.7254
EXR.D.HKD.EUR.SP00.A,D,HKD,EUR,SP00,A,2016-09-14,8.7038
EXR.D.HKD.EUR.SP00.A,D,HKD,EUR,SP00,A,2016-09-15,8.7311
EXR.D.HKD.EUR.SP00.A,D,HKD,EUR,SP00,A,2016-09-16,8.7099
EXR.D.HKD.EUR.SP00.A,D,HKD,EUR,SP00,A,2016-09-19,8.6616
EXR.D.HKD.EUR.SP00.A,D,HKD,EUR,SP00,A,2016-09-20,8.6753
EXR.D.HKD.EUR.SP00.A,D,HKD,EUR,SP00,A,2016-09-21,8.6472
EXR.D.HKD.EUR.SP00.A,D,HKD,EUR,SP00,A,2016-09-22,8.7157
EXR.D.HKD.EUR.SP00.A,D,HKD,EUR,SP00,A,2016-09-23,8.6979
EXR.D.HKD.EUR.SP00.A,D,HKD,EUR,SP00,A,2016-09-26,8.7342
EXR.D.HKD.EUR.SP00.A,D,HKD,EUR,SP00,A,2016-09-27,8.7005
EXR.D.HKD.EUR.SP00.A,D,HKD,EUR,SP00,A,2016-09-28,8.7041
EXR.D.HKD.EUR.SP00.A,D,HKD,EUR,SP00,A,2016-09-29,8.7021
EXR.D.HKD.EUR.SP00.A,D,HKD,EUR,SP00,A,2016-09-30,8.6547
EXR.D.HKD.EUR.SP00.A,D,HKD,EUR,SP00,A,2016-10-03,8.7145
EXR.D.HKD.EUR.SP00.A,D,HKD,EUR,SP00,A,2016-10-04,8.6565
EXR.D.HKD.EUR.SP00.A,D,HKD,EUR,SP00,A,2016-10-05,8.6958
EXR.D.HKD.EUR.SP00.A,D,HKD,EUR,SP00,A,2016-10-06,8.6764
EXR.D.HKD.EUR.SP00.A,D,HKD,EUR,SP00,A,2016-10-07,8.6426
EXR.D.HKD.EUR.SP00.A,D,HKD,EUR,SP00,A,2016-10-10,8.6588
EXR.D.HKD.EUR.SP00.A,D,HKD,EUR,SP00,A,2016-10-11,8.5977
EXR.D.HKD.EUR.SP00.A,D,HKD,EUR,SP00,A,2016-10-12,8.5494
EXR.D.HKD.EUR.SP00.A,D,HKD,EUR,SP00,A,2016-10-13,8.5637
EXR.D.HKD.EUR.SP00.A,D,HKD,EUR,SP00,A,2016-10-14,8.5363
EXR.D.HKD.EUR.SP00.A,D,HKD,EUR,SP00,A,2016-10-17,8.5304
EXR.D.HKD.EUR.SP00.A,D,HKD,EUR,SP00,A,2016-10-18,8.5294
EXR.D.HKD.EUR.SP00.A,D,HKD,EUR,SP00,A,2016-10-19,8.5175
EXR.D.HKD.EUR.SP00.A,D,HKD,EUR,SP00,A,2016-10-20,8.5181
EXR.D.HKD.EUR.SP00.A,D,HKD,EUR,SP00,A,2016-10-21,8.4457
EXR.D.HKD.EUR.SP00.A,D,HKD,EUR,SP00,A,2016-10-24,8.4478
EXR.D.HKD.EUR.SP00.A,D,HKD,EUR,SP00,A,2016-10-25,8.4331
EXR.D.HKD.EUR.SP00.A,D,HKD,EUR,SP00,A,2016-10-26,8.4732
EXR.D.HKD.EUR.SP00.A,D,HKD,EUR,SP00,A,2016-10-27,8.4741
EXR.D.HKD.EUR.SP00.A,D,HKD,EUR,SP00,A,2016-10-28,8.4687
EXR.D.HKD.EUR.SP00.A,D,HKD,EUR,SP00,A,2016-10-31,8.4887
EXR.D.HKD.EUR.SP00.A,D,HKD,EUR,SP00,A,2016-11-01,8.5504
EXR.D.HKD.EUR.SP00.A,D,HKD,EUR,SP00,A,2016-11-02,8.604
EXR.D.HKD.EUR.SP00.A,D,HKD,EUR,SP00,A,2016-11-03,8.581
EXR.D.HKD.EUR.SP00.A,D,HKD,EUR,SP00,A,2016-11-04,8.6034
EXR.D.HKD.EUR.SP00.A,D,HKD,EUR,SP00,A,2016-11-07,8.58
EXR.D.HKD.EUR.SP00.A,D,HKD,EUR,SP00,A,2016-11-08,8.5597
EXR.D.HKD.EUR.SP00.A,D,HKD,EUR,SP00,A,2016-11-09,8.5467
EXR.D.HKD.EUR.SP00.A,D,HKD,EUR,SP00,A,2016-11-10,8.4495
EXR.D.HKD.EUR.SP00.A,D,HKD,EUR,SP00,A,2016-11-11,8.4593
EXR.D.HKD.EUR.SP00.A,D,HKD,EUR,SP00,A,2016-11-14,8.3607
EXR.D.HKD.EUR.SP00.A,D,HKD,EUR,SP00,A,2016-11-15,8.3504
EXR.D.HKD.EUR.SP00.A,D,HKD,EUR,SP00,A,2016-11-16,8.302
EXR.D.HKD.EUR.SP00.A,D,HKD,EUR,SP00,A,2016-11-17,8.3133
EXR.D.HKD.EUR.SP00.A,D,HKD,EUR,SP00,A,2016-11-18,8.245
EXR.D.HKD.EUR.SP00.A,D,HKD,EUR,SP00,A,2016-11-21,8.2457
EXR.D.HKD.EUR.SP00.A,D,HKD,EUR,SP00,A,2016-11-22,8.2341
EXR.D.HKD.EUR.SP00.A,D,HKD,EUR,SP00,A,2016-11-23,8.2232
EXR.D.HKD.EUR.SP00.A,D,HKD,EUR,SP00,A,2016-11-24,8.1819
EXR.D.HKD.EUR.SP00.A,D,HKD,EUR,SP00,A,2016-11-25,8.2153
EXR.D.HKD.EUR.SP00.A,D,HKD,EUR,SP00,A,2016-11-28,8.2117
EXR.D.HKD.EUR.SP00.A,D,HKD,EUR,SP00,A,2016-11-29,8.2024
EXR.D.HKD.EUR.SP00.A,D,HKD,EUR,SP00,A,2016-11-30,8.2489
EXR.D.HKD.EUR.SP00.A,D,HKD,EUR,SP00,A,2016-12-01,8.2422
EXR.D.HKD.EUR.SP00.A,D,HKD,EUR,SP00,A,2016-12-02,8.2534
EXR.D.HKD.EUR.SP00.A,D,HKD,EUR,SP00,A,2016-12-05,8.2997
EXR.D.HKD.EUR.SP00.A,D,HKD,EUR,SP00,A,2016-12-06,8.325
EXR.D.HKD.EUR.SP00.A,D,HKD,EUR,SP00,A,2016-12-07,8.3229
EXR.D.HKD.EUR.SP00.A,D,HKD,EUR,SP00,A,2016-12-08,8.3475
EXR.D.HKD.EUR.SP00.A,D,HKD,EUR,SP00,A,2016-12-09,8.1934
EXR.D.HKD.EUR.SP00.A,D,HKD,EUR,SP00,A,2016-12-12,8.2211
EXR.D.HKD.EUR.SP00.A,D,HKD,EUR,SP00,A,2016-12-13,8.2303
EXR.D.HKD.EUR.SP00.A,D,HKD,EUR,SP00,A,2016-12-14,8.2561
EXR.D.HKD.EUR.SP00.A,D,HKD,EUR,SP00,A,2016-12-15,8.0851
EXR.D.HKD.EUR.SP00.A,D,HKD,EUR,SP00,A,2016-12-16,8.1032
EXR.D.HKD.EUR.SP00.A,D,HKD,EUR,SP00,A,2016-12-19,8.0946
EXR.D.HKD.EUR.SP00.A,D,HKD,EUR,SP00,A,2016-12-20,8.0494
EXR.D.HKD.EUR.SP00.A,D,HKD,EUR,SP00,A,2016-12-21,8.0887
EXR.D.HKD.EUR.SP00.A,D,HKD,EUR,SP00,A,2016-12-22,8.1083
EXR.D.HKD.EUR.SP00.A,D,HKD,EUR,SP00,A,2016-12-23,8.1069
EXR.D.HKD.EUR.SP00.A,D,HKD,EUR,SP00,A,2016-12-27,8.1043
EXR.D.HKD.EUR.SP00.A,D,HKD,EUR,SP00,A,2016-12-28,8.0694
EXR.D.HKD.EUR.SP00.A,D,HKD,EUR,SP00,A,2016-12-29,8.1076
EXR.D.HKD.EUR.SP00.A,D,HKD,EUR,SP00,A,2016-12-30,8.1751
EXR.D.HKD.EUR.SP00.A,D,HKD,EUR,SP00,A,2017-01-02,8.118
EXR.D.HKD.EUR.SP00.A,D,HKD,EUR,SP00,A,2017-01-03,8.0554
EXR.D.HKD.EUR.SP00.A,D,HKD,EUR,SP00,A,2017-01-04,8.0948
EXR.D.HKD.EUR.SP00.A,D,HKD,EUR,SP00,A,2017-01-05,8.1431
EXR.D.HKD.EUR.SP00.A,D,HKD,EUR,SP00,A,2017-01-06,8.2121
EXR.D.HKD.EUR.SP00.A,D,HKD,EUR,SP00,A,2017-01-09,8.1562
EXR.D.HKD.EUR.SP00.A,D,HKD,EUR,SP00,A,2017-01-10,8.1947
EXR.D.HKD.EUR.SP00.A,D,HKD,EUR,SP00,A,2017-01-11,8.1452
EXR.D.HKD.EUR.SP00.A,D,HKD,EUR,SP00,A,2017-01-12,8.2816
EXR.D.HKD.EUR.SP00.A,D,HKD,EUR,SP00,A,2017-01-13,8.2672
EXR.D.HKD.EUR.SP00.A,D,HKD,EUR,SP00,A,2017-01-16,8.2159
EXR.D.HKD.EUR.SP00.A,D,HKD,EUR,SP00,A,2017-01-17,8.286
EXR.D.HKD.EUR.SP00.A,D,HKD,EUR,SP00,A,2017-01-18,8.2716
EXR.D.HKD.EUR.SP00.A,D,HKD,EUR,SP00,A,2017-01-19,8.2762
EXR.D.HKD.EUR.SP00.A,D,HKD,EUR,SP00,A,2017-01-20,8.2487
EXR.D.HKD.EUR.SP00.A,D,HKD,EUR,SP00,A,2017-01-23,8.3124
EXR.D.HKD.EUR.SP00.A,D,HKD,EUR,SP00,A,2017-01-24,8.3377
EXR.D.HKD.EUR.SP00.A,D,HKD,EUR,SP00,A,2017-01-25,8.3343
EXR.D.HKD.EUR.SP00.A,D,HKD,EUR,SP00,A,2017-01-26,8.3006
EXR.D.HKD.EUR.SP00.A,D,HKD,EUR,SP00,A,2017-01-27,8.2873
EXR.D.HKD.EUR.SP00.A,D,HKD,EUR,SP00,A,2017-01-30,8.2476
EXR.D.HKD.EUR.SP00.A,D,HKD,EUR,SP00,A,2017-01-31,8.3436
EXR.D.HKD.EUR.SP00.A,D,HKD,EUR,SP00,A,2017-02-01,8.372
EXR.D.HKD.EUR.SP00.A,D,HKD,EUR,SP00,A,2017-02-02,8.3863
EXR.D.HKD.EUR.SP00.A,D,HKD,EUR,SP00,A,2017-02-03,8.3343
EXR.D.HKD.EUR.SP00.A,D,HKD,EUR,SP00,A,2017-02-06,8.3105
EXR.D.HKD.EUR.SP00.A,D,HKD,EUR,SP00,A,2017-02-07,8.2823
EXR.D.HKD.EUR.SP00.A,D,HKD,EUR,SP00,A,2017-02-08,8.2745
EXR.D.HKD.EUR.SP00.A,D,HKD,EUR,SP00,A,2017-02-09,8.2952
EXR.D.HKD.EUR.SP00.A,D,HKD,EUR,SP00,A,2017-02-10,8.2473
EXR.D.HKD.EUR.SP00.A,D,HKD,EUR,SP00,A,2017-02-13,8.2471
EXR.D.HKD.EUR.SP00.A,D,HKD,EUR,SP00,A,2017-02-14,8.2422
EXR.D.HKD.EUR.SP00.A,D,HKD,EUR,SP00,A,2017-02-15,8.1923
EXR.D.HKD.EUR.SP00.A,D,HKD,EUR,SP00,A,2017-02-16,8.2675
EXR.D.HKD.EUR.SP00.A,D,HKD,EUR,SP00,A,2017-02-17,8.2659
EXR.D.HKD.EUR.SP00.A,D,HKD,EUR,SP00,A,2017-02-20,8.2392
EXR.D.HKD.EUR.SP00.A,D,HKD,EUR,SP00,A,2017-02-21,8.1783
EXR.D.HKD.EUR.SP00.A,D,HKD,EUR,SP00,A,2017-02-22,8.1585
EXR.D.HKD.EUR.SP00.A,D,HKD,EUR,SP00,A,2017-02-23,8.2037
EXR.D.HKD.EUR.SP00.A,D,HKD,EUR,SP00,A,2017-02-24,8.2341
EXR.D.HKD.EUR.SP00.A,D,HKD,EUR,SP00,A,2017-02-27,8.2164
EXR.D.HKD.EUR.SP00.A,D,HKD,EUR,SP00,A,2017-02-28,8.2252
EXR.D.HKD.EUR.SP00.A,D,HKD,EUR,SP00,A,2017-03-01,8.1773
EXR.D.HKD.EUR.SP00.A,D,HKD,EUR,SP00,A,2017-03-02,8.1622
EXR.D.HKD.EUR.SP00.A,D,HKD,EUR,SP00,A,2017-03-03,8.2031
EXR.D.HKD.EUR.SP00.A,D,HKD,EUR,SP00,A,2017-03-06,8.2235
EXR.D.HKD.EUR.SP00.A,D,HKD,EUR,SP00,A,2017-03-07,8.212
EXR.D.HKD.EUR.SP00.A,D,HKD,EUR,SP00,A,2017-03-08,8.1982
EXR.D.HKD.EUR.SP00.A,D,HKD,EUR,SP00,A,2017-03-09,8.1949
EXR.D.HKD.EUR.SP00.A,D,HKD,EUR,SP00,A,2017-03-10,8.2367
EXR.D.HKD.EUR.SP00.A,D,HKD,EUR,SP00,A,2017-03-13,8.2804
EXR.D.HKD.EUR.SP00.A,D,HKD,EUR,SP00,A,2017-03-14,8.2598
EXR.D.HKD.EUR.SP00.A,D,HKD,EUR,SP00,A,2017-03-15,8.2527
EXR.D.HKD.EUR.SP00.A,D,HKD,EUR,SP00,A,2017-03-16,8.3275
EXR.D.HKD.EUR.SP00.A,D,HKD,EUR,SP00,A,2017-03-17,8.3352
EXR.D.HKD.EUR.SP00.A,D,HKD,EUR,SP00,A,2017-03-20,8.3497
EXR.D.HKD.EUR.SP00.A,D,HKD,EUR,SP00,A,2017-03-21,8.3886
EXR.D.HKD.EUR.SP00.A,D,HKD,EUR,SP00,A,2017-03-22,8.3949
EXR.D.HKD.EUR.SP00.A,D,HKD,EUR,SP00,A,2017-03-23,8.378
EXR.D.HKD.EUR.SP00.A,D,HKD,EUR,SP00,A,2017-03-24,8.3933
EXR.D.HKD.EUR.SP00.A,D,HKD,EUR,SP00,A,2017-03-27,8.4584
EXR.D.HKD.EUR.SP00.A,D,HKD,EUR,SP00,A,2017-03-28,8.4346
EXR.D.HKD.EUR.SP00.A,D,HKD,EUR,SP00,A,2017-03-29,8.3503
EXR.D.HKD.EUR.SP00.A,D,HKD,EUR,SP00,A,2017-03-30,8.345
EXR.D.HKD.EUR.SP00.A,D,HKD,EUR,SP00,A,2017-03-31,8.3074
EXR.D.HKD.EUR.SP00.A,D,HKD,EUR,SP00,A,2017-04-03,8.2858
EXR.D.HKD.EUR.SP00.A,D,HKD,EUR,SP00,A,2017-04-04,8.2765
EXR.D.HKD.EUR.SP00.A,D,HKD,EUR,SP00,A,2017-04-05,8.2957
EXR.D.HKD.EUR.SP00.A,D,HKD,EUR,SP00,A,2017-04-06,8.2869
EXR.D.HKD.EUR.SP00.A,D,HKD,EUR,SP00,A,2017-04-07,8.2596
EXR.D.HKD.EUR.SP00.A,D,HKD,EUR,SP00,A,2017-04-10,8.2189
EXR.D.HKD.EUR.SP00.A,D,HKD,EUR,SP00,A,2017-04-11,8.2499
EXR.D.HKD.EUR.SP00.A,D,HKD,EUR,SP00,A,2017-04-12,8.2416
EXR.D.HKD.EUR.SP00.A,D,HKD,EUR,SP00,A,2017-04-13,8.2652
EXR.D.HKD.EUR.SP00.A,D,HKD,EUR,SP00,A,2017-04-18,8.304
EXR.D.HKD.EUR.SP00.A,D,HKD,EUR,SP00,A,2017-04-19,8.3397
EXR.D.HKD.EUR.SP00.A,D,HKD,EUR,SP00,A,2017-04-20,8.355
EXR.D.HKD.EUR.SP00.A,D,HKD,EUR,SP00,A,2017-04-21,8.319
EXR.D.HKD.EUR.SP00.A,D,HKD,EUR,SP00,A,2017-04-24,8.4376
EXR.D.HKD.EUR.SP00.A,D,HKD,EUR,SP00,A,2017-04-25,8.4756
EXR.D.HKD.EUR.SP00.A,D,HKD,EUR,SP00,A,2017-04-26,8.4757
EXR.D.HKD.EUR.SP00.A,D,HKD,EUR,SP00,A,2017-04-27,8.4672
EXR.D.HKD.EUR.SP00.A,D,HKD,EUR,SP00,A,2017-04-28,8.5004
EXR.D.HKD.EUR.SP00.A,D,HKD,EUR,SP00,A,2017-05-02,8.4937
EXR.D.HKD.EUR.SP00.A,D,HKD,EUR,SP00,A,2017-05-03,8.4967
EXR.D.HKD.EUR.SP00.A,D,HKD,EUR,SP00,A,2017-05-04,8.504
EXR.D.HKD.EUR.SP00.A,D,HKD,EUR,SP00,A,2017-05-05,8.5312
EXR.D.HKD.EUR.SP00.A,D,HKD,EUR,SP00,A,2017-05-08,8.5152
EXR.D.HKD.EUR.SP00.A,D,HKD,EUR,SP00,A,2017-05-09,8.4755
EXR.D.HKD.EUR.SP00.A,D,HKD,EUR,SP00,A,2017-05-10,8.4728
EXR.D.HKD.EUR.SP00.A,D,HKD,EUR,SP00,A,2017-05-11,8.4594
EXR.D.HKD.EUR.SP00.A,D,HKD,EUR,SP00,A,2017-05-12,8.4761
EXR.D.HKD.EUR.SP00.A,D,HKD,EUR,SP00,A,2017-05-15,8.544
EXR.D.HKD.EUR.SP00.A,D,HKD,EUR,SP00,A,2017-05-16,8.6143
EXR.D.HKD.EUR.SP00.A,D,HKD,EUR,SP00,A,2017-05-17,8.6573
EXR.D.HKD.EUR.SP00.A,D,HKD,EUR,SP00,A,2017-05-18,8.6615
EXR.D.HKD.EUR.SP00.A,D,HKD,EUR,SP00,A,2017-05-19,8.6999
EXR.D.HKD.EUR.SP00.A,D,HKD,EUR,SP00,A,2017-05-22,8.7533
EXR.D.HKD.EUR.SP00.A,D,HKD,EUR,SP00,A,2017-05-23,8.7337
EXR.D.HKD.EUR.SP00.A,D,HKD,EUR,SP00,A,2017-05-24,8.7182
EXR.D.HKD.EUR.SP00.A,D,HKD,EUR,SP00,A,2017-05-25,8.7372
EXR.D.HKD.EUR.SP00.A,D,HKD,EUR,SP00,A,2017-05-26,8.7249
EXR.D.HKD.EUR.SP00.A,D,HKD,EUR,SP00,A,2017-05-29,8.7202
EXR.D.HKD.EUR.SP00.A,D,HKD,EUR,SP00,A,2017-05-30,8.707
EXR.D.HKD.EUR.SP00.A,D,HKD,EUR,SP00,A,2017-05-31,8.7421
EXR.D.HKD.EUR.SP00.A,D,HKD,EUR,SP00,A,2017-06-01,8.7419
EXR.D.HKD.EUR.SP00.A,D,HKD,EUR,SP00,A,2017-06-02,8.7413
EXR.D.HKD.EUR.SP00.A,D,HKD,EUR,SP00,A,2017-06-05,8.7651
EXR.D.HKD.EUR.SP00.A,D,HKD,EUR,SP00,A,2017-06-06,8.7751
EXR.D.HKD.EUR.SP00.A,D,HKD,EUR,SP00,A,2017-06-07,8.7422
EXR.D.HKD.EUR.SP00.A,D,HKD,EUR,SP00,A,2017-06-08,8.7551
EXR.D.HKD.EUR.SP00.A,D,HKD,EUR,SP00,A,2017-06-09,8.7136
EXR.D.HKD.EUR.SP00.A,D,HKD,EUR,SP00,A,2017-06-12,8.751
EXR.D.HKD.EUR.SP00.A,D,HKD,EUR,SP00,A,2017-06-13,8.7489
EXR.D.HKD.EUR.SP00.A,D,HKD,EUR,SP00,A,2017-06-14,8.7392
EXR.D.HKD.EUR.SP00.A,D,HKD,EUR,SP00,A,2017-06-15,8.7118
EXR.D.HKD.EUR.SP00.A,D,HKD,EUR,SP00,A,2017-06-16,8.7108
EXR.D.HKD.EUR.SP00.A,D,HKD,EUR,SP00,A,2017-06-19,8.735
EXR.D.HKD.EUR.SP00.A,D,HKD,EUR,SP00,A,2017-06-20,8.7015
EXR.D.HKD.EUR.SP00.A,D,HKD,EUR,SP00,A,2017-06-21,8.6954
EXR.D.HKD.EUR.SP00.A,D,HKD,EUR,SP00,A,2017-06-22,8.7127
EXR.D.HKD.EUR.SP00.A,D,HKD,EUR,SP00,A,2017-06-23,8.7147
EXR.D.HKD.EUR.SP00.A,D,HKD,EUR,SP00,A,2017-06-26,8.7254
EXR.D.HKD.EUR.SP00.A,D,HKD,EUR,SP00,A,2017-06-27,8.7972
EXR.D.HKD.EUR.SP00.A,D,HKD,EUR,SP00,A,2017-06-28,8.8759
EXR.D.HKD.EUR.SP00.A,D,HKD,EUR,SP00,A,2017-06-29,8.9107
EXR.D.HKD.EUR.SP00.A,D,HKD,EUR,SP00,A,2017-06-30,8.9068
EXR.D.HKD.EUR.SP00.A,D,HKD,EUR,SP00,A,2017-07-03,8.8778
EXR.D.HKD.EUR.SP00.A,D,HKD,EUR,SP00,A,2017-07-04,8.8646
EXR.D.HKD.EUR.SP00.A,D,HKD,EUR,SP00,A,2017-07-05,8.8442
EXR.D.HKD.EUR.SP00.A,D,HKD,EUR,SP00,A,2017-07-06,8.8918
EXR.D.HKD.EUR.SP00.A,D,HKD,EUR,SP00,A,2017-07-07,8.914
EXR.D.HKD.EUR.SP00.A,D,HKD,EUR,SP00,A,2017-07-10,8.8973
EXR.D.HKD.EUR.SP00.A,D,HKD,EUR,SP00,A,2017-07-11,8.9084
EXR.D.HKD.EUR.SP00.A,D,HKD,EUR,SP00,A,2017-07-12,8.9429
EXR.D.HKD.EUR.SP00.A,D,HKD,EUR,SP00,A,2017-07-13,8.9167
EXR.D.HKD.EUR.SP00.A,D,HKD,EUR,SP00,A,2017-07-14,8.9132
EXR.D.HKD.EUR.SP00.A,D,HKD,EUR,SP00,A,2017-07-17,8.946
EXR.D.HKD.EUR.SP00.A,D,HKD,EUR,SP00,A,2017-07-18,9.0176
EXR.D.HKD.EUR.SP00.A,D,HKD,EUR,SP00,A,2017-07-19,9.0059
EXR.D.HKD.EUR.SP00.A,D,HKD,EUR,SP00,A,2017-07-20,8.97
EXR.D.HKD.EUR.SP00.A,D,HKD,EUR,SP00,A,2017-07-21,9.0902
EXR.D.HKD.EUR.SP00.A,D,HKD,EUR,SP00,A,2017-07-24,9.0931
EXR.D.HKD.EUR.SP00.A,D,HKD,EUR,SP00,A,2017-07-25,9.131
EXR.D.HKD.EUR.SP00.A,D,HKD,EUR,SP00,A,2017-07-26,9.0959
EXR.D.HKD.EUR.SP00.A,D,HKD,EUR,SP00,A,2017-07-27,9.133
EXR.D.HKD.EUR.SP00.A,D,HKD,EUR,SP00,A,2017-07-28,9.1613
EXR.D.HKD.EUR.SP00.A,D,HKD,EUR,SP00,A,2017-07-31,9.1598
EXR.D.HKD.EUR.SP00.A,D,HKD,EUR,SP00,A,2017-08-01,9.2284
EXR.D.HKD.EUR.SP00.A,D,HKD,EUR,SP00,A,2017-08-02,9.2461
EXR.D.HKD.EUR.SP00.A,D,HKD,EUR,SP00,A,2017-08-03,9.2724
EXR.D.HKD.EUR.SP00.A,D,HKD,EUR,SP00,A,2017-08-04,9.2782
EXR.D.HKD.EUR.SP00.A,D,HKD,EUR,SP00,A,2017-08-07,9.2289
EXR.D.HKD.EUR.SP00.A,D,HKD,EUR,SP00,A,2017-08-08,9.2424
EXR.D.HKD.EUR.SP00.A,D,HKD,EUR,SP00,A,2017-08-09,9.1692
EXR.D.HKD.EUR.SP00.A,D,HKD,EUR,SP00,A,2017-08-10,9.168
EXR.D.HKD.EUR.SP00.A,D,HKD,EUR,SP00,A,2017-08-11,9.1992
EXR.D.HKD.EUR.SP00.A,D,HKD,EUR,SP00,A,2017-08-14,9.2266
EXR.D.HKD.EUR.SP00.A,D,HKD,EUR,SP00,A,2017-08-15,9.1874
EXR.D.HKD.EUR.SP00.A,D,HKD,EUR,SP00,A,2017-08-16,9.1597
EXR.D.HKD.EUR.SP00.A,D,HKD,EUR,SP00,A,2017-08-17,9.1517
EXR.D.HKD.EUR.SP00.A,D,HKD,EUR,SP00,A,2017-08-18,9.1831
EXR.D.HKD.EUR.SP00.A,D,HKD,EUR,SP00,A,2017-08-21,9.2015
EXR.D.HKD.EUR.SP00.A,D,HKD,EUR,SP00,A,2017-08-22,9.2129
EXR.D.HKD.EUR.SP00.A,D,HKD,EUR,SP00,A,2017-08-23,9.2343
EXR.D.HKD.EUR.SP00.A,D,HKD,EUR,SP00,A,2017-08-24,9.2386
EXR.D.HKD.EUR.SP00.A,D,HKD,EUR,SP00,A,2017-08-25,9.2372
EXR.D.HKD.EUR.SP00.A,D,HKD,EUR,SP00,A,2017-08-28,9.3292
EXR.D.HKD.EUR.SP00.A,D,HKD,EUR,SP00,A,2017-08-29,9.4268
EXR.D.HKD.EUR.SP00.A,D,HKD,EUR,SP00,A,2017-08-30,9.3259
EXR.D.HKD.EUR.SP00.A,D,HKD,EUR,SP00,A,2017-08-31,9.2526
EXR.D.HKD.EUR.SP00.A,D,HKD,EUR,SP00,A,2017-09-01,9.3272
EXR.D.HKD.EUR.SP00.A,D,HKD,EUR,SP00,A,2017-09-04,9.315
EXR.D.HKD.EUR.SP00.A,D,HKD,EUR,SP00,A,2017-09-05,9.3043
EXR.D.HKD.EUR.SP00.A,D,HKD,EUR,SP00,A,2017-09-06,9.3362
EXR.D.HKD.EUR.SP00.A,D,HKD,EUR,SP00,A,2017-09-07,9.3553
EXR.D.HKD.EUR.SP00.A,D,HKD,EUR,SP00,A,2017-09-08,9.416
EXR.D.HKD.EUR.SP00.A,D,HKD,EUR,SP00,A,2017-09-11,9.3731
EXR.D.HKD.EUR.SP00.A,D,HKD,EUR,SP00,A,2017-09-12,9.3235
EXR.D.HKD.EUR.SP00.A,D,HKD,EUR,SP00,A,2017-09-13,9.3586
EXR.D.HKD.EUR.SP00.A,D,HKD,EUR,SP00,A,2017-09-14,9.2843
EXR.D.HKD.EUR.SP00.A,D,HKD,EUR,SP00,A,2017-09-15,9.3506
EXR.D.HKD.EUR.SP00.A,D,HKD,EUR,SP00,A,2017-09-18,9.339
EXR.D.HKD.EUR.SP00.A,D,HKD,EUR,SP00,A,2017-09-19,9.3432
EXR.D.HKD.EUR.SP00.A,D,HKD,EUR,SP00,A,2017-09-20,9.3668
EXR.D.HKD.EUR.SP00.A,D,HKD,EUR,SP00,A,2017-09-21,9.291
EXR.D.HKD.EUR.SP00.A,D,HKD,EUR,SP00,A,2017-09-22,9.3414
EXR.D.HKD.EUR.SP00.A,D,HKD,EUR,SP00,A,2017-09-25,9.2738
EXR.D.HKD.EUR.SP00.A,D,HKD,EUR,SP00,A,2017-09-26,9.2083
EXR.D.HKD.EUR.SP00.A,D,HKD,EUR,SP00,A,2017-09-27,9.1714
EXR.D.HKD.EUR.SP00.A,D,HKD,EUR,SP00,A,2017-09-28,9.1977
EXR.D.HKD.EUR.SP00.A,D,HKD,EUR,SP00,A,2017-09-29,9.2214
EXR.D.HKD.EUR.SP00.A,D,HKD,EUR,SP00,A,2017-10-02,9.1739
EXR.D.HKD.EUR.SP00.A,D,HKD,EUR,SP00,A,2017-10-03,9.1809
EXR.D.HKD.EUR.SP00.A,D,HKD,EUR,SP00,A,2017-10-04,9.2007
EXR.D.HKD.EUR.SP00.A,D,HKD,EUR,SP00,A,2017-10-05,9.1701
EXR.D.HKD.EUR.SP00.A,D,HKD,EUR,SP00,A,2017-10-06,9.1387
EXR.D.HKD.EUR.SP00.A,D,HKD,EUR,SP00,A,2017-10-09,9.1685
EXR.D.HKD.EUR.SP00.A,D,HKD,EUR,SP00,A,2017-10-10,9.2067
EXR.D.HKD.EUR.SP00.A,D,HKD,EUR,SP00,A,2017-10-11,9.2344
EXR.D.HKD.EUR.SP00.A,D,HKD,EUR,SP00,A,2017-10-12,9.2573
EXR.D.HKD.EUR.SP00.A,D,HKD,EUR,SP00,A,2017-10-13,9.221
EXR.D.HKD.EUR.SP00.A,D,HKD,EUR,SP00,A,2017-10-16,9.217
EXR.D.HKD.EUR.SP00.A,D,HKD,EUR,SP00,A,2017-10-17,9.1811
EXR.D.HKD.EUR.SP00.A,D,HKD,EUR,SP00,A,2017-10-18,9.1737
EXR.D.HKD.EUR.SP00.A,D,HKD,EUR,SP00,A,2017-10-19,9.2334
EXR.D.HKD.EUR.SP00.A,D,HKD,EUR,SP00,A,2017-10-20,9.2216
EXR.D.HKD.EUR.SP00.A,D,HKD,EUR,SP00,A,2017-10-23,9.1607
EXR.D.HKD.EUR.SP00.A,D,HKD,EUR,SP00,A,2017-10-24,9.1803
EXR.D.HKD.EUR.SP00.A,D,HKD,EUR,SP00,A,2017-10-25,9.1971
EXR.D.HKD.EUR.SP00.A,D,HKD,EUR,SP00,A,2017-10-26,9.1701
EXR.D.HKD.EUR.SP00.A,D,HKD,EUR,SP00,A,2017-10-27,9.0561
EXR.D.HKD.EUR.SP00.A,D,HKD,EUR,SP00,A,2017-10-30,9.0581
EXR.D.HKD.EUR.SP00.A,D,HKD,EUR,SP00,A,2017-10-31,9.0769
EXR.D.HKD.EUR.SP00.A,D,HKD,EUR,SP00,A,2017-11-01,9.0593
EXR.D.HKD.EUR.SP00.A,D,HKD,EUR,SP00,A,2017-11-02,9.0851
EXR.D.HKD.EUR.SP00.A,D,HKD,EUR,SP00,A,2017-11-03,9.0953
EXR.D.HKD.EUR.SP00.A,D,HKD,EUR,SP00,A,2017-11-06,9.0436
EXR.D.HKD.EUR.SP00.A,D,HKD,EUR,SP00,A,2017-11-07,9.0221
EXR.D.HKD.EUR.SP00.A,D,HKD,EUR,SP00,A,2017-11-08,9.0363
EXR.D.HKD.EUR.SP00.A,D,HKD,EUR,SP00,A,2017-11-09,9.0701
EXR.D.HKD.EUR.SP00.A,D,HKD,EUR,SP00,A,2017-11-10,9.093
EXR.D.HKD.EUR.SP00.A,D,HKD,EUR,SP00,A,2017-11-13,9.0906
EXR.D.HKD.EUR.SP00.A,D,HKD,EUR,SP00,A,2017-11-14,9.1645
EXR.D.HKD.EUR.SP00.A,D,HKD,EUR,SP00,A,2017-11-15,9.2435
EXR.D.HKD.EUR.SP00.A,D,HKD,EUR,SP00,A,2017-11-16,9.1919
EXR.D.HKD.EUR.SP00.A,D,HKD,EUR,SP00,A,2017-11-17,9.2144
EXR.D.HKD.EUR.SP00.A,D,HKD,EUR,SP00,A,2017-11-20,9.2036
EXR.D.HKD.EUR.SP00.A,D,HKD,EUR,SP00,A,2017-11-21,9.1545
EXR.D.HKD.EUR.SP00.A,D,HKD,EUR,SP00,A,2017-11-22,9.1775
EXR.D.HKD.EUR.SP00.A,D,HKD,EUR,SP00,A,2017-11-23,9.2528
EXR.D.HKD.EUR.SP00.A,D,HKD,EUR,SP00,A,2017-11-24,9.2744
EXR.D.HKD.EUR.SP00.A,D,HKD,EUR,SP00,A,2017-11-27,9.3249
EXR.D.HKD.EUR.SP00.A,D,HKD,EUR,SP00,A,2017-11-28,9.2745
EXR.D.HKD.EUR.SP00.A,D,HKD,EUR,SP00,A,2017-11-29,9.233
EXR.D.HKD.EUR.SP00.A,D,HKD,EUR,SP00,A,2017-11-30,9.2524
EXR.D.HKD.EUR.SP00.A,D,HKD,EUR,SP00,A,2017-12-01,9.2853
EXR.D.HKD.EUR.SP00.A,D,HKD,EUR,SP00,A,2017-12-04,9.2721
EXR.D.HKD.EUR.SP00.A,D,HKD,EUR,SP00,A,2017-12-05,9.2563
EXR.D.HKD.EUR.SP00.A,D,HKD,EUR,SP00,A,2017-12-06,9.2323
EXR.D.HKD.EUR.SP00.A,D,HKD,EUR,SP00,A,2017-12-07,9.204
EXR.D.HKD.EUR.SP00.A,D,HKD,EUR,SP00,A,2017-12-08,9.1661
EXR.D.HKD.EUR.SP00.A,D,HKD,EUR,SP00,A,2017-12-11,9.2093
EXR.D.HKD.EUR.SP00.A,D,HKD,EUR,SP00,A,2017-12-12,9.1848
EXR.D.HKD.EUR.SP00.A,D,HKD,EUR,SP00,A,2017-12-13,9.1612
EXR.D.HKD.EUR.SP00.A,D,HKD,EUR,SP00,A,2017-12-14,9.2499
EXR.D.HKD.EUR.SP00.A,D,HKD,EUR,SP00,A,2017-12-15,9.2223
EXR.D.HKD.EUR.SP00.A,D,HKD,EUR,SP00,A,2017-12-18,9.2194
EXR.D.HKD.EUR.SP00.A,D,HKD,EUR,SP00,A,2017-12-19,9.2446
EXR.D.HKD.EUR.SP00.A,D,HKD,EUR,SP00,A,2017-12-20,9.2677
EXR.D.HKD.EUR.SP00.A,D,HKD,EUR,SP00,A,2017-12-21,9.2758
EXR.D.HKD.EUR.SP00.A,D,HKD,EUR,SP00,A,2017-12-22,9.2648
EXR.D.HKD.EUR.SP00.A,D,HKD,EUR,SP00,A,2017-12-27,9.2953
EXR.D.HKD.EUR.SP00.A,D,HKD,EUR,SP00,A,2017-12-28,9.3274
EXR.D.HKD.EUR.SP00.A,D,HKD,EUR,SP00,A,2017-12-29,9.372
EXR.D.HKD.EUR.SP00.A,D,HKD,EUR,SP00,A,2018-01-02,9.4283
EXR.D.HKD.EUR.SP00.A,D,HKD,EUR,SP00,A,2018-01-03,9.3985
EXR.D.HKD.EUR.SP00.A,D,HKD,EUR,SP00,A,2018-01-04,9.4323
EXR.D.HKD.EUR.SP00.A,D,HKD,EUR,SP00,A,2018-01-05,9.4188
EXR.D.HKD.EUR.SP00.A,D,HKD,EUR,SP00,A,2018-01-08,9.3656
EXR.D.HKD.EUR.SP00.A,D,HKD,EUR,SP00,A,2018-01-09,9.3323
EXR.D.HKD.EUR.SP00.A,D,HKD,EUR,SP00,A,2018-01-10,9.3809
EXR.D.HKD.EUR.SP00.A,D,HKD,EUR,SP00,A,2018-01-11,9.4002
EXR.D.HKD.EUR.SP00.A,D,HKD,EUR,SP00,A,2018-01-12,9.4962
EXR.D.HKD.EUR.SP00.A,D,HKD,EUR,SP00,A,2018-01-15,9.605
EXR.D.HKD.EUR.SP00.A,D,HKD,EUR,SP00,A,2018-01-16,9.568
EXR.D.HKD.EUR.SP00.A,D,HKD,EUR,SP00,A,2018-01-17,9.5415
EXR.D.HKD.EUR.SP00.A,D,HKD,EUR,SP00,A,2018-01-18,9.5648
EXR.D.HKD.EUR.SP00.A,D,HKD,EUR,SP00,A,2018-01-19,9.5814
EXR.D.HKD.EUR.SP00.A,D,HKD,EUR,SP00,A,2018-01-22,9.5689
EXR.D.HKD.EUR.SP00.A,D,HKD,EUR,SP00,A,2018-01-23,9.576
EXR.D.HKD.EUR.SP00.A,D,HKD,EUR,SP00,A,2018-01-24,9.6556
EXR.D.HKD.EUR.SP00.A,D,HKD,EUR,SP00,A,2018-01-25,9.6996
EXR.D.HKD.EUR.SP00.A,D,HKD,EUR,SP00,A,2018-01-26,9.7222
EXR.D.HKD.EUR.SP00.A,D,HKD,EUR,SP00,A,2018-01-29,9.6783
EXR.D.HKD.EUR.SP00.A,D,HKD,EUR,SP00,A,2018-01-30,9.7117
EXR.D.HKD.EUR.SP00.A,D,HKD,EUR,SP00,A,2018-01-31,9.7413
EXR.D.HKD.EUR.SP00.A,D,HKD,EUR,SP00,A,2018-02-01,9.7429
EXR.D.HKD.EUR.SP00.A,D,HKD,EUR,SP00,A,2018-02-02,9.7692
EXR.D.HKD.EUR.SP00.A,D,HKD,EUR,SP00,A,2018-02-05,9.7288
EXR.D.HKD.EUR.SP00.A,D,HKD,EUR,SP00,A,2018-02-06,9.6403
EXR.D.HKD.EUR.SP00.A,D,HKD,EUR,SP00,A,2018-02-07,9.6463
EXR.D.HKD.EUR.SP00.A,D,HKD,EUR,SP00,A,2018-02-08,9.5795
EXR.D.HKD.EUR.SP00.A,D,HKD,EUR,SP00,A,2018-02-09,9.5985
EXR.D.HKD.EUR.SP00.A,D,HKD,EUR,SP00,A,2018-02-12,9.5892
EXR.D.HKD.EUR.SP00.A,D,HKD,EUR,SP00,A,2018-02-13,9.6467
EXR.D.HKD.EUR.SP00.A,D,HKD,EUR,SP00,A,2018-02-14,9.6585
EXR.D.HKD.EUR.SP00.A,D,HKD,EUR,SP00,A,2018-02-15,9.7723
EXR.D.HKD.EUR.SP00.A,D,HKD,EUR,SP00,A,2018-02-16,9.7479
EXR.D.HKD.EUR.SP00.A,D,HKD,EUR,SP00,A,2018-02-19,9.7075
EXR.D.HKD.EUR.SP00.A,D,HKD,EUR,SP00,A,2018-02-20,9.6549
EXR.D.HKD.EUR.SP00.A,D,HKD,EUR,SP00,A,2018-02-21,9.6341
EXR.D.HKD.EUR.SP00.A,D,HKD,EUR,SP00,A,2018-02-22,9.6059
EXR.D.HKD.EUR.SP00.A,D,HKD,EUR,SP00,A,2018-02-23,9.6219
EXR.D.HKD.EUR.SP00.A,D,HKD,EUR,SP00,A,2018-02-26,9.6387
EXR.D.HKD.EUR.SP00.A,D,HKD,EUR,SP00,A,2018-02-27,9.6272
EXR.D.HKD.EUR.SP00.A,D,HKD,EUR,SP00,A,2018-02-28,9.5595
EXR.D.HKD.EUR.SP00.A,D,HKD,EUR,SP00,A,2018-03-01,9.5263
EXR.D.HKD.EUR.SP00.A,D,HKD,EUR,SP00,A,2018-03-02,9.6397
EXR.D.HKD.EUR.SP00.A,D,HKD,EUR,SP00,A,2018-03-05,9.6398
EXR.D.HKD.EUR.SP00.A,D,HKD,EUR,SP00,A,2018-03-06,9.7218
EXR.D.HKD.EUR.SP00.A,D,HKD,EUR,SP00,A,2018-03-07,9.7295
EXR.D.HKD.EUR.SP00.A,D,HKD,EUR,SP00,A,2018-03-08,9.7356
EXR.D.HKD.EUR.SP00.A,D,HKD,EUR,SP00,A,2018-03-09,9.637
EXR.D.HKD.EUR.SP00.A,D,HKD,EUR,SP00,A,2018-03-12,9.6447
EXR.D.HKD.EUR.SP00.A,D,HKD,EUR,SP00,A,2018-03-13,9.7031
EXR.D.HKD.EUR.SP00.A,D,HKD,EUR,SP00,A,2018-03-14,9.6978
EXR.D.HKD.EUR.SP00.A,D,HKD,EUR,SP00,A,2018-03-15,9.6773
EXR.D.HKD.EUR.SP00.A,D,HKD,EUR,SP00,A,2018-03-16,9.6476
EXR.D.HKD.EUR.SP00.A,D,HKD,EUR,SP00,A,2018-03-19,9.6537
EXR.D.HKD.EUR.SP00.A,D,HKD,EUR,SP00,A,2018-03-20,9.6295
EXR.D.HKD.EUR.SP00.A,D,HKD,EUR,SP00,A,2018-03-21,9.6397
EXR.D.HKD.EUR.SP00.A,D,HKD,EUR,SP00,A,2018-03-22,9.6641
EXR.D.HKD.EUR.SP00.A,D,HKD,EUR,SP00,A,2018-03-23,9.6889
EXR.D.HKD.EUR.SP00.A,D,HKD,EUR,SP00,A,2018-03-26,9.7384
EXR.D.HKD.EUR.SP00.A,D,HKD,EUR,SP00,A,2018-03-27,9.7113
EXR.D.HKD.EUR.SP00.A,D,HKD,EUR,SP00,A,2018-03-28,9.7295
EXR.D.HKD.EUR.SP00.A,D,HKD,EUR,SP00,A,2018-03-29,9.6696
EXR.D.HKD.EUR.SP00.A,D,HKD,EUR,SP00,A,2018-04-03,9.6602
EXR.D.HKD.EUR.SP00.A,D,HKD,EUR,SP00,A,2018-04-04,9.6355
EXR.D.HKD.EUR.SP00.A,D,HKD,EUR,SP00,A,2018-04-05,9.6232
EXR.D.HKD.EUR.SP00.A,D,HKD,EUR,SP00,A,2018-04-06,9.6014
EXR.D.HKD.EUR.SP00.A,D,HKD,EUR,SP00,A,2018-04-09,9.6576
EXR.D.HKD.EUR.SP00.A,D,HKD,EUR,SP00,A,2018-04-10,9.703
EXR.D.HKD.EUR.SP00.A,D,HKD,EUR,SP00,A,2018-04-11,9.7212
EXR.D.HKD.EUR.SP00.A,D,HKD,EUR,SP00,A,2018-04-12,9.6734
EXR.D.HKD.EUR.SP00.A,D,HKD,EUR,SP00,A,2018-04-13,9.6687
EXR.D.HKD.EUR.SP00.A,D,HKD,EUR,SP00,A,2018-04-16,9.7104
EXR.D.HKD.EUR.SP00.A,D,HKD,EUR,SP00,A,2018-04-17,9.7001
EXR.D.HKD.EUR.SP00.A,D,HKD,EUR,SP00,A,2018-04-18,9.7245
EXR.D.HKD.EUR.SP00.A,D,HKD,EUR,SP00,A,2018-04-19,9.7182
EXR.D.HKD.EUR.SP00.A,D,HKD,EUR,SP00,A,2018-04-20,9.6568
EXR.D.HKD.EUR.SP00.A,D,HKD,EUR,SP00,A,2018-04-23,9.5974
EXR.D.HKD.EUR.SP00.A,D,HKD,EUR,SP00,A,2018-04-24,9.5829
EXR.D.HKD.EUR.SP00.A,D,HKD,EUR,SP00,A,2018-04-25,9.5625
EXR.D.HKD.EUR.SP00.A,D,HKD,EUR,SP00,A,2018-04-26,9.5493
EXR.D.HKD.EUR.SP00.A,D,HKD,EUR,SP00,A,2018-04-27,9.4731
EXR.D.HKD.EUR.SP00.A,D,HKD,EUR,SP00,A,2018-04-30,9.4801
EXR.D.HKD.EUR.SP00.A,D,HKD,EUR,SP00,A,2018-05-02,9.425
EXR.D.HKD.EUR.SP00.A,D,HKD,EUR,SP00,A,2018-05-03,9.4131
EXR.D.HKD.EUR.SP00.A,D,HKD,EUR,SP00,A,2018-05-04,9.3952
EXR.D.HKD.EUR.SP00.A,D,HKD,EUR,SP00,A,2018-05-07,9.3428
EXR.D.HKD.EUR.SP00.A,D,HKD,EUR,SP00,A,2018-05-08,9.3178
EXR.D.HKD.EUR.SP00.A,D,HKD,EUR,SP00,A,2018-05-09,9.3248
EXR.D.HKD.EUR.SP00.A,D,HKD,EUR,SP00,A,2018-05-10,9.3241
EXR.D.HKD.EUR.SP00.A,D,HKD,EUR,SP00,A,2018-05-11,9.3681
EXR.D.HKD.EUR.SP00.A,D,HKD,EUR,SP00,A,2018-05-14,9.4103
EXR.D.HKD.EUR.SP00.A,D,HKD,EUR,SP00,A,2018-05-15,9.328
EXR.D.HKD.EUR.SP00.A,D,HKD,EUR,SP00,A,2018-05-16,9.2504
EXR.D.HKD.EUR.SP00.A,D,HKD,EUR,SP00,A,2018-05-17,9.2666
EXR.D.HKD.EUR.SP00.A,D,HKD,EUR,SP00,A,2018-05-18,9.248
EXR.D.HKD.EUR.SP00.A,D,HKD,EUR,SP00,A,2018-05-21,9.23
EXR.D.HKD.EUR.SP00.A,D,HKD,EUR,SP00,A,2018-05-22,9.2565
EXR.D.HKD.EUR.SP00.A,D,HKD,EUR,SP00,A,2018-05-23,9.1904
EXR.D.HKD.EUR.SP00.A,D,HKD,EUR,SP00,A,2018-05-24,9.2043
EXR.D.HKD.EUR.SP00.A,D,HKD,EUR,SP00,A,2018-05-25,9.1589
EXR.D.HKD.EUR.SP00.A,D,HKD,EUR,SP00,A,2018-05-28,9.1354
EXR.D.HKD.EUR.SP00.A,D,HKD,EUR,SP00,A,2018-05-29,9.0681
EXR.D.HKD.EUR.SP00.A,D,HKD,EUR,SP00,A,2018-05-30,9.1268
EXR.D.HKD.EUR.SP00.A,D,HKD,EUR,SP00,A,2018-05-31,9.1818
EXR.D.HKD.EUR.SP00.A,D,HKD,EUR,SP00,A,2018-06-01,9.1547
EXR.D.HKD.EUR.SP00.A,D,HKD,EUR,SP00,A,2018-06-04,9.2091
EXR.D.HKD.EUR.SP00.A,D,HKD,EUR,SP00,A,2018-06-05,9.1611
EXR.D.HKD.EUR.SP00.A,D,HKD,EUR,SP00,A,2018-06-06,9.2328
EXR.D.HKD.EUR.SP00.A,D,HKD,EUR,SP00,A,2018-06-07,9.2868
EXR.D.HKD.EUR.SP00.A,D,HKD,EUR,SP00,A,2018-06-08,9.2222
EXR.D.HKD.EUR.SP00.A,D,HKD,EUR,SP00,A,2018-06-11,9.2508
EXR.D.HKD.EUR.SP00.A,D,HKD,EUR,SP00,A,2018-06-12,9.2499
EXR.D.HKD.EUR.SP00.A,D,HKD,EUR,SP00,A,2018-06-13,9.2325
EXR.D.HKD.EUR.SP00.A,D,HKD,EUR,SP00,A,2018-06-14,9.2058
EXR.D.HKD.EUR.SP00.A,D,HKD,EUR,SP00,A,2018-06-15,9.102
EXR.D.HKD.EUR.SP00.A,D,HKD,EUR,SP00,A,2018-06-18,9.1156
EXR.D.HKD.EUR.SP00.A,D,HKD,EUR,SP00,A,2018-06-19,9.0534
EXR.D.HKD.EUR.SP00.A,D,HKD,EUR,SP00,A,2018-06-20,9.0847
EXR.D.HKD.EUR.SP00.A,D,HKD,EUR,SP00,A,2018-06-21,9.0528
EXR.D.HKD.EUR.SP00.A,D,HKD,EUR,SP00,A,2018-06-22,9.1393
EXR.D.HKD.EUR.SP00.A,D,HKD,EUR,SP00,A,2018-06-25,9.181
EXR.D.HKD.EUR.SP00.A,D,HKD,EUR,SP00,A,2018-06-26,9.1608
EXR.D.HKD.EUR.SP00.A,D,HKD,EUR,SP00,A,2018-06-27,9.1158
EXR.D.HKD.EUR.SP00.A,D,HKD,EUR,SP00,A,2018-06-28,9.0906
EXR.D.HKD.EUR.SP00.A,D,HKD,EUR,SP00,A,2018-06-29,9.1468
EXR.D.HKD.EUR.SP00.A,D,HKD,EUR,SP00,A,2018-07-02,9.1325
EXR.D.HKD.EUR.SP00.A,D,HKD,EUR,SP00,A,2018-07-03,9.1506
EXR.D.HKD.EUR.SP00.A,D,HKD,EUR,SP00,A,2018-07-04,9.1307
EXR.D.HKD.EUR.SP00.A,D,HKD,EUR,SP00,A,2018-07-05,9.1887
EXR.D.HKD.EUR.SP00.A,D,HKD,EUR,SP00,A,2018-07-06,9.2013
EXR.D.HKD.EUR.SP00.A,D,HKD,EUR,SP00,A,2018-07-09,9.2526
EXR.D.HKD.EUR.SP00.A,D,HKD,EUR,SP00,A,2018-07-10,9.1926
EXR.D.HKD.EUR.SP00.A,D,HKD,EUR,SP00,A,2018-07-11,9.2111
EXR.D.HKD.EUR.SP00.A,D,HKD,EUR,SP00,A,2018-07-12,9.1494
EXR.D.HKD.EUR.SP00.A,D,HKD,EUR,SP00,A,2018-07-13,9.1387
EXR.D.HKD.EUR.SP00.A,D,HKD,EUR,SP00,A,2018-07-16,9.1989
EXR.D.HKD.EUR.SP00.A,D,HKD,EUR,SP00,A,2018-07-17,9.1888
EXR.D.HKD.EUR.SP00.A,D,HKD,EUR,SP00,A,2018-07-18,9.1141
EXR.D.HKD.EUR.SP00.A,D,HKD,EUR,SP00,A,2018-07-19,9.0963
EXR.D.HKD.EUR.SP00.A,D,HKD,EUR,SP00,A,2018-07-20,9.1597
EXR.D.HKD.EUR.SP00.A,D,HKD,EUR,SP00,A,2018-07-23,9.1948
EXR.D.HKD.EUR.SP00.A,D,HKD,EUR,SP00,A,2018-07-24,9.1846
EXR.D.HKD.EUR.SP00.A,D,HKD,EUR,SP00,A,2018-07-25,9.1714
EXR.D.HKD.EUR.SP00.A,D,HKD,EUR,SP00,A,2018-07-26,9.1949
EXR.D.HKD.EUR.SP00.A,D,HKD,EUR,SP00,A,2018-07-27,9.1241
EXR.D.HKD.EUR.SP00.A,D,HKD,EUR,SP00,A,2018-07-30,9.1696
EXR.D.HKD.EUR.SP00.A,D,HKD,EUR,SP00,A,2018-07-31,9.2114
EXR.D.HKD.EUR.SP00.A,D,HKD,EUR,SP00,A,2018-08-01,9.1807
EXR.D.HKD.EUR.SP00.A,D,HKD,EUR,SP00,A,2018-08-02,9.1185
EXR.D.HKD.EUR.SP00.A,D,HKD,EUR,SP00,A,2018-08-03,9.0955
EXR.D.HKD.EUR.SP00.A,D,HKD,EUR,SP00,A,2018-08-06,9.0605
EXR.D.HKD.EUR.SP00.A,D,HKD,EUR,SP00,A,2018-08-07,9.1065
EXR.D.HKD.EUR.SP00.A,D,HKD,EUR,SP00,A,2018-08-08,9.0971
EXR.D.HKD.EUR.SP00.A,D,HKD,EUR,SP00,A,2018-08-09,9.1003
EXR.D.HKD.EUR.SP00.A,D,HKD,EUR,SP00,A,2018-08-10,8.9928
EXR.D.HKD.EUR.SP00.A,D,HKD,EUR,SP00,A,2018-08-13,8.9511
EXR.D.HKD.EUR.SP00.A,D,HKD,EUR,SP00,A,2018-08-14,8.9537
EXR.D.HKD.EUR.SP00.A,D,HKD,EUR,SP00,A,2018-08-15,8.8869
EXR.D.HKD.EUR.SP00.A,D,HKD,EUR,SP00,A,2018-08-16,8.925
EXR.D.HKD.EUR.SP00.A,D,HKD,EUR,SP00,A,2018-08-17,8.9412
EXR.D.HKD.EUR.SP00.A,D,HKD,EUR,SP00,A,2018-08-20,8.9645
EXR.D.HKD.EUR.SP00.A,D,HKD,EUR,SP00,A,2018-08-21,9.029
EXR.D.HKD.EUR.SP00.A,D,HKD,EUR,SP00,A,2018-08-22,9.1184
EXR.D.HKD.EUR.SP00.A,D,HKD,EUR,SP00,A,2018-08-23,9.0895
EXR.D.HKD.EUR.SP00.A,D,HKD,EUR,SP00,A,2018-08-24,9.0965
EXR.D.HKD.EUR.SP00.A,D,HKD,EUR,SP00,A,2018-08-27,9.1318
EXR.D.HKD.EUR.SP00.A,D,HKD,EUR,SP00,A,2018-08-28,9.1922
EXR.D.HKD.EUR.SP00.A,D,HKD,EUR,SP00,A,2018-08-29,9.1524
EXR.D.HKD.EUR.SP00.A,D,HKD,EUR,SP00,A,2018-08-30,9.1773
EXR.D.HKD.EUR.SP00.A,D,HKD,EUR,SP00,A,2018-08-31,9.1453
EXR.D.HKD.EUR.SP00.A,D,HKD,EUR,SP00,A,2018-09-03,9.1129
EXR.D.HKD.EUR.SP00.A,D,HKD,EUR,SP00,A,2018-09-04,9.0758
EXR.D.HKD.EUR.SP00.A,D,HKD,EUR,SP00,A,2018-09-05,9.0913
EXR.D.HKD.EUR.SP00.A,D,HKD,EUR,SP00,A,2018-09-06,9.1324
EXR.D.HKD.EUR.SP00.A,D,HKD,EUR,SP00,A,2018-09-07,9.1175
EXR.D.HKD.EUR.SP00.A,D,HKD,EUR,SP00,A,2018-09-10,9.0831
EXR.D.HKD.EUR.SP00.A,D,HKD,EUR,SP00,A,2018-09-11,9.085
EXR.D.HKD.EUR.SP00.A,D,HKD,EUR,SP00,A,2018-09-12,9.0934
EXR.D.HKD.EUR.SP00.A,D,HKD,EUR,SP00,A,2018-09-13,9.1204
EXR.D.HKD.EUR.SP00.A,D,HKD,EUR,SP00,A,2018-09-14,9.1725
EXR.D.HKD.EUR.SP00.A,D,HKD,EUR,SP00,A,2018-09-17,9.1579
EXR.D.HKD.EUR.SP00.A,D,HKD,EUR,SP00,A,2018-09-18,9.1755
EXR.D.HKD.EUR.SP00.A,D,HKD,EUR,SP00,A,2018-09-19,9.1515
EXR.D.HKD.EUR.SP00.A,D,HKD,EUR,SP00,A,2018-09-20,9.2313
EXR.D.HKD.EUR.SP00.A,D,HKD,EUR,SP00,A,2018-09-21,9.184
EXR.D.HKD.EUR.SP00.A,D,HKD,EUR,SP00,A,2018-09-24,9.1941
EXR.D.HKD.EUR.SP00.A,D,HKD,EUR,SP00,A,2018-09-25,9.1974
EXR.D.HKD.EUR.SP00.A,D,HKD,EUR,SP00,A,2018-09-26,9.1676
EXR.D.HKD.EUR.SP00.A,D,HKD,EUR,SP00,A,2018-09-27,9.1478
EXR.D.HKD.EUR.SP00.A,D,HKD,EUR,SP00,A,2018-09-28,9.0579
EXR.D.HKD.EUR.SP00.A,D,HKD,EUR,SP00,A,2018-10-01,9.0848
EXR.D.HKD.EUR.SP00.A,D,HKD,EUR,SP00,A,2018-10-02,9.0442
EXR.D.HKD.EUR.SP00.A,D,HKD,EUR,SP00,A,2018-10-03,9.0498
EXR.D.HKD.EUR.SP00.A,D,HKD,EUR,SP00,A,2018-10-04,9.0114
EXR.D.HKD.EUR.SP00.A,D,HKD,EUR,SP00,A,2018-10-05,9.0137
EXR.D.HKD.EUR.SP00.A,D,HKD,EUR,SP00,A,2018-10-08,8.9874
EXR.D.HKD.EUR.SP00.A,D,HKD,EUR,SP00,A,2018-10-09,8.959
EXR.D.HKD.EUR.SP00.A,D,HKD,EUR,SP00,A,2018-10-10,9.0126
EXR.D.HKD.EUR.SP00.A,D,HKD,EUR,SP00,A,2018-10-11,9.0723
EXR.D.HKD.EUR.SP00.A,D,HKD,EUR,SP00,A,2018-10-12,9.0696
EXR.D.HKD.EUR.SP00.A,D,HKD,EUR,SP00,A,2018-10-15,9.0767
EXR.D.HKD.EUR.SP00.A,D,HKD,EUR,SP00,A,2018-10-16,9.0806
EXR.D.HKD.EUR.SP00.A,D,HKD,EUR,SP00,A,2018-10-17,9.0373
EXR.D.HKD.EUR.SP00.A,D,HKD,EUR,SP00,A,2018-10-18,9.0192
EXR.D.HKD.EUR.SP00.A,D,HKD,EUR,SP00,A,2018-10-19,8.9915
EXR.D.HKD.EUR.SP00.A,D,HKD,EUR,SP00,A,2018-10-22,9.0107
EXR.D.HKD.EUR.SP00.A,D,HKD,EUR,SP00,A,2018-10-23,8.999
EXR.D.HKD.EUR.SP00.A,D,HKD,EUR,SP00,A,2018-10-24,8.9308
EXR.D.HKD.EUR.SP00.A,D,HKD,EUR,SP00,A,2018-10-25,8.9502
EXR.D.HKD.EUR.SP00.A,D,HKD,EUR,SP00,A,2018-10-26,8.895
EXR.D.HKD.EUR.SP00.A,D,HKD,EUR,SP00,A,2018-10-29,8.927
EXR.D.HKD.EUR.SP00.A,D,HKD,EUR,SP00,A,2018-10-30,8.9229
EXR.D.HKD.EUR.SP00.A,D,HKD,EUR,SP00,A,2018-10-31,8.8787
EXR.D.HKD.EUR.SP00.A,D,HKD,EUR,SP00,A,2018-11-01,8.9293
EXR.D.HKD.EUR.SP00.A,D,HKD,EUR,SP00,A,2018-11-02,8.9391
EXR.D.HKD.EUR.SP00.A,D,HKD,EUR,SP00,A,2018-11-05,8.9047
EXR.D.HKD.EUR.SP00.A,D,HKD,EUR,SP00,A,2018-11-06,8.951
EXR.D.HKD.EUR.SP00.A,D,HKD,EUR,SP00,A,2018-11-07,8.9935
EXR.D.HKD.EUR.SP00.A,D,HKD,EUR,SP00,A,2018-11-08,8.9414
EXR.D.HKD.EUR.SP00.A,D,HKD,EUR,SP00,A,2018-11-09,8.8843
EXR.D.HKD.EUR.SP00.A,D,HKD,EUR,SP00,A,2018-11-12,8.8242
EXR.D.HKD.EUR.SP00.A,D,HKD,EUR,SP00,A,2018-11-13,8.8161
EXR.D.HKD.EUR.SP00.A,D,HKD,EUR,SP00,A,2018-11-14,8.8473
EXR.D.HKD.EUR.SP00.A,D,HKD,EUR,SP00,A,2018-11-15,8.8558
EXR.D.HKD.EUR.SP00.A,D,HKD,EUR,SP00,A,2018-11-16,8.8868
EXR.D.HKD.EUR.SP00.A,D,HKD,EUR,SP00,A,2018-11-19,8.9491
EXR.D.HKD.EUR.SP00.A,D,HKD,EUR,SP00,A,2018-11-20,8.9445
EXR.D.HKD.EUR.SP00.A,D,HKD,EUR,SP00,A,2018-11-21,8.9361
EXR.D.HKD.EUR.SP00.A,D,HKD,EUR,SP00,A,2018-11-22,8.9299
EXR.D.HKD.EUR.SP00.A,D,HKD,EUR,SP00,A,2018-11-23,8.8837
EXR.D.HKD.EUR.SP00.A,D,HKD,EUR,SP00,A,2018-11-26,8.8906
EXR.D.HKD.EUR.SP00.A,D,HKD,EUR,SP00,A,2018-11-27,8.8679
EXR.D.HKD.EUR.SP00.A,D,HKD,EUR,SP00,A,2018-11-28,8.8328
EXR.D.HKD.EUR.SP00.A,D,HKD,EUR,SP00,A,2018-11-29,8.9078
EXR.D.HKD.EUR.SP00.A,D,HKD,EUR,SP00,A,2018-11-30,8.8851
EXR.D.HKD.EUR.SP00.A,D,HKD,EUR,SP00,A,2018-12-03,8.8615
EXR.D.HKD.EUR.SP00.A,D,HKD,EUR,SP00,A,2018-12-04,8.9071
EXR.D.HKD.EUR.SP00.A,D,HKD,EUR,SP00,A,2018-12-05,8.8695
EXR.D.HKD.EUR.SP00.A,D,HKD,EUR,SP00,A,2018-12-06,8.8669
EXR.D.HKD.EUR.SP00.A,D,HKD,EUR,SP00,A,2018-12-07,8.8866
EXR.D.HKD.EUR.SP00.A,D,HKD,EUR,SP00,A,2018-12-10,8.9283
EXR.D.HKD.EUR.SP00.A,D,HKD,EUR,SP00,A,2018-12-11,8.8934
EXR.D.HKD.EUR.SP00.A,D,HKD,EUR,SP00,A,2018-12-12,8.8693
EXR.D.HKD.EUR.SP00.A,D,HKD,EUR,SP00,A,2018-12-13,8.8803
EXR.D.HKD.EUR.SP00.A,D,HKD,EUR,SP00,A,2018-12-14,8.8168
EXR.D.HKD.EUR.SP00.A,D,HKD,EUR,SP00,A,2018-12-17,8.8624
EXR.D.HKD.EUR.SP00.A,D,HKD,EUR,SP00,A,2018-12-18,8.8976
EXR.D.HKD.EUR.SP00.A,D,HKD,EUR,SP00,A,2018-12-19,8.9241
EXR.D.HKD.EUR.SP00.A,D,HKD,EUR,SP00,A,2018-12-20,8.9628
EXR.D.HKD.EUR.SP00.A,D,HKD,EUR,SP00,A,2018-12-21,8.9368
EXR.D.HKD.EUR.SP00.A,D,HKD,EUR,SP00,A,2018-12-24,8.9359
EXR.D.HKD.EUR.SP00.A,D,HKD,EUR,SP00,A,2018-12-27,8.9109
EXR.D.HKD.EUR.SP00.A,D,HKD,EUR,SP00,A,2018-12-28,8.9716
EXR.D.HKD.EUR.SP00.A,D,HKD,EUR,SP00,A,2018-12-31,8.9675
EXR.D.HKD.EUR.SP00.A,D,HKD,EUR,SP00,A,2019-01-02,8.9294
EXR.D.HKD.EUR.SP00.A,D,HKD,EUR,SP00,A,2019-01-03,8.8884
EXR.D.HKD.EUR.SP00.A,D,HKD,EUR,SP00,A,2019-01-04,8.9325
EXR.D.HKD.EUR.SP00.A,D,HKD,EUR,SP00,A,2019-01-07,8.9677
EXR.D.HKD.EUR.SP00.A,D,HKD,EUR,SP00,A,2019-01-08,8.9671
EXR.D.HKD.EUR.SP00.A,D,HKD,EUR,SP00,A,2019-01-09,8.9789
EXR.D.HKD.EUR.SP00.A,D,HKD,EUR,SP00,A,2019-01-10,9.0414
EXR.D.HKD.EUR.SP00.A,D,HKD,EUR,SP00,A,2019-01-11,9.0427
EXR.D.HKD.EUR.SP00.A,D,HKD,EUR,SP00,A,2019-01-14,8.9934
EXR.D.HKD.EUR.SP00.A,D,HKD,EUR,SP00,A,2019-01-15,8.9594
EXR.D.HKD.EUR.SP00.A,D,HKD,EUR,SP00,A,2019-01-16,8.9338
EXR.D.HKD.EUR.SP00.A,D,HKD,EUR,SP00,A,2019-01-17,8.9395
EXR.D.HKD.EUR.SP00.A,D,HKD,EUR,SP00,A,2019-01-18,8.9441
EXR.D.HKD.EUR.SP00.A,D,HKD,EUR,SP00,A,2019-01-21,8.9134
EXR.D.HKD.EUR.SP00.A,D,HKD,EUR,SP00,A,2019-01-22,8.909
EXR.D.HKD.EUR.SP00.A,D,HKD,EUR,SP00,A,2019-01-23,8.9183
EXR.D.HKD.EUR.SP00.A,D,HKD,EUR,SP00,A,2019-01-24,8.8988
EXR.D.HKD.EUR.SP00.A,D,HKD,EUR,SP00,A,2019-01-25,8.9021
EXR.D.HKD.EUR.SP00.A,D,HKD,EUR,SP00,A,2019-01-28,8.9586
EXR.D.HKD.EUR.SP00.A,D,HKD,EUR,SP00,A,2019-01-29,8.962
EXR.D.HKD.EUR.SP00.A,D,HKD,EUR,SP00,A,2019-01-30,8.9662
EXR.D.HKD.EUR.SP00.A,D,HKD,EUR,SP00,A,2019-01-31,9.0137
EXR.D.HKD.EUR.SP00.A,D,HKD,EUR,SP00,A,2019-02-01,9.0012
EXR.D.HKD.EUR.SP00.A,D,HKD,EUR,SP00,A,2019-02-04,8.98
EXR.D.HKD.EUR.SP00.A,D,HKD,EUR,SP00,A,2019-02-05,8.9623
EXR.D.HKD.EUR.SP00.A,D,HKD,EUR,SP00,A,2019-02-06,8.9398
EXR.D.HKD.EUR.SP00.A,D,HKD,EUR,SP00,A,2019-02-07,8.9019
EXR.D.HKD.EUR.SP00.A,D,HKD,EUR,SP00,A,2019-02-08,8.902
EXR.D.HKD.EUR.SP00.A,D,HKD,EUR,SP00,A,2019-02-11,8.875
EXR.D.HKD.EUR.SP00.A,D,HKD,EUR,SP00,A,2019-02-12,8.8656
EXR.D.HKD.EUR.SP00.A,D,HKD,EUR,SP00,A,2019-02-13,8.8728
EXR.D.HKD.EUR.SP00.A,D,HKD,EUR,SP00,A,2019-02-14,8.8426
EXR.D.HKD.EUR.SP00.A,D,HKD,EUR,SP00,A,2019-02-15,8.837
EXR.D.HKD.EUR.SP00.A,D,HKD,EUR,SP00,A,2019-02-18,8.8899
EXR.D.HKD.EUR.SP00.A,D,HKD,EUR,SP00,A,2019-02-19,8.8644
EXR.D.HKD.EUR.SP00.A,D,HKD,EUR,SP00,A,2019-02-20,8.9026
EXR.D.HKD.EUR.SP00.A,D,HKD,EUR,SP00,A,2019-02-21,8.9098
EXR.D.HKD.EUR.SP00.A,D,HKD,EUR,SP00,A,2019-02-22,8.8884
EXR.D.HKD.EUR.SP00.A,D,HKD,EUR,SP00,A,2019-02-25,8.9122
EXR.D.HKD.EUR.SP00.A,D,HKD,EUR,SP00,A,2019-02-26,8.9178
EXR.D.HKD.EUR.SP00.A,D,HKD,EUR,SP00,A,2019-02-27,8.9376
EXR.D.HKD.EUR.SP00.A,D,HKD,EUR,SP00,A,2019-02-28,8.9613
EXR.D.HKD.EUR.SP00.A,D,HKD,EUR,SP00,A,2019-03-01,8.9344
EXR.D.HKD.EUR.SP00.A,D,HKD,EUR,SP00,A,2019-03-04,8.8986
EXR.D.HKD.EUR.SP00.A,D,HKD,EUR,SP00,A,2019-03-05,8.8929
EXR.D.HKD.EUR.SP00.A,D,HKD,EUR,SP00,A,2019-03-06,8.8743
EXR.D.HKD.EUR.SP00.A,D,HKD,EUR,SP00,A,2019-03-07,8.8476
EXR.D.HKD.EUR.SP00.A,D,HKD,EUR,SP00,A,2019-03-08,8.8092
EXR.D.HKD.EUR.SP00.A,D,HKD,EUR,SP00,A,2019-03-11,8.8264
EXR.D.HKD.EUR.SP00.A,D,HKD,EUR,SP00,A,2019-03-12,8.8508
EXR.D.HKD.EUR.SP00.A,D,HKD,EUR,SP00,A,2019-03-13,8.8728
EXR.D.HKD.EUR.SP00.A,D,HKD,EUR,SP00,A,2019-03-14,8.8665
EXR.D.HKD.EUR.SP00.A,D,HKD,EUR,SP00,A,2019-03-15,8.8766
EXR.D.HKD.EUR.SP00.A,D,HKD,EUR,SP00,A,2019-03-18,8.9089
EXR.D.HKD.EUR.SP00.A,D,HKD,EUR,SP00,A,2019-03-19,8.9161
EXR.D.HKD.EUR.SP00.A,D,HKD,EUR,SP00,A,2019-03-20,8.9128
EXR.D.HKD.EUR.SP00.A,D,HKD,EUR,SP00,A,2019-03-21,8.9359
EXR.D.HKD.EUR.SP00.A,D,HKD,EUR,SP00,A,2019-03-22,8.8683
EXR.D.HKD.EUR.SP00.A,D,HKD,EUR,SP00,A,2019-03-25,8.8888
EXR.D.HKD.EUR.SP00.A,D,HKD,EUR,SP00,A,2019-03-26,8.8622
EXR.D.HKD.EUR.SP00.A,D,HKD,EUR,SP00,A,2019-03-27,8.8389
EXR.D.HKD.EUR.SP00.A,D,HKD,EUR,SP00,A,2019-03-28,8.8061
EXR.D.HKD.EUR.SP00.A,D,HKD,EUR,SP00,A,2019-03-29,8.8195
EXR.D.HKD.EUR.SP00.A,D,HKD,EUR,SP00,A,2019-04-01,8.8201
EXR.D.HKD.EUR.SP00.A,D,HKD,EUR,SP00,A,2019-04-02,8.7918
EXR.D.HKD.EUR.SP00.A,D,HKD,EUR,SP00,A,2019-04-03,8.8246
EXR.D.HKD.EUR.SP00.A,D,HKD,EUR,SP00,A,2019-04-04,8.8062
EXR.D.HKD.EUR.SP00.A,D,HKD,EUR,SP00,A,2019-04-05,8.8173
EXR.D.HKD.EUR.SP00.A,D,HKD,EUR,SP00,A,2019-04-08,8.8247
EXR.D.HKD.EUR.SP00.A,D,HKD,EUR,SP00,A,2019-04-09,8.844
EXR.D.HKD.EUR.SP00.A,D,HKD,EUR,SP00,A,2019-04-10,8.8405
EXR.D.HKD.EUR.SP00.A,D,HKD,EUR,SP00,A,2019-04-11,8.8354
EXR.D.HKD.EUR.SP00.A,D,HKD,EUR,SP00,A,2019-04-12,8.8788
EXR.D.HKD.EUR.SP00.A,D,HKD,EUR,SP00,A,2019-04-15,8.8685
EXR.D.HKD.EUR.SP00.A,D,HKD,EUR,SP00,A,2019-04-16,8.8665
EXR.D.HKD.EUR.SP00.A,D,HKD,EUR,SP00,A,2019-04-17,8.8656
EXR.D.HKD.EUR.SP00.A,D,HKD,EUR,SP00,A,2019-04-18,8.8265
EXR.D.HKD.EUR.SP00.A,D,HKD,EUR,SP00,A,2019-04-23,8.8211
EXR.D.HKD.EUR.SP00.A,D,HKD,EUR,SP00,A,2019-04-24,8.791
EXR.D.HKD.EUR.SP00.A,D,HKD,EUR,SP00,A,2019-04-25,8.7243
EXR.D.HKD.EUR.SP00.A,D,HKD,EUR,SP00,A,2019-04-26,8.7337
EXR.D.HKD.EUR.SP00.A,D,HKD,EUR,SP00,A,2019-04-29,8.746
EXR.D.HKD.EUR.SP00.A,D,HKD,EUR,SP00,A,2019-04-30,8.8007
EXR.D.HKD.EUR.SP00.A,D,HKD,EUR,SP00,A,2019-05-02,8.7958
EXR.D.HKD.EUR.SP00.A,D,HKD,EUR,SP00,A,2019-05-03,8.7512
EXR.D.HKD.EUR.SP00.A,D,HKD,EUR,SP00,A,2019-05-06,8.7871
EXR.D.HKD.EUR.SP00.A,D,HKD,EUR,SP00,A,2019-05-07,8.7781
EXR.D.HKD.EUR.SP00.A,D,HKD,EUR,SP00,A,2019-05-08,8.7922
EXR.D.HKD.EUR.SP00.A,D,HKD,EUR,SP00,A,2019-05-09,8.7844
EXR.D.HKD.EUR.SP00.A,D,HKD,EUR,SP00,A,2019-05-10,8.8135
EXR.D.HKD.EUR.SP00.A,D,HKD,EUR,SP00,A,2019-05-13,8.826
EXR.D.HKD.EUR.SP00.A,D,HKD,EUR,SP00,A,2019-05-14,8.8112
EXR.D.HKD.EUR.SP00.A,D,HKD,EUR,SP00,A,2019-05-15,8.7784
EXR.D.HKD.EUR.SP00.A,D,HKD,EUR,SP00,A,2019-05-16,8.7934
EXR.D.HKD.EUR.SP00.A,D,HKD,EUR,SP00,A,2019-05-17,8.7694
EXR.D.HKD.EUR.SP00.A,D,HKD,EUR,SP00,A,2019-05-20,8.7656
EXR.D.HKD.EUR.SP00.A,D,HKD,EUR,SP00,A,2019-05-21,8.7609
EXR.D.HKD.EUR.SP00.A,D,HKD,EUR,SP00,A,2019-05-22,8.7692
EXR.D.HKD.EUR.SP00.A,D,HKD,EUR,SP00,A,2019-05-23,8.7424
EXR.D.HKD.EUR.SP00.A,D,HKD,EUR,SP00,A,2019-05-24,8.7806
EXR.D.HKD.EUR.SP00.A,D,HKD,EUR,SP00,A,2019-05-27,8.7899
EXR.D.HKD.EUR.SP00.A,D,HKD,EUR,SP00,A,2019-05-28,8.7839
EXR.D.HKD.EUR.SP00.A,D,HKD,EUR,SP00,A,2019-05-29,8.757
EXR.D.HKD.EUR.SP00.A,D,HKD,EUR,SP00,A,2019-05-30,8.7386
EXR.D.HKD.EUR.SP00.A,D,HKD,EUR,SP00,A,2019-05-31,8.7457
EXR.D.HKD.EUR.SP00.A,D,HKD,EUR,SP00,A,2019-06-03,8.7645
EXR.D.HKD.EUR.SP00.A,D,HKD,EUR,SP00,A,2019-06-04,8.8143
EXR.D.HKD.EUR.SP00.A,D,HKD,EUR,SP00,A,2019-06-05,8.8257
EXR.D.HKD.EUR.SP00.A,D,HKD,EUR,SP00,A,2019-06-06,8.8333
EXR.D.HKD.EUR.SP00.A,D,HKD,EUR,SP00,A,2019-06-07,8.8396
EXR.D.HKD.EUR.SP00.A,D,HKD,EUR,SP00,A,2019-06-10,8.8634
EXR.D.HKD.EUR.SP00.A,D,HKD,EUR,SP00,A,2019-06-11,8.87
EXR.D.HKD.EUR.SP00.A,D,HKD,EUR,SP00,A,2019-06-12,8.857
EXR.D.HKD.EUR.SP00.A,D,HKD,EUR,SP00,A,2019-06-13,8.8375
EXR.D.HKD.EUR.SP00.A,D,HKD,EUR,SP00,A,2019-06-14,8.817
EXR.D.HKD.EUR.SP00.A,D,HKD,EUR,SP00,A,2019-06-17,8.7963
EXR.D.HKD.EUR.SP00.A,D,HKD,EUR,SP00,A,2019-06-18,8.7643
EXR.D.HKD.EUR.SP00.A,D,HKD,EUR,SP00,A,2019-06-19,8.7683
EXR.D.HKD.EUR.SP00.A,D,HKD,EUR,SP00,A,2019-06-20,8.8379
EXR.D.HKD.EUR.SP00.A,D,HKD,EUR,SP00,A,2019-06-21,8.8424
EXR.D.HKD.EUR.SP00.A,D,HKD,EUR,SP00,A,2019-06-24,8.9
EXR.D.HKD.EUR.SP00.A,D,HKD,EUR,SP00,A,2019-06-25,8.8915
EXR.D.HKD.EUR.SP00.A,D,HKD,EUR,SP00,A,2019-06-26,8.8724
EXR.D.HKD.EUR.SP00.A,D,HKD,EUR,SP00,A,2019-06-27,8.8836
EXR.D.HKD.EUR.SP00.A,D,HKD,EUR,SP00,A,2019-06-28,8.8866
EXR.D.HKD.EUR.SP00.A,D,HKD,EUR,SP00,A,2019-07-01,8.8639
EXR.D.HKD.EUR.SP00.A,D,HKD,EUR,SP00,A,2019-07-02,8.8194
EXR.D.HKD.EUR.SP00.A,D,HKD,EUR,SP00,A,2019-07-03,8.8054
EXR.D.HKD.EUR.SP00.A,D,HKD,EUR,SP00,A,2019-07-04,8.7899
EXR.D.HKD.EUR.SP00.A,D,HKD,EUR,SP00,A,2019-07-05,8.7758
EXR.D.HKD.EUR.SP00.A,D,HKD,EUR,SP00,A,2019-07-08,8.7482
EXR.D.HKD.EUR.SP00.A,D,HKD,EUR,SP00,A,2019-07-09,8.7508
EXR.D.HKD.EUR.SP00.A,D,HKD,EUR,SP00,A,2019-07-10,8.7692
EXR.D.HKD.EUR.SP00.A,D,HKD,EUR,SP00,A,2019-07-11,8.8264
EXR.D.HKD.EUR.SP00.A,D,HKD,EUR,SP00,A,2019-07-12,8.8033
EXR.D.HKD.EUR.SP00.A,D,HKD,EUR,SP00,A,2019-07-15,8.8201
EXR.D.HKD.EUR.SP00.A,D,HKD,EUR,SP00,A,2019-07-16,8.7736
EXR.D.HKD.EUR.SP00.A,D,HKD,EUR,SP00,A,2019-07-17,8.7636
EXR.D.HKD.EUR.SP00.A,D,HKD,EUR,SP00,A,2019-07-18,8.7654
EXR.D.HKD.EUR.SP00.A,D,HKD,EUR,SP00,A,2019-07-19,8.7621
EXR.D.HKD.EUR.SP00.A,D,HKD,EUR,SP00,A,2019-07-22,8.7585
EXR.D.HKD.EUR.SP00.A,D,HKD,EUR,SP00,A,2019-07-23,8.7266
EXR.D.HKD.EUR.SP00.A,D,HKD,EUR,SP00,A,2019-07-24,8.7038
EXR.D.HKD.EUR.SP00.A,D,HKD,EUR,SP00,A,2019-07-25,8.6851
EXR.D.HKD.EUR.SP00.A,D,HKD,EUR,SP00,A,2019-07-26,8.7078
EXR.D.HKD.EUR.SP00.A,D,HKD,EUR,SP00,A,2019-07-29,8.6937
EXR.D.HKD.EUR.SP00.A,D,HKD,EUR,SP00,A,2019-07-30,8.7259
EXR.D.HKD.EUR.SP00.A,D,HKD,EUR,SP00,A,2019-07-31,8.7289
EXR.D.HKD.EUR.SP00.A,D,HKD,EUR,SP00,A,2019-08-01,8.6367
EXR.D.HKD.EUR.SP00.A,D,HKD,EUR,SP00,A,2019-08-02,8.6924
EXR.D.HKD.EUR.SP00.A,D,HKD,EUR,SP00,A,2019-08-05,8.7638
EXR.D.HKD.EUR.SP00.A,D,HKD,EUR,SP00,A,2019-08-06,8.767
EXR.D.HKD.EUR.SP00.A,D,HKD,EUR,SP00,A,2019-08-07,8.7834
EXR.D.HKD.EUR.SP00.A,D,HKD,EUR,SP00,A,2019-08-08,8.7774
EXR.D.HKD.EUR.SP00.A,D,HKD,EUR,SP00,A,2019-08-09,8.779
EXR.D.HKD.EUR.SP00.A,D,HKD,EUR,SP00,A,2019-08-12,8.7825
EXR.D.HKD.EUR.SP00.A,D,HKD,EUR,SP00,A,2019-08-13,8.8057
EXR.D.HKD.EUR.SP00.A,D,HKD,EUR,SP00,A,2019-08-14,8.7774
EXR.D.HKD.EUR.SP00.A,D,HKD,EUR,SP00,A,2019-08-15,8.744
EXR.D.HKD.EUR.SP00.A,D,HKD,EUR,SP00,A,2019-08-16,8.6863
EXR.D.HKD.EUR.SP00.A,D,HKD,EUR,SP00,A,2019-08-19,8.7095
EXR.D.HKD.EUR.SP00.A,D,HKD,EUR,SP00,A,2019-08-20,8.6868
EXR.D.HKD.EUR.SP00.A,D,HKD,EUR,SP00,A,2019-08-21,8.7072
EXR.D.HKD.EUR.SP00.A,D,HKD,EUR,SP00,A,2019-08-22,8.6889
EXR.D.HKD.EUR.SP00.A,D,HKD,EUR,SP00,A,2019-08-23,8.6776
EXR.D.HKD.EUR.SP00.A,D,HKD,EUR,SP00,A,2019-08-26,8.7195
EXR.D.HKD.EUR.SP00.A,D,HKD,EUR,SP00,A,2019-08-27,8.711
EXR.D.HKD.EUR.SP00.A,D,HKD,EUR,SP00,A,2019-08-28,8.6959
EXR.D.HKD.EUR.SP00.A,D,HKD,EUR,SP00,A,2019-08-29,8.6876
EXR.D.HKD.EUR.SP00.A,D,HKD,EUR,SP00,A,2019-08-30,8.6549
EXR.D.HKD.EUR.SP00.A,D,HKD,EUR,SP00,A,2019-09-02,8.6021
EXR.D.HKD.EUR.SP00.A,D,HKD,EUR,SP00,A,2019-09-03,8.5788
EXR.D.HKD.EUR.SP00.A,D,HKD,EUR,SP00,A,2019-09-04,8.6389
EXR.D.HKD.EUR.SP00.A,D,HKD,EUR,SP00,A,2019-09-05,8.6686
EXR.D.HKD.EUR.SP00.A,D,HKD,EUR,SP00,A,2019-09-06,8.6446
EXR.D.HKD.EUR.SP00.A,D,HKD,EUR,SP00,A,2019-09-09,8.6503
EXR.D.HKD.EUR.SP00.A,D,HKD,EUR,SP00,A,2019-09-10,8.6559
EXR.D.HKD.EUR.SP00.A,D,HKD,EUR,SP00,A,2019-09-11,8.6261
EXR.D.HKD.EUR.SP00.A,D,HKD,EUR,SP00,A,2019-09-12,8.5826
EXR.D.HKD.EUR.SP00.A,D,HKD,EUR,SP00,A,2019-09-13,8.6832
EXR.D.HKD.EUR.SP00.A,D,HKD,EUR,SP00,A,2019-09-16,8.6266
EXR.D.HKD.EUR.SP00.A,D,HKD,EUR,SP00,A,2019-09-17,8.6266
EXR.D.HKD.EUR.SP00.A,D,HKD,EUR,SP00,A,2019-09-18,8.6533
EXR.D.HKD.EUR.SP00.A,D,HKD,EUR,SP00,A,2019-09-19,8.6649
EXR.D.HKD.EUR.SP00.A,D,HKD,EUR,SP00,A,2019-09-20,8.6413
EXR.D.HKD.EUR.SP00.A,D,HKD,EUR,SP00,A,2019-09-23,8.6116
EXR.D.HKD.EUR.SP00.A,D,HKD,EUR,SP00,A,2019-09-24,8.6265
EXR.D.HKD.EUR.SP00.A,D,HKD,EUR,SP00,A,2019-09-25,8.6059
EXR.D.HKD.EUR.SP00.A,D,HKD,EUR,SP00,A,2019-09-26,8.5739
EXR.D.HKD.EUR.SP00.A,D,HKD,EUR,SP00,A,2019-09-27,8.5727
EXR.D.HKD.EUR.SP00.A,D,HKD,EUR,SP00,A,2019-09-30,8.5368
EXR.D.HKD.EUR.SP00.A,D,HKD,EUR,SP00,A,2019-10-01,8.5449
EXR.D.HKD.EUR.SP00.A,D,HKD,EUR,SP00,A,2019-10-02,8.5666
EXR.D.HKD.EUR.SP00.A,D,HKD,EUR,SP00,A,2019-10-03,8.5882
EXR.D.HKD.EUR.SP00.A,D,HKD,EUR,SP00,A,2019-10-04,8.6099
EXR.D.HKD.EUR.SP00.A,D,HKD,EUR,SP00,A,2019-10-07,8.6237
EXR.D.HKD.EUR.SP00.A,D,HKD,EUR,SP00,A,2019-10-08,8.6178
EXR.D.HKD.EUR.SP00.A,D,HKD,EUR,SP00,A,2019-10-09,8.6143
EXR.D.HKD.EUR.SP00.A,D,HKD,EUR,SP00,A,2019-10-10,8.6522
EXR.D.HKD.EUR.SP00.A,D,HKD,EUR,SP00,A,2019-10-11,8.6614
EXR.D.HKD.EUR.SP00.A,D,HKD,EUR,SP00,A,2019-10-14,8.6529
EXR.D.HKD.EUR.SP00.A,D,HKD,EUR,SP00,A,2019-10-15,8.6351
EXR.D.HKD.EUR.SP00.A,D,HKD,EUR,SP00,A,2019-10-16,8.65
EXR.D.HKD.EUR.SP00.A,D,HKD,EUR,SP00,A,2019-10-17,8.7171
EXR.D.HKD.EUR.SP00.A,D,HKD,EUR,SP00,A,2019-10-18,8.7396
EXR.D.HKD.EUR.SP00.A,D,HKD,EUR,SP00,A,2019-10-21,8.7635
EXR.D.HKD.EUR.SP00.A,D,HKD,EUR,SP00,A,2019-10-22,8.7295
EXR.D.HKD.EUR.SP00.A,D,HKD,EUR,SP00,A,2019-10-23,8.7235
EXR.D.HKD.EUR.SP00.A,D,HKD,EUR,SP00,A,2019-10-24,8.7235
EXR.D.HKD.EUR.SP00.A,D,HKD,EUR,SP00,A,2019-10-25,8.7048
EXR.D.HKD.EUR.SP00.A,D,HKD,EUR,SP00,A,2019-10-28,8.6923
EXR.D.HKD.EUR.SP00.A,D,HKD,EUR,SP00,A,2019-10-29,8.6994
EXR.D.HKD.EUR.SP00.A,D,HKD,EUR,SP00,A,2019-10-30,8.708
EXR.D.HKD.EUR.SP00.A,D,HKD,EUR,SP00,A,2019-10-31,8.7401
EXR.D.HKD.EUR.SP00.A,D,HKD,EUR,SP00,A,2019-11-01,8.7298
EXR.D.HKD.EUR.SP00.A,D,HKD,EUR,SP00,A,2019-11-04,8.7461
EXR.D.HKD.EUR.SP00.A,D,HKD,EUR,SP00,A,2019-11-05,8.704
EXR.D.HKD.EUR.SP00.A,D,HKD,EUR,SP00,A,2019-11-06,8.6786
EXR.D.HKD.EUR.SP00.A,D,HKD,EUR,SP00,A,2019-11-07,8.6689
EXR.D.HKD.EUR.SP00.A,D,HKD,EUR,SP00,A,2019-11-08,8.6372
EXR.D.HKD.EUR.SP00.A,D,HKD,EUR,SP00,A,2019-11-11,8.6422
EXR.D.HKD.EUR.SP00.A,D,HKD,EUR,SP00,A,2019-11-12,8.6202
EXR.D.HKD.EUR.SP00.A,D,HKD,EUR,SP00,A,2019-11-13,8.6204
EXR.D.HKD.EUR.SP00.A,D,HKD,EUR,SP00,A,2019-11-14,8.6098
EXR.D.HKD.EUR.SP00.A,D,HKD,EUR,SP00,A,2019-11-15,8.6361
EXR.D.HKD.EUR.SP00.A,D,HKD,EUR,SP00,A,2019-11-18,8.6593
EXR.D.HKD.EUR.SP00.A,D,HKD,EUR,SP00,A,2019-11-19,8.6709
EXR.D.HKD.EUR.SP00.A,D,HKD,EUR,SP00,A,2019-11-20,8.6549
EXR.D.HKD.EUR.SP00.A,D,HKD,EUR,SP00,A,2019-11-21,8.6739
EXR.D.HKD.EUR.SP00.A,D,HKD,EUR,SP00,A,2019-11-22,8.6525
EXR.D.HKD.EUR.SP00.A,D,HKD,EUR,SP00,A,2019-11-25,8.6164
EXR.D.HKD.EUR.SP00.A,D,HKD,EUR,SP00,A,2019-11-26,8.6256
EXR.D.HKD.EUR.SP00.A,D,HKD,EUR,SP00,A,2019-11-27,8.6176
EXR.D.HKD.EUR.SP00.A,D,HKD,EUR,SP00,A,2019-11-28,8.6136
EXR.D.HKD.EUR.SP00.A,D,HKD,EUR,SP00,A,2019-11-29,8.5954
EXR.D.HKD.EUR.SP00.A,D,HKD,EUR,SP00,A,2019-12-02,8.6297
EXR.D.HKD.EUR.SP00.A,D,HKD,EUR,SP00,A,2019-12-03,8.6675
EXR.D.HKD.EUR.SP00.A,D,HKD,EUR,SP00,A,2019-12-04,8.6753
EXR.D.HKD.EUR.SP00.A,D,HKD,EUR,SP00,A,2019-12-05,8.6853
EXR.D.HKD.EUR.SP00.A,D,HKD,EUR,SP00,A,2019-12-06,8.6852
EXR.D.HKD.EUR.SP00.A,D,HKD,EUR,SP00,A,2019-12-09,8.6692
EXR.D.HKD.EUR.SP00.A,D,HKD,EUR,SP00,A,2019-12-10,8.6691
EXR.D.HKD.EUR.SP00.A,D,HKD,EUR,SP00,A,2019-12-11,8.6538
EXR.D.HKD.EUR.SP00.A,D,HKD,EUR,SP00,A,2019-12-12,8.6923
EXR.D.HKD.EUR.SP00.A,D,HKD,EUR,SP00,A,2019-12-13,8.7062
EXR.D.HKD.EUR.SP00.A,D,HKD,EUR,SP00,A,2019-12-16,8.6856
EXR.D.HKD.EUR.SP00.A,D,HKD,EUR,SP00,A,2019-12-17,8.6953
EXR.D.HKD.EUR.SP00.A,D,HKD,EUR,SP00,A,2019-12-18,8.6566
EXR.D.HKD.EUR.SP00.A,D,HKD,EUR,SP00,A,2019-12-19,8.6687
EXR.D.HKD.EUR.SP00.A,D,HKD,EUR,SP00,A,2019-12-20,8.6511
EXR.D.HKD.EUR.SP00.A,D,HKD,EUR,SP00,A,2019-12-23,8.6232
EXR.D.HKD.EUR.SP00.A,D,HKD,EUR,SP00,A,2019-12-24,8.629
EXR.D.HKD.EUR.SP00.A,D,HKD,EUR,SP00,A,2019-12-27,8.6845
EXR.D.HKD.EUR.SP00.A,D,HKD,EUR,SP00,A,2019-12-30,8.7133
EXR.D.HKD.EUR.SP00.A,D,HKD,EUR,SP00,A,2019-12-31,8.7473
EXR.D.HKD.EUR.SP00.A,D,HKD,EUR,SP00,A,2020-01-02,8.7203
EXR.D.HKD.EUR.SP00.A,D,HKD,EUR,SP00,A,2020-01-03,8.6713
EXR.D.HKD.EUR.SP00.A,D,HKD,EUR,SP00,A,2020-01-06,8.6978
EXR.D.HKD.EUR.SP00.A,D,HKD,EUR,SP00,A,2020-01-07,8.6836
EXR.D.HKD.EUR.SP00.A,D,HKD,EUR,SP00,A,2020-01-08,8.6424
EXR.D.HKD.EUR.SP00.A,D,HKD,EUR,SP00,A,2020-01-09,8.6317
EXR.D.HKD.EUR.SP00.A,D,HKD,EUR,SP00,A,2020-01-10,8.6137
EXR.D.HKD.EUR.SP00.A,D,HKD,EUR,SP00,A,2020-01-13,8.6504
EXR.D.HKD.EUR.SP00.A,D,HKD,EUR,SP00,A,2020-01-14,8.6447
EXR.D.HKD.EUR.SP00.A,D,HKD,EUR,SP00,A,2020-01-15,8.6591
EXR.D.HKD.EUR.SP00.A,D,HKD,EUR,SP00,A,2020-01-16,8.6812
EXR.D.HKD.EUR.SP00.A,D,HKD,EUR,SP00,A,2020-01-17,8.6292
EXR.D.HKD.EUR.SP00.A,D,HKD,EUR,SP00,A,2020-01-20,8.6112
EXR.D.HKD.EUR.SP00.A,D,HKD,EUR,SP00,A,2020-01-21,8.6362
EXR.D.HKD.EUR.SP00.A,D,HKD,EUR,SP00,A,2020-01-22,8.617
EXR.D.HKD.EUR.SP00.A,D,HKD,EUR,SP00,A,2020-01-23,8.6201
EXR.D.HKD.EUR.SP00.A,D,HKD,EUR,SP00,A,2020-01-24,8.577
EXR.D.HKD.EUR.SP00.A,D,HKD,EUR,SP00,A,2020-01-27,8.5745
EXR.D.HKD.EUR.SP00.A,D,HKD,EUR,SP00,A,2020-01-28,8.5578
EXR.D.HKD.EUR.SP00.A,D,HKD,EUR,SP00,A,2020-01-29,8.5503
EXR.D.HKD.EUR.SP00.A,D,HKD,EUR,SP00,A,2020-01-30,8.5678
EXR.D.HKD.EUR.SP00.A,D,HKD,EUR,SP00,A,2020-01-31,8.5843
EXR.D.HKD.EUR.SP00.A,D,HKD,EUR,SP00,A,2020-02-03,8.5935
EXR.D.HKD.EUR.SP00.A,D,HKD,EUR,SP00,A,2020-02-04,8.5805
EXR.D.HKD.EUR.SP00.A,D,HKD,EUR,SP00,A,2020-02-05,8.5572
EXR.D.HKD.EUR.SP00.A,D,HKD,EUR,SP00,A,2020-02-06,8.542
EXR.D.HKD.EUR.SP00.A,D,HKD,EUR,SP00,A,2020-02-07,8.5168
EXR.D.HKD.EUR.SP00.A,D,HKD,EUR,SP00,A,2020-02-10,8.5039
EXR.D.HKD.EUR.SP00.A,D,HKD,EUR,SP00,A,2020-02-11,8.4658
EXR.D.HKD.EUR.SP00.A,D,HKD,EUR,SP00,A,2020-02-12,8.4788
EXR.D.HKD.EUR.SP00.A,D,HKD,EUR,SP00,A,2020-02-13,8.4398
EXR.D.HKD.EUR.SP00.A,D,HKD,EUR,SP00,A,2020-02-14,8.4214
EXR.D.HKD.EUR.SP00.A,D,HKD,EUR,SP00,A,2020-02-17,8.416
EXR.D.HKD.EUR.SP00.A,D,HKD,EUR,SP00,A,2020-02-18,8.4024
EXR.D.HKD.EUR.SP00.A,D,HKD,EUR,SP00,A,2020-02-19,8.3925
EXR.D.HKD.EUR.SP00.A,D,HKD,EUR,SP00,A,2020-02-20,8.396
EXR.D.HKD.EUR.SP00.A,D,HKD,EUR,SP00,A,2020-02-21,8.4117
EXR.D.HKD.EUR.SP00.A,D,HKD,EUR,SP00,A,2020-02-24,8.4324
EXR.D.HKD.EUR.SP00.A,D,HKD,EUR,SP00,A,2020-02-25,8.4445
EXR.D.HKD.EUR.SP00.A,D,HKD,EUR,SP00,A,2020-02-26,8.4742
EXR.D.HKD.EUR.SP00.A,D,HKD,EUR,SP00,A,2020-02-27,8.5456
EXR.D.HKD.EUR.SP00.A,D,HKD,EUR,SP00,A,2020-02-28,8.555
EXR.D.HKD.EUR.SP00.A,D,HKD,EUR,SP00,A,2020-03-02,8.6525
EXR.D.HKD.EUR.SP00.A,D,HKD,EUR,SP00,A,2020-03-03,8.6471
EXR.D.HKD.EUR.SP00.A,D,HKD,EUR,SP00,A,2020-03-04,8.6437
EXR.D.HKD.EUR.SP00.A,D,HKD,EUR,SP00,A,2020-03-05,8.6936
EXR.D.HKD.EUR.SP00.A,D,HKD,EUR,SP00,A,2020-03-06,8.8089
EXR.D.HKD.EUR.SP00.A,D,HKD,EUR,SP00,A,2020-03-09,8.9041
EXR.D.HKD.EUR.SP00.A,D,HKD,EUR,SP00,A,2020-03-10,8.8496
EXR.D.HKD.EUR.SP00.A,D,HKD,EUR,SP00,A,2020-03-11,8.8071
EXR.D.HKD.EUR.SP00.A,D,HKD,EUR,SP00,A,2020-03-12,8.7466
EXR.D.HKD.EUR.SP00.A,D,HKD,EUR,SP00,A,2020-03-13,8.6255
EXR.D.HKD.EUR.SP00.A,D,HKD,EUR,SP00,A,2020-03-16,8.6682
EXR.D.HKD.EUR.SP00.A,D,HKD,EUR,SP00,A,2020-03-17,8.5274
EXR.D.HKD.EUR.SP00.A,D,HKD,EUR,SP00,A,2020-03-18,8.4917
EXR.D.HKD.EUR.SP00.A,D,HKD,EUR,SP00,A,2020-03-19,8.3849
EXR.D.HKD.EUR.SP00.A,D,HKD,EUR,SP00,A,2020-03-20,8.3056
EXR.D.HKD.EUR.SP00.A,D,HKD,EUR,SP00,A,2020-03-23,8.3631
EXR.D.HKD.EUR.SP00.A,D,HKD,EUR,SP00,A,2020-03-24,8.4088
EXR.D.HKD.EUR.SP00.A,D,HKD,EUR,SP00,A,2020-03-25,8.3941
EXR.D.HKD.EUR.SP00.A,D,HKD,EUR,SP00,A,2020-03-26,8.5136
EXR.D.HKD.EUR.SP00.A,D,HKD,EUR,SP00,A,2020-03-27,8.5095
EXR.D.HKD.EUR.SP00.A,D,HKD,EUR,SP00,A,2020-03-30,8.5559
EXR.D.HKD.EUR.SP00.A,D,HKD,EUR,SP00,A,2020-03-31,8.4945
EXR.D.HKD.EUR.SP00.A,D,HKD,EUR,SP00,A,2020-04-01,8.4781
EXR.D.HKD.EUR.SP00.A,D,HKD,EUR,SP00,A,2020-04-02,8.4545
EXR.D.HKD.EUR.SP00.A,D,HKD,EUR,SP00,A,2020-04-03,8.3625
EXR.D.HKD.EUR.SP00.A,D,HKD,EUR,SP00,A,2020-04-06,8.3651
EXR.D.HKD.EUR.SP00.A,D,HKD,EUR,SP00,A,2020-04-07,8.4381
EXR.D.HKD.EUR.SP00.A,D,HKD,EUR,SP00,A,2020-04-08,8.4277
EXR.D.HKD.EUR.SP00.A,D,HKD,EUR,SP00,A,2020-04-09,8.4259
EXR.D.HKD.EUR.SP00.A,D,HKD,EUR,SP00,A,2020-04-14,8.4975
EXR.D.HKD.EUR.SP00.A,D,HKD,EUR,SP00,A,2020-04-15,8.4513
EXR.D.HKD.EUR.SP00.A,D,HKD,EUR,SP00,A,2020-04-16,8.4391
EXR.D.HKD.EUR.SP00.A,D,HKD,EUR,SP00,A,2020-04-17,8.4171
EXR.D.HKD.EUR.SP00.A,D,HKD,EUR,SP00,A,2020-04-20,8.4168
EXR.D.HKD.EUR.SP00.A,D,HKD,EUR,SP00,A,2020-04-21,8.3987
EXR.D.HKD.EUR.SP00.A,D,HKD,EUR,SP00,A,2020-04-22,8.422
EXR.D.HKD.EUR.SP00.A,D,HKD,EUR,SP00,A,2020-04-23,8.3489
EXR.D.HKD.EUR.SP00.A,D,HKD,EUR,SP00,A,2020-04-24,8.3706
EXR.D.HKD.EUR.SP00.A,D,HKD,EUR,SP00,A,2020-04-27,8.4104
EXR.D.HKD.EUR.SP00.A,D,HKD,EUR,SP00,A,2020-04-28,8.4301
EXR.D.HKD.EUR.SP00.A,D,HKD,EUR,SP00,A,2020-04-29,8.4029
EXR.D.HKD.EUR.SP00.A,D,HKD,EUR,SP00,A,2020-04-30,8.43
EXR.D.HKD.EUR.SP00.A,D,HKD,EUR,SP00,A,2020-05-04,8.4838
EXR.D.HKD.EUR.SP00.A,D,HKD,EUR,SP00,A,2020-05-05,8.4057
EXR.D.HKD.EUR.SP00.A,D,HKD,EUR,SP00,A,2020-05-06,8.3763
EXR.D.HKD.EUR.SP00.A,D,HKD,EUR,SP00,A,2020-05-07,8.358
EXR.D.HKD.EUR.SP00.A,D,HKD,EUR,SP00,A,2020-05-08,8.4052
EXR.D.HKD.EUR.SP00.A,D,HKD,EUR,SP00,A,2020-05-11,8.3893
EXR.D.HKD.EUR.SP00.A,D,HKD,EUR,SP00,A,2020-05-12,8.4154
EXR.D.HKD.EUR.SP00.A,D,HKD,EUR,SP00,A,2020-05-13,8.4286
EXR.D.HKD.EUR.SP00.A,D,HKD,EUR,SP00,A,2020-05-14,8.3647
EXR.D.HKD.EUR.SP00.A,D,HKD,EUR,SP00,A,2020-05-15,8.3693
EXR.D.HKD.EUR.SP00.A,D,HKD,EUR,SP00,A,2020-05-18,8.3964
EXR.D.HKD.EUR.SP00.A,D,HKD,EUR,SP00,A,2020-05-19,8.487
EXR.D.HKD.EUR.SP00.A,D,HKD,EUR,SP00,A,2020-05-20,8.4926
EXR.D.HKD.EUR.SP00.A,D,HKD,EUR,SP00,A,2020-05-21,8.5298
EXR.D.HKD.EUR.SP00.A,D,HKD,EUR,SP00,A,2020-05-22,8.4571
EXR.D.HKD.EUR.SP00.A,D,HKD,EUR,SP00,A,2020-05-25,8.4599
EXR.D.HKD.EUR.SP00.A,D,HKD,EUR,SP00,A,2020-05-26,8.5078
EXR.D.HKD.EUR.SP00.A,D,HKD,EUR,SP00,A,2020-05-27,8.5204
EXR.D.HKD.EUR.SP00.A,D,HKD,EUR,SP00,A,2020-05-28,8.5407
EXR.D.HKD.EUR.SP00.A,D,HKD,EUR,SP00,A,2020-05-29,8.6347
EXR.D.HKD.EUR.SP00.A,D,HKD,EUR,SP00,A,2020-06-01,8.6165
EXR.D.HKD.EUR.SP00.A,D,HKD,EUR,SP00,A,2020-06-02,8.6609
EXR.D.HKD.EUR.SP00.A,D,HKD,EUR,SP00,A,2020-06-03,8.6757
EXR.D.HKD.EUR.SP00.A,D,HKD,EUR,SP00,A,2020-06-04,8.7189
EXR.D.HKD.EUR.SP00.A,D,HKD,EUR,SP00,A,2020-06-05,8.7809
EXR.D.HKD.EUR.SP00.A,D,HKD,EUR,SP00,A,2020-06-08,8.746
EXR.D.HKD.EUR.SP00.A,D,HKD,EUR,SP00,A,2020-06-09,8.753
EXR.D.HKD.EUR.SP00.A,D,HKD,EUR,SP00,A,2020-06-10,8.8157
EXR.D.HKD.EUR.SP00.A,D,HKD,EUR,SP00,A,2020-06-11,8.795
EXR.D.HKD.EUR.SP00.A,D,HKD,EUR,SP00,A,2020-06-12,8.7607
EXR.D.HKD.EUR.SP00.A,D,HKD,EUR,SP00,A,2020-06-15,8.7211
EXR.D.HKD.EUR.SP00.A,D,HKD,EUR,SP00,A,2020-06-16,8.7634
EXR.D.HKD.EUR.SP00.A,D,HKD,EUR,SP00,A,2020-06-17,8.7049
EXR.D.HKD.EUR.SP00.A,D,HKD,EUR,SP00,A,2020-06-18,8.6972
EXR.D.HKD.EUR.SP00.A,D,HKD,EUR,SP00,A,2020-06-19,8.6889
EXR.D.HKD.EUR.SP00.A,D,HKD,EUR,SP00,A,2020-06-22,8.6902
EXR.D.HKD.EUR.SP00.A,D,HKD,EUR,SP00,A,2020-06-23,8.7716
EXR.D.HKD.EUR.SP00.A,D,HKD,EUR,SP00,A,2020-06-24,8.7421
EXR.D.HKD.EUR.SP00.A,D,HKD,EUR,SP00,A,2020-06-25,8.6805
EXR.D.HKD.EUR.SP00.A,D,HKD,EUR,SP00,A,2020-06-26,8.6904
EXR.D.HKD.EUR.SP00.A,D,HKD,EUR,SP00,A,2020-06-29,8.7456
EXR.D.HKD.EUR.SP00.A,D,HKD,EUR,SP00,A,2020-06-30,8.6788
EXR.D.HKD.EUR.SP00.A,D,HKD,EUR,SP00,A,2020-07-01,8.6808
EXR.D.HKD.EUR.SP00.A,D,HKD,EUR,SP00,A,2020-07-02,8.7469
EXR.D.HKD.EUR.SP00.A,D,HKD,EUR,SP00,A,2020-07-03,8.6987
EXR.D.HKD.EUR.SP00.A,D,HKD,EUR,SP00,A,2020-07-06,8.7769
EXR.D.HKD.EUR.SP00.A,D,HKD,EUR,SP00,A,2020-07-07,8.7499
EXR.D.HKD.EUR.SP00.A,D,HKD,EUR,SP00,A,2020-07-08,8.7468
EXR.D.HKD.EUR.SP00.A,D,HKD,EUR,SP00,A,2020-07-09,8.7901
EXR.D.HKD.EUR.SP00.A,D,HKD,EUR,SP00,A,2020-07-10,8.7396
EXR.D.HKD.EUR.SP00.A,D,HKD,EUR,SP00,A,2020-07-13,8.7809
EXR.D.HKD.EUR.SP00.A,D,HKD,EUR,SP00,A,2020-07-14,8.8171
EXR.D.HKD.EUR.SP00.A,D,HKD,EUR,SP00,A,2020-07-15,8.8718
EXR.D.HKD.EUR.SP00.A,D,HKD,EUR,SP00,A,2020-07-16,8.851
EXR.D.HKD.EUR.SP00.A,D,HKD,EUR,SP00,A,2020-07-17,8.8617
EXR.D.HKD.EUR.SP00.A,D,HKD,EUR,SP00,A,2020-07-20,8.8744
EXR.D.HKD.EUR.SP00.A,D,HKD,EUR,SP00,A,2020-07-21,8.8704
EXR.D.HKD.EUR.SP00.A,D,HKD,EUR,SP00,A,2020-07-22,8.9741
EXR.D.HKD.EUR.SP00.A,D,HKD,EUR,SP00,A,2020-07-23,8.9676
EXR.D.HKD.EUR.SP00.A,D,HKD,EUR,SP00,A,2020-07-24,8.9978
EXR.D.HKD.EUR.SP00.A,D,HKD,EUR,SP00,A,2020-07-27,9.1154
EXR.D.HKD.EUR.SP00.A,D,HKD,EUR,SP00,A,2020-07-28,9.081
EXR.D.HKD.EUR.SP00.A,D,HKD,EUR,SP00,A,2020-07-29,9.0869
EXR.D.HKD.EUR.SP00.A,D,HKD,EUR,SP00,A,2020-07-30,9.1011
EXR.D.HKD.EUR.SP00.A,D,HKD,EUR,SP00,A,2020-07-31,9.1825
EXR.D.HKD.EUR.SP00.A,D,HKD,EUR,SP00,A,2020-08-03,9.0882
EXR.D.HKD.EUR.SP00.A,D,HKD,EUR,SP00,A,2020-08-04,9.1179
EXR.D.HKD.EUR.SP00.A,D,HKD,EUR,SP00,A,2020-08-05,9.1871
EXR.D.HKD.EUR.SP00.A,D,HKD,EUR,SP00,A,2020-08-06,9.1786
EXR.D.HKD.EUR.SP00.A,D,HKD,EUR,SP00,A,2020-08-07,9.1585
EXR.D.HKD.EUR.SP00.A,D,HKD,EUR,SP00,A,2020-08-10,9.1166
EXR.D.HKD.EUR.SP00.A,D,HKD,EUR,SP00,A,2020-08-11,9.132
EXR.D.HKD.EUR.SP00.A,D,HKD,EUR,SP00,A,2020-08-12,9.1236
EXR.D.HKD.EUR.SP00.A,D,HKD,EUR,SP00,A,2020-08-13,9.1709
EXR.D.HKD.EUR.SP00.A,D,HKD,EUR,SP00,A,2020-08-14,9.1555
EXR.D.HKD.EUR.SP00.A,D,HKD,EUR,SP00,A,2020-08-17,9.1864
EXR.D.HKD.EUR.SP00.A,D,HKD,EUR,SP00,A,2020-08-18,9.2274
EXR.D.HKD.EUR.SP00.A,D,HKD,EUR,SP00,A,2020-08-19,9.2483
EXR.D.HKD.EUR.SP00.A,D,HKD,EUR,SP00,A,2020-08-20,9.184
EXR.D.HKD.EUR.SP00.A,D,HKD,EUR,SP00,A,2020-08-21,9.1212
EXR.D.HKD.EUR.SP00.A,D,HKD,EUR,SP00,A,2020-08-24,9.1817
EXR.D.HKD.EUR.SP00.A,D,HKD,EUR,SP00,A,2020-08-25,9.1563
EXR.D.HKD.EUR.SP00.A,D,HKD,EUR,SP00,A,2020-08-26,9.1368
EXR.D.HKD.EUR.SP00.A,D,HKD,EUR,SP00,A,2020-08-27,9.1497
EXR.D.HKD.EUR.SP00.A,D,HKD,EUR,SP00,A,2020-08-28,9.2345
EXR.D.HKD.EUR.SP00.A,D,HKD,EUR,SP00,A,2020-08-31,9.2536
EXR.D.HKD.EUR.SP00.A,D,HKD,EUR,SP00,A,2020-09-01,9.29
EXR.D.HKD.EUR.SP00.A,D,HKD,EUR,SP00,A,2020-09-02,9.1925
EXR.D.HKD.EUR.SP00.A,D,HKD,EUR,SP00,A,2020-09-03,9.1555
EXR.D.HKD.EUR.SP00.A,D,HKD,EUR,SP00,A,2020-09-04,9.178
EXR.D.HKD.EUR.SP00.A,D,HKD,EUR,SP00,A,2020-09-07,9.1641
EXR.D.HKD.EUR.SP00.A,D,HKD,EUR,SP00,A,2020-09-08,9.1338
EXR.D.HKD.EUR.SP00.A,D,HKD,EUR,SP00,A,2020-09-09,9.1246
EXR.D.HKD.EUR.SP00.A,D,HKD,EUR,SP00,A,2020-09-10,9.1834
EXR.D.HKD.EUR.SP00.A,D,HKD,EUR,SP00,A,2020-09-11,9.1871
EXR.D.HKD.EUR.SP00.A,D,HKD,EUR,SP00,A,2020-09-14,9.2041
EXR.D.HKD.EUR.SP00.A,D,HKD,EUR,SP00,A,2020-09-15,9.2164
EXR.D.HKD.EUR.SP00.A,D,HKD,EUR,SP00,A,2020-09-16,9.1985
EXR.D.HKD.EUR.SP00.A,D,HKD,EUR,SP00,A,2020-09-17,9.1428
EXR.D.HKD.EUR.SP00.A,D,HKD,EUR,SP00,A,2020-09-18,9.1707
EXR.D.HKD.EUR.SP00.A,D,HKD,EUR,SP00,A,2020-09-21,9.1349
EXR.D.HKD.EUR.SP00.A,D,HKD,EUR,SP00,A,2020-09-22,9.0986
EXR.D.HKD.EUR.SP00.A,D,HKD,EUR,SP00,A,2020-09-23,9.0614
EXR.D.HKD.EUR.SP00.A,D,HKD,EUR,SP00,A,2020-09-24,9.025
EXR.D.HKD.EUR.SP00.A,D,HKD,EUR,SP00,A,2020-09-25,9.0165
EXR.D.HKD.EUR.SP00.A,D,HKD,EUR,SP00,A,2020-09-28,9.0443
EXR.D.HKD.EUR.SP00.A,D,HKD,EUR,SP00,A,2020-09-29,9.0691
EXR.D.HKD.EUR.SP00.A,D,HKD,EUR,SP00,A,2020-09-30,9.0742
EXR.D.HKD.EUR.SP00.A,D,HKD,EUR,SP00,A,2020-10-01,9.1082
EXR.D.HKD.EUR.SP00.A,D,HKD,EUR,SP00,A,2020-10-02,9.091
EXR.D.HKD.EUR.SP00.A,D,HKD,EUR,SP00,A,2020-10-05,9.1203
EXR.D.HKD.EUR.SP00.A,D,HKD,EUR,SP00,A,2020-10-06,9.1412
EXR.D.HKD.EUR.SP00.A,D,HKD,EUR,SP00,A,2020-10-07,9.1219
EXR.D.HKD.EUR.SP00.A,D,HKD,EUR,SP00,A,2020-10-08,9.1181
EXR.D.HKD.EUR.SP00.A,D,HKD,EUR,SP00,A,2020-10-09,9.1412
EXR.D.HKD.EUR.SP00.A,D,HKD,EUR,SP00,A,2020-10-12,9.1443
EXR.D.HKD.EUR.SP00.A,D,HKD,EUR,SP00,A,2020-10-13,9.135
EXR.D.HKD.EUR.SP00.A,D,HKD,EUR,SP00,A,2020-10-14,9.1063
EXR.D.HKD.EUR.SP00.A,D,HKD,EUR,SP00,A,2020-10-15,9.066
EXR.D.HKD.EUR.SP00.A,D,HKD,EUR,SP00,A,2020-10-16,9.0993
EXR.D.HKD.EUR.SP00.A,D,HKD,EUR,SP00,A,2020-10-19,9.1334
EXR.D.HKD.EUR.SP00.A,D,HKD,EUR,SP00,A,2020-10-20,9.1528
EXR.D.HKD.EUR.SP00.A,D,HKD,EUR,SP00,A,2020-10-21,9.1854
EXR.D.HKD.EUR.SP00.A,D,HKD,EUR,SP00,A,2020-10-22,9.1614
EXR.D.HKD.EUR.SP00.A,D,HKD,EUR,SP00,A,2020-10-23,9.1885
EXR.D.HKD.EUR.SP00.A,D,HKD,EUR,SP00,A,2020-10-26,9.1598
EXR.D.HKD.EUR.SP00.A,D,HKD,EUR,SP00,A,2020-10-27,9.1699
EXR.D.HKD.EUR.SP00.A,D,HKD,EUR,SP00,A,2020-10-28,9.0885
EXR.D.HKD.EUR.SP00.A,D,HKD,EUR,SP00,A,2020-10-29,9.0735
EXR.D.HKD.EUR.SP00.A,D,HKD,EUR,SP00,A,2020-10-30,9.0706
EXR.D.HKD.EUR.SP00.A,D,HKD,EUR,SP00,A,2020-11-02,9.0327
EXR.D.HKD.EUR.SP00.A,D,HKD,EUR,SP00,A,2020-11-03,9.0694
EXR.D.HKD.EUR.SP00.A,D,HKD,EUR,SP00,A,2020-11-04,9.0872
EXR.D.HKD.EUR.SP00.A,D,HKD,EUR,SP00,A,2020-11-05,9.1922
EXR.D.HKD.EUR.SP00.A,D,HKD,EUR,SP00,A,2020-11-06,9.203
EXR.D.HKD.EUR.SP00.A,D,HKD,EUR,SP00,A,2020-11-09,9.2128
EXR.D.HKD.EUR.SP00.A,D,HKD,EUR,SP00,A,2020-11-10,9.1568
EXR.D.HKD.EUR.SP00.A,D,HKD,EUR,SP00,A,2020-11-11,9.1241
EXR.D.HKD.EUR.SP00.A,D,HKD,EUR,SP00,A,2020-11-12,9.1429
EXR.D.HKD.EUR.SP00.A,D,HKD,EUR,SP00,A,2020-11-13,9.1608
EXR.D.HKD.EUR.SP00.A,D,HKD,EUR,SP00,A,2020-11-16,9.1725
EXR.D.HKD.EUR.SP00.A,D,HKD,EUR,SP00,A,2020-11-17,9.2119
EXR.D.HKD.EUR.SP00.A,D,HKD,EUR,SP00,A,2020-11-18,9.2005
EXR.D.HKD.EUR.SP00.A,D,HKD,EUR,SP00,A,2020-11-19,9.1737
EXR.D.HKD.EUR.SP00.A,D,HKD,EUR,SP00,A,2020-11-20,9.1972
EXR.D.HKD.EUR.SP00.A,D,HKD,EUR,SP00,A,2020-11-23,9.2257
EXR.D.HKD.EUR.SP00.A,D,HKD,EUR,SP00,A,2020-11-24,9.197
EXR.D.HKD.EUR.SP00.A,D,HKD,EUR,SP00,A,2020-11-25,9.2161
EXR.D.HKD.EUR.SP00.A,D,HKD,EUR,SP00,A,2020-11-26,9.2235
EXR.D.HKD.EUR.SP00.A,D,HKD,EUR,SP00,A,2020-11-27,9.2404
EXR.D.HKD.EUR.SP00.A,D,HKD,EUR,SP00,A,2020-11-30,9.2862
EXR.D.HKD.EUR.SP00.A,D,HKD,EUR,SP00,A,2020-12-01,9.2774
EXR.D.HKD.EUR.SP00.A,D,HKD,EUR,SP00,A,2020-12-02,9.3535
EXR.D.HKD.EUR.SP00.A,D,HKD,EUR,SP00,A,2020-12-03,9.4188
EXR.D.HKD.EUR.SP00.A,D,HKD,EUR,SP00,A,2020-12-04,9.424
EXR.D.HKD.EUR.SP00.A,D,HKD,EUR,SP00,A,2020-12-07,9.3999
EXR.D.HKD.EUR.SP00.A,D,HKD,EUR,SP00,A,2020-12-08,9.3895
EXR.D.HKD.EUR.SP00.A,D,HKD,EUR,SP00,A,2020-12-09,9.3866
EXR.D.HKD.EUR.SP00.A,D,HKD,EUR,SP00,A,2020-12-10,9.3908
EXR.D.HKD.EUR.SP00.A,D,HKD,EUR,SP00,A,2020-12-11,9.3999
EXR.D.HKD.EUR.SP00.A,D,HKD,EUR,SP00,A,2020-12-14,9.4274
EXR.D.HKD.EUR.SP00.A,D,HKD,EUR,SP00,A,2020-12-15,9.411
EXR.D.HKD.EUR.SP00.A,D,HKD,EUR,SP00,A,2020-12-16,9.4489
EXR.D.HKD.EUR.SP00.A,D,HKD,EUR,SP00,A,2020-12-17,9.4939
EXR.D.HKD.EUR.SP00.A,D,HKD,EUR,SP00,A,2020-12-18,9.5039
EXR.D.HKD.EUR.SP00.A,D,HKD,EUR,SP00,A,2020-12-21,9.4378
EXR.D.HKD.EUR.SP00.A,D,HKD,EUR,SP00,A,2020-12-22,9.4885
EXR.D.HKD.EUR.SP00.A,D,HKD,EUR,SP00,A,2020-12-23,9.4321
EXR.D.HKD.EUR.SP00.A,D,HKD,EUR,SP00,A,2020-12-24,9.4532
EXR.D.HKD.EUR.SP00.A,D,HKD,EUR,SP00,A,2020-12-28,9.4731
EXR.D.HKD.EUR.SP00.A,D,HKD,EUR,SP00,A,2020-12-29,9.5043
EXR.D.HKD.EUR.SP00.A,D,HKD,EUR,SP00,A,2020-12-30,9.521
EXR.D.HKD.EUR.SP00.A,D,HKD,EUR,SP00,A,2020-12-31,9.5142
EXR.D.HKD.EUR.SP00.A,D,HKD,EUR,SP00,A,2021-01-04,9.533
EXR.D.HKD.EUR.SP00.A,D,HKD,EUR,SP00,A,2021-01-05,9.5136
EXR.D.HKD.EUR.SP00.A,D,HKD,EUR,SP00,A,2021-01-06,9.5659
EXR.D.HKD.EUR.SP00.A,D,HKD,EUR,SP00,A,2021-01-07,9.5176
EXR.D.HKD.EUR.SP00.A,D,HKD,EUR,SP00,A,2021-01-08,9.4982
EXR.D.HKD.EUR.SP00.A,D,HKD,EUR,SP00,A,2021-01-11,9.433
EXR.D.HKD.EUR.SP00.A,D,HKD,EUR,SP00,A,2021-01-12,9.4314
EXR.D.HKD.EUR.SP00.A,D,HKD,EUR,SP00,A,2021-01-13,9.4336
EXR.D.HKD.EUR.SP00.A,D,HKD,EUR,SP00,A,2021-01-14,9.4005
EXR.D.HKD.EUR.SP00.A,D,HKD,EUR,SP00,A,2021-01-15,9.4005
EXR.D.HKD.EUR.SP00.A,D,HKD,EUR,SP00,A,2021-01-18,9.3538
EXR.D.HKD.EUR.SP00.A,D,HKD,EUR,SP00,A,2021-01-19,9.4052
EXR.D.HKD.EUR.SP00.A,D,HKD,EUR,SP00,A,2021-01-20,9.3804
EXR.D.HKD.EUR.SP00.A,D,HKD,EUR,SP00,A,2021-01-21,9.4245
EXR.D.HKD.EUR.SP00.A,D,HKD,EUR,SP00,A,2021-01-22,9.4255
EXR.D.HKD.EUR.SP00.A,D,HKD,EUR,SP00,A,2021-01-25,9.4199
EXR.D.HKD.EUR.SP00.A,D,HKD,EUR,SP00,A,2021-01-26,9.4132
EXR.D.HKD.EUR.SP00.A,D,HKD,EUR,SP00,A,2021-01-27,9.3911
EXR.D.HKD.EUR.SP00.A,D,HKD,EUR,SP00,A,2021-01-28,9.3742
EXR.D.HKD.EUR.SP00.A,D,HKD,EUR,SP00,A,2021-01-29,9.4093
EXR.D.HKD.EUR.SP00.A,D,HKD,EUR,SP00,A,2021-02-01,9.3687
EXR.D.HKD.EUR.SP00.A,D,HKD,EUR,SP00,A,2021-02-02,9.3361
EXR.D.HKD.EUR.SP00.A,D,HKD,EUR,SP00,A,2021-02-03,9.315
EXR.D.HKD.EUR.SP00.A,D,HKD,EUR,SP00,A,2021-02-04,9.3003
EXR.D.HKD.EUR.SP00.A,D,HKD,EUR,SP00,A,2021-02-05,9.29
EXR.D.HKD.EUR.SP00.A,D,HKD,EUR,SP00,A,2021-02-08,9.3219
EXR.D.HKD.EUR.SP00.A,D,HKD,EUR,SP00,A,2021-02-09,9.3827
EXR.D.HKD.EUR.SP00.A,D,HKD,EUR,SP00,A,2021-02-10,9.4014
EXR.D.HKD.EUR.SP00.A,D,HKD,EUR,SP00,A,2021-02-11,9.4171
EXR.D.HKD.EUR.SP00.A,D,HKD,EUR,SP00,A,2021-02-12,9.3868
EXR.D.HKD.EUR.SP00.A,D,HKD,EUR,SP00,A,2021-02-15,9.4033
EXR.D.HKD.EUR.SP00.A,D,HKD,EUR,SP00,A,2021-02-16,9.4139
EXR.D.HKD.EUR.SP00.A,D,HKD,EUR,SP00,A,2021-02-17,9.3493
EXR.D.HKD.EUR.SP00.A,D,HKD,EUR,SP00,A,2021-02-18,9.3684
EXR.D.HKD.EUR.SP00.A,D,HKD,EUR,SP00,A,2021-02-19,9.4121
EXR.D.HKD.EUR.SP00.A,D,HKD,EUR,SP00,A,2021-02-22,9.407
EXR.D.HKD.EUR.SP00.A,D,HKD,EUR,SP00,A,2021-02-23,9.4153
EXR.D.HKD.EUR.SP00.A,D,HKD,EUR,SP00,A,2021-02-24,9.4189
EXR.D.HKD.EUR.SP00.A,D,HKD,EUR,SP00,A,2021-02-25,9.4793
EXR.D.HKD.EUR.SP00.A,D,HKD,EUR,SP00,A,2021-02-26,9.401
EXR.D.HKD.EUR.SP00.A,D,HKD,EUR,SP00,A,2021-03-01,9.3498
EXR.D.HKD.EUR.SP00.A,D,HKD,EUR,SP00,A,2021-03-02,9.3297
EXR.D.HKD.EUR.SP00.A,D,HKD,EUR,SP00,A,2021-03-03,9.3452
EXR.D.HKD.EUR.SP00.A,D,HKD,EUR,SP00,A,2021-03-04,9.3363
EXR.D.HKD.EUR.SP00.A,D,HKD,EUR,SP00,A,2021-03-05,9.2695
EXR.D.HKD.EUR.SP00.A,D,HKD,EUR,SP00,A,2021-03-08,9.2183
EXR.D.HKD.EUR.SP00.A,D,HKD,EUR,SP00,A,2021-03-09,9.2325
EXR.D.HKD.EUR.SP00.A,D,HKD,EUR,SP00,A,2021-03-10,9.2307
EXR.D.HKD.EUR.SP00.A,D,HKD,EUR,SP00,A,2021-03-11,9.287
EXR.D.HKD.EUR.SP00.A,D,HKD,EUR,SP00,A,2021-03-12,9.2642
EXR.D.HKD.EUR.SP00.A,D,HKD,EUR,SP00,A,2021-03-15,9.2553
EXR.D.HKD.EUR.SP00.A,D,HKD,EUR,SP00,A,2021-03-16,9.2626
EXR.D.HKD.EUR.SP00.A,D,HKD,EUR,SP00,A,2021-03-17,9.2476
EXR.D.HKD.EUR.SP00.A,D,HKD,EUR,SP00,A,2021-03-18,9.2493
EXR.D.HKD.EUR.SP00.A,D,HKD,EUR,SP00,A,2021-03-19,9.2352
EXR.D.HKD.EUR.SP00.A,D,HKD,EUR,SP00,A,2021-03-22,9.2614
EXR.D.HKD.EUR.SP00.A,D,HKD,EUR,SP00,A,2021-03-23,9.229
EXR.D.HKD.EUR.SP00.A,D,HKD,EUR,SP00,A,2021-03-24,9.1863
EXR.D.HKD.EUR.SP00.A,D,HKD,EUR,SP00,A,2021-03-25,9.17
EXR.D.HKD.EUR.SP00.A,D,HKD,EUR,SP00,A,2021-03-26,9.154
EXR.D.HKD.EUR.SP00.A,D,HKD,EUR,SP00,A,2021-03-29,9.1618
EXR.D.HKD.EUR.SP00.A,D,HKD,EUR,SP00,A,2021-03-30,9.1283
EXR.D.HKD.EUR.SP00.A,D,HKD,EUR,SP00,A,2021-03-31,9.1153
EXR.D.HKD.EUR.SP00.A,D,HKD,EUR,SP00,A,2021-04-01,9.1346
EXR.D.HKD.EUR.SP00.A,D,HKD,EUR,SP00,A,2021-04-06,9.186
EXR.D.HKD.EUR.SP00.A,D,HKD,EUR,SP00,A,2021-04-07,9.2527
EXR.D.HKD.EUR.SP00.A,D,HKD,EUR,SP00,A,2021-04-08,9.2356
EXR.D.HKD.EUR.SP00.A,D,HKD,EUR,SP00,A,2021-04-09,9.247
EXR.D.HKD.EUR.SP00.A,D,HKD,EUR,SP00,A,2021-04-12,9.2564
EXR.D.HKD.EUR.SP00.A,D,HKD,EUR,SP00,A,2021-04-13,9.2477
EXR.D.HKD.EUR.SP00.A,D,HKD,EUR,SP00,A,2021-04-14,9.2915
EXR.D.HKD.EUR.SP00.A,D,HKD,EUR,SP00,A,2021-04-15,9.2984
EXR.D.HKD.EUR.SP00.A,D,HKD,EUR,SP00,A,2021-04-16,9.3152
EXR.D.HKD.EUR.SP00.A,D,HKD,EUR,SP00,A,2021-04-19,9.3475
EXR.D.HKD.EUR.SP00.A,D,HKD,EUR,SP00,A,2021-04-20,9.355
EXR.D.HKD.EUR.SP00.A,D,HKD,EUR,SP00,A,2021-04-21,9.3209
EXR.D.HKD.EUR.SP00.A,D,HKD,EUR,SP00,A,2021-04-22,9.3474
EXR.D.HKD.EUR.SP00.A,D,HKD,EUR,SP00,A,2021-04-23,9.3653
EXR.D.HKD.EUR.SP00.A,D,HKD,EUR,SP00,A,2021-04-26,9.3777
EXR.D.HKD.EUR.SP00.A,D,HKD,EUR,SP00,A,2021-04-27,9.3825
EXR.D.HKD.EUR.SP00.A,D,HKD,EUR,SP00,A,2021-04-28,9.3696
EXR.D.HKD.EUR.SP00.A,D,HKD,EUR,SP00,A,2021-04-29,9.4156
EXR.D.HKD.EUR.SP00.A,D,HKD,EUR,SP00,A,2021-04-30,9.3816
EXR.D.HKD.EUR.SP00.A,D,HKD,EUR,SP00,A,2021-05-03,9.3554
EXR.D.HKD.EUR.SP00.A,D,HKD,EUR,SP00,A,2021-05-04,9.3374
EXR.D.HKD.EUR.SP00.A,D,HKD,EUR,SP00,A,2021-05-05,9.3267
EXR.D.HKD.EUR.SP00.A,D,HKD,EUR,SP00,A,2021-05-06,9.3685
EXR.D.HKD.EUR.SP00.A,D,HKD,EUR,SP00,A,2021-05-07,9.3661
EXR.D.HKD.EUR.SP00.A,D,HKD,EUR,SP00,A,2021-05-10,9.4504
EXR.D.HKD.EUR.SP00.A,D,HKD,EUR,SP00,A,2021-05-11,9.4527
EXR.D.HKD.EUR.SP00.A,D,HKD,EUR,SP00,A,2021-05-12,9.4115
EXR.D.HKD.EUR.SP00.A,D,HKD,EUR,SP00,A,2021-05-13,9.3841
EXR.D.HKD.EUR.SP00.A,D,HKD,EUR,SP00,A,2021-05-14,9.4151
EXR.D.HKD.EUR.SP00.A,D,HKD,EUR,SP00,A,2021-05-17,9.4318
EXR.D.HKD.EUR.SP00.A,D,HKD,EUR,SP00,A,2021-05-18,9.4912
EXR.D.HKD.EUR.SP00.A,D,HKD,EUR,SP00,A,2021-05-19,9.4819
EXR.D.HKD.EUR.SP00.A,D,HKD,EUR,SP00,A,2021-05-20,9.4726
EXR.D.HKD.EUR.SP00.A,D,HKD,EUR,SP00,A,2021-05-21,9.4639
EXR.D.HKD.EUR.SP00.A,D,HKD,EUR,SP00,A,2021-05-24,9.4833
EXR.D.HKD.EUR.SP00.A,D,HKD,EUR,SP00,A,2021-05-25,9.5197
EXR.D.HKD.EUR.SP00.A,D,HKD,EUR,SP00,A,2021-05-26,9.4922
EXR.D.HKD.EUR.SP00.A,D,HKD,EUR,SP00,A,2021-05-27,9.468
EXR.D.HKD.EUR.SP00.A,D,HKD,EUR,SP00,A,2021-05-28,9.4246
EXR.D.HKD.EUR.SP00.A,D,HKD,EUR,SP00,A,2021-05-31,9.469
EXR.D.HKD.EUR.SP00.A,D,HKD,EUR,SP00,A,2021-06-01,9.4853
EXR.D.HKD.EUR.SP00.A,D,HKD,EUR,SP00,A,2021-06-02,9.4555
EXR.D.HKD.EUR.SP00.A,D,HKD,EUR,SP00,A,2021-06-03,9.4551
EXR.D.HKD.EUR.SP00.A,D,HKD,EUR,SP00,A,2021-06-04,9.4
EXR.D.HKD.EUR.SP00.A,D,HKD,EUR,SP00,A,2021-06-07,9.4355
EXR.D.HKD.EUR.SP00.A,D,HKD,EUR,SP00,A,2021-06-08,9.4526
EXR.D.HKD.EUR.SP00.A,D,HKD,EUR,SP00,A,2021-06-09,9.4615
EXR.D.HKD.EUR.SP00.A,D,HKD,EUR,SP00,A,2021-06-10,9.4467
EXR.D.HKD.EUR.SP00.A,D,HKD,EUR,SP00,A,2021-06-11,9.4089
EXR.D.HKD.EUR.SP00.A,D,HKD,EUR,SP00,A,2021-06-14,9.4008
EXR.D.HKD.EUR.SP00.A,D,HKD,EUR,SP00,A,2021-06-15,9.3991
EXR.D.HKD.EUR.SP00.A,D,HKD,EUR,SP00,A,2021-06-16,9.4107
EXR.D.HKD.EUR.SP00.A,D,HKD,EUR,SP00,A,2021-06-17,9.2694
EXR.D.HKD.EUR.SP00.A,D,HKD,EUR,SP00,A,2021-06-18,9.2379
EXR.D.HKD.EUR.SP00.A,D,HKD,EUR,SP00,A,2021-06-21,9.2326
EXR.D.HKD.EUR.SP00.A,D,HKD,EUR,SP00,A,2021-06-22,9.2365
EXR.D.HKD.EUR.SP00.A,D,HKD,EUR,SP00,A,2021-06-23,9.2807
EXR.D.HKD.EUR.SP00.A,D,HKD,EUR,SP00,A,2021-06-24,9.2675
EXR.D.HKD.EUR.SP00.A,D,HKD,EUR,SP00,A,2021-06-25,9.2751
EXR.D.HKD.EUR.SP00.A,D,HKD,EUR,SP00,A,2021-06-28,9.2459
EXR.D.HKD.EUR.SP00.A,D,HKD,EUR,SP00,A,2021-06-29,9.2297
EXR.D.HKD.EUR.SP00.A,D,HKD,EUR,SP00,A,2021-06-30,9.2293
EXR.D.HKD.EUR.SP00.A,D,HKD,EUR,SP00,A,2021-07-01,9.2273
EXR.D.HKD.EUR.SP00.A,D,HKD,EUR,SP00,A,2021-07-02,9.1838
EXR.D.HKD.EUR.SP00.A,D,HKD,EUR,SP00,A,2021-07-05,9.2182
EXR.D.HKD.EUR.SP00.A,D,HKD,EUR,SP00,A,2021-07-06,9.1942
EXR.D.HKD.EUR.SP00.A,D,HKD,EUR,SP00,A,2021-07-07,9.19
EXR.D.HKD.EUR.SP00.A,D,HKD,EUR,SP00,A,2021-07-08,9.1967
EXR.D.HKD.EUR.SP00.A,D,HKD,EUR,SP00,A,2021-07-09,9.2117
EXR.D.HKD.EUR.SP00.A,D,HKD,EUR,SP00,A,2021-07-12,9.2052
EXR.D.HKD.EUR.SP00.A,D,HKD,EUR,SP00,A,2021-07-13,9.197
EXR.D.HKD.EUR.SP00.A,D,HKD,EUR,SP00,A,2021-07-14,9.1742
EXR.D.HKD.EUR.SP00.A,D,HKD,EUR,SP00,A,2021-07-15,9.1726
EXR.D.HKD.EUR.SP00.A,D,HKD,EUR,SP00,A,2021-07-16,9.1684
EXR.D.HKD.EUR.SP00.A,D,HKD,EUR,SP00,A,2021-07-19,9.1419
EXR.D.HKD.EUR.SP00.A,D,HKD,EUR,SP00,A,2021-07-20,9.1529
EXR.D.HKD.EUR.SP00.A,D,HKD,EUR,SP00,A,2021-07-21,9.1518
EXR.D.HKD.EUR.SP00.A,D,HKD,EUR,SP00,A,2021-07-22,9.1506
EXR.D.HKD.EUR.SP00.A,D,HKD,EUR,SP00,A,2021-07-23,9.142
EXR.D.HKD.EUR.SP00.A,D,HKD,EUR,SP00,A,2021-07-26,9.1656
EXR.D.HKD.EUR.SP00.A,D,HKD,EUR,SP00,A,2021-07-27,9.1915
EXR.D.HKD.EUR.SP00.A,D,HKD,EUR,SP00,A,2021-07-28,9.188
EXR.D.HKD.EUR.SP00.A,D,HKD,EUR,SP00,A,2021-07-29,9.2272
EXR.D.HKD.EUR.SP00.A,D,HKD,EUR,SP00,A,2021-07-30,9.2451
EXR.D.HKD.EUR.SP00.A,D,HKD,EUR,SP00,A,2021-08-02,9.2398
EXR.D.HKD.EUR.SP00.A,D,HKD,EUR,SP00,A,2021-08-03,9.2428
EXR.D.HKD.EUR.SP00.A,D,HKD,EUR,SP00,A,2021-08-04,9.2236
EXR.D.HKD.EUR.SP00.A,D,HKD,EUR,SP00,A,2021-08-05,9.216
EXR.D.HKD.EUR.SP00.A,D,HKD,EUR,SP00,A,2021-08-06,9.1827
EXR.D.HKD.EUR.SP00.A,D,HKD,EUR,SP00,A,2021-08-09,9.1521
EXR.D.HKD.EUR.SP00.A,D,HKD,EUR,SP00,A,2021-08-10,9.1228
EXR.D.HKD.EUR.SP00.A,D,HKD,EUR,SP00,A,2021-08-11,9.1187
EXR.D.HKD.EUR.SP00.A,D,HKD,EUR,SP00,A,2021-08-12,9.1336
EXR.D.HKD.EUR.SP00.A,D,HKD,EUR,SP00,A,2021-08-13,9.1573
EXR.D.HKD.EUR.SP00.A,D,HKD,EUR,SP00,A,2021-08-16,9.1641
EXR.D.HKD.EUR.SP00.A,D,HKD,EUR,SP00,A,2021-08-17,9.1704
EXR.D.HKD.EUR.SP00.A,D,HKD,EUR,SP00,A,2021-08-18,9.1299
EXR.D.HKD.EUR.SP00.A,D,HKD,EUR,SP00,A,2021-08-19,9.1121
EXR.D.HKD.EUR.SP00.A,D,HKD,EUR,SP00,A,2021-08-20,9.0924
EXR.D.HKD.EUR.SP00.A,D,HKD,EUR,SP00,A,2021-08-23,9.1313
EXR.D.HKD.EUR.SP00.A,D,HKD,EUR,SP00,A,2021-08-24,9.1448
EXR.D.HKD.EUR.SP00.A,D,HKD,EUR,SP00,A,2021-08-25,9.1357
EXR.D.HKD.EUR.SP00.A,D,HKD,EUR,SP00,A,2021-08-26,9.1625
EXR.D.HKD.EUR.SP00.A,D,HKD,EUR,SP00,A,2021-08-27,9.1619
EXR.D.HKD.EUR.SP00.A,D,HKD,EUR,SP00,A,2021-08-30,9.1891
EXR.D.HKD.EUR.SP00.A,D,HKD,EUR,SP00,A,2021-08-31,9.2086
EXR.D.HKD.EUR.SP00.A,D,HKD,EUR,SP00,A,2021-09-01,9.1907
EXR.D.HKD.EUR.SP00.A,D,HKD,EUR,SP00,A,2021-09-02,9.2075
EXR.D.HKD.EUR.SP00.A,D,HKD,EUR,SP00,A,2021-09-03,9.2285
EXR.D.HKD.EUR.SP00.A,D,HKD,EUR,SP00,A,2021-09-06,9.2226
EXR.D.HKD.EUR.SP00.A,D,HKD,EUR,SP00,A,2021-09-07,9.2197
EXR.D.HKD.EUR.SP00.A,D,HKD,EUR,SP00,A,2021-09-08,9.1971
EXR.D.HKD.EUR.SP00.A,D,HKD,EUR,SP00,A,2021-09-09,9.2072
EXR.D.HKD.EUR.SP00.A,D,HKD,EUR,SP00,A,2021-09-10,9.2086
EXR.D.HKD.EUR.SP00.A,D,HKD,EUR,SP00,A,2021-09-13,9.1641
EXR.D.HKD.EUR.SP00.A,D,HKD,EUR,SP00,A,2021-09-14,9.1899
EXR.D.HKD.EUR.SP00.A,D,HKD,EUR,SP00,A,2021-09-15,9.2021
EXR.D.HKD.EUR.SP00.A,D,HKD,EUR,SP00,A,2021-09-16,9.1575
EXR.D.HKD.EUR.SP00.A,D,HKD,EUR,SP00,A,2021-09-17,9.1691
EXR.D.HKD.EUR.SP00.A,D,HKD,EUR,SP00,A,2021-09-20,9.1188
EXR.D.HKD.EUR.SP00.A,D,HKD,EUR,SP00,A,2021-09-21,9.1389
EXR.D.HKD.EUR.SP00.A,D,HKD,EUR,SP00,A,2021-09-22,9.1333
EXR.D.HKD.EUR.SP00.A,D,HKD,EUR,SP00,A,2021-09-23,9.1205
EXR.D.HKD.EUR.SP00.A,D,HKD,EUR,SP00,A,2021-09-24,9.124
EXR.D.HKD.EUR.SP00.A,D,HKD,EUR,SP00,A,2021-09-27,9.1054
EXR.D.HKD.EUR.SP00.A,D,HKD,EUR,SP00,A,2021-09-28,9.0882
EXR.D.HKD.EUR.SP00.A,D,HKD,EUR,SP00,A,2021-09-29,9.0714
EXR.D.HKD.EUR.SP00.A,D,HKD,EUR,SP00,A,2021-09-30,9.0184
EXR.D.HKD.EUR.SP00.A,D,HKD,EUR,SP00,A,2021-10-01,9.0304
EXR.D.HKD.EUR.SP00.A,D,HKD,EUR,SP00,A,2021-10-04,9.0597
EXR.D.HKD.EUR.SP00.A,D,HKD,EUR,SP00,A,2021-10-05,9.0324
EXR.D.HKD.EUR.SP00.A,D,HKD,EUR,SP00,A,2021-10-06,8.9876
EXR.D.HKD.EUR.SP00.A,D,HKD,EUR,SP00,A,2021-10-07,9.0008
EXR.D.HKD.EUR.SP00.A,D,HKD,EUR,SP00,A,2021-10-08,9.0066
EXR.D.HKD.EUR.SP00.A,D,HKD,EUR,SP00,A,2021-10-11,9.0049
EXR.D.HKD.EUR.SP00.A,D,HKD,EUR,SP00,A,2021-10-12,8.9915
EXR.D.HKD.EUR.SP00.A,D,HKD,EUR,SP00,A,2021-10-13,8.9952
EXR.D.HKD.EUR.SP00.A,D,HKD,EUR,SP00,A,2021-10-14,9.0244
EXR.D.HKD.EUR.SP00.A,D,HKD,EUR,SP00,A,2021-10-15,9.0258
EXR.D.HKD.EUR.SP00.A,D,HKD,EUR,SP00,A,2021-10-18,9.0268
EXR.D.HKD.EUR.SP00.A,D,HKD,EUR,SP00,A,2021-10-19,9.0635
EXR.D.HKD.EUR.SP00.A,D,HKD,EUR,SP00,A,2021-10-20,9.0375
EXR.D.HKD.EUR.SP00.A,D,HKD,EUR,SP00,A,2021-10-21,9.0487
EXR.D.HKD.EUR.SP00.A,D,HKD,EUR,SP00,A,2021-10-22,9.0412
EXR.D.HKD.EUR.SP00.A,D,HKD,EUR,SP00,A,2021-10-25,9.0191
EXR.D.HKD.EUR.SP00.A,D,HKD,EUR,SP00,A,2021-10-26,9.0335
EXR.D.HKD.EUR.SP00.A,D,HKD,EUR,SP00,A,2021-10-27,9.0363
EXR.D.HKD.EUR.SP00.A,D,HKD,EUR,SP00,A,2021-10-28,9.0167
EXR.D.HKD.EUR.SP00.A,D,HKD,EUR,SP00,A,2021-10-29,9.0563
EXR.D.HKD.EUR.SP00.A,D,HKD,EUR,SP00,A,2021-11-01,9.0108
EXR.D.HKD.EUR.SP00.A,D,HKD,EUR,SP00,A,2021-11-02,9.0297
EXR.D.HKD.EUR.SP00.A,D,HKD,EUR,SP00,A,2021-11-03,9.0114
EXR.D.HKD.EUR.SP00.A,D,HKD,EUR,SP00,A,2021-11-04,9.0059
EXR.D.HKD.EUR.SP00.A,D,HKD,EUR,SP00,A,2021-11-05,8.967
EXR.D.HKD.EUR.SP00.A,D,HKD,EUR,SP00,A,2021-11-08,9.0175
EXR.D.HKD.EUR.SP00.A,D,HKD,EUR,SP00,A,2021-11-09,9.0186
EXR.D.HKD.EUR.SP00.A,D,HKD,EUR,SP00,A,2021-11-10,9.0035
EXR.D.HKD.EUR.SP00.A,D,HKD,EUR,SP00,A,2021-11-11,8.9299
EXR.D.HKD.EUR.SP00.A,D,HKD,EUR,SP00,A,2021-11-12,8.9206
EXR.D.HKD.EUR.SP00.A,D,HKD,EUR,SP00,A,2021-11-15,8.9156
EXR.D.HKD.EUR.SP00.A,D,HKD,EUR,SP00,A,2021-11-16,8.8544
EXR.D.HKD.EUR.SP00.A,D,HKD,EUR,SP00,A,2021-11-17,8.814
EXR.D.HKD.EUR.SP00.A,D,HKD,EUR,SP00,A,2021-11-18,8.8366
EXR.D.HKD.EUR.SP00.A,D,HKD,EUR,SP00,A,2021-11-19,8.7832
EXR.D.HKD.EUR.SP00.A,D,HKD,EUR,SP00,A,2021-11-22,8.7875
EXR.D.HKD.EUR.SP00.A,D,HKD,EUR,SP00,A,2021-11-23,8.7744
EXR.D.HKD.EUR.SP00.A,D,HKD,EUR,SP00,A,2021-11-24,8.7372
EXR.D.HKD.EUR.SP00.A,D,HKD,EUR,SP00,A,2021-11-25,8.7514
EXR.D.HKD.EUR.SP00.A,D,HKD,EUR,SP00,A,2021-11-26,8.8045
EXR.D.HKD.EUR.SP00.A,D,HKD,EUR,SP00,A,2021-11-29,8.795
EXR.D.HKD.EUR.SP00.A,D,HKD,EUR,SP00,A,2021-11-30,8.8601
EXR.D.HKD.EUR.SP00.A,D,HKD,EUR,SP00,A,2021-12-01,8.8154
EXR.D.HKD.EUR.SP00.A,D,HKD,EUR,SP00,A,2021-12-02,8.8375
EXR.D.HKD.EUR.SP00.A,D,HKD,EUR,SP00,A,2021-12-03,8.8006
EXR.D.HKD.EUR.SP00.A,D,HKD,EUR,SP00,A,2021-12-06,8.8053
EXR.D.HKD.EUR.SP00.A,D,HKD,EUR,SP00,A,2021-12-07,8.7753
EXR.D.HKD.EUR.SP00.A,D,HKD,EUR,SP00,A,2021-12-08,8.8088
EXR.D.HKD.EUR.SP00.A,D,HKD,EUR,SP00,A,2021-12-09,8.8186
EXR.D.HKD.EUR.SP00.A,D,HKD,EUR,SP00,A,2021-12-10,8.7918
EXR.D.HKD.EUR.SP00.A,D,HKD,EUR,SP00,A,2021-12-13,8.7967
EXR.D.HKD.EUR.SP00.A,D,HKD,EUR,SP00,A,2021-12-14,8.8227
EXR.D.HKD.EUR.SP00.A,D,HKD,EUR,SP00,A,2021-12-15,8.7861
EXR.D.HKD.EUR.SP00.A,D,HKD,EUR,SP00,A,2021-12-16,8.8432
EXR.D.HKD.EUR.SP00.A,D,HKD,EUR,SP00,A,2021-12-17,8.8388
EXR.D.HKD.EUR.SP00.A,D,HKD,EUR,SP00,A,2021-12-20,8.7943
EXR.D.HKD.EUR.SP00.A,D,HKD,EUR,SP00,A,2021-12-21,8.8111
EXR.D.HKD.EUR.SP00.A,D,HKD,EUR,SP00,A,2021-12-22,8.8155
EXR.D.HKD.EUR.SP00.A,D,HKD,EUR,SP00,A,2021-12-23,8.8215
EXR.D.HKD.EUR.SP00.A,D,HKD,EUR,SP00,A,2021-12-24,8.8255
EXR.D.HKD.EUR.SP00.A,D,HKD,EUR,SP00,A,2021-12-27,8.8246
EXR.D.HKD.EUR.SP00.A,D,HKD,EUR,SP00,A,2021-12-28,8.838
EXR.D.HKD.EUR.SP00.A,D,HKD,EUR,SP00,A,2021-12-29,8.8127
EXR.D.HKD.EUR.SP00.A,D,HKD,EUR,SP00,A,2021-12-30,8.8399
EXR.D.HKD.EUR.SP00.A,D,HKD,EUR,SP00,A,2021-12-31,8.8333
EXR.D.HKD.EUR.SP00.A,D,HKD,EUR,SP00,A,2022-01-03,8.8541
EXR.D.HKD.EUR.SP00.A,D,HKD,EUR,SP00,A,2022-01-04,8.7919
EXR.D.HKD.EUR.SP00.A,D,HKD,EUR,SP00,A,2022-01-05,8.8227
EXR.D.HKD.EUR.SP00.A,D,HKD,EUR,SP00,A,2022-01-06,8.8272
EXR.D.HKD.EUR.SP00.A,D,HKD,EUR,SP00,A,2022-01-07,8.8133
EXR.D.HKD.EUR.SP00.A,D,HKD,EUR,SP00,A,2022-01-10,8.8233
EXR.D.HKD.EUR.SP00.A,D,HKD,EUR,SP00,A,2022-01-11,8.8384
EXR.D.HKD.EUR.SP00.A,D,HKD,EUR,SP00,A,2022-01-12,8.863
EXR.D.HKD.EUR.SP00.A,D,HKD,EUR,SP00,A,2022-01-13,8.9289
EXR.D.HKD.EUR.SP00.A,D,HKD,EUR,SP00,A,2022-01-14,8.9119
EXR.D.HKD.EUR.SP00.A,D,HKD,EUR,SP00,A,2022-01-17,8.8844
EXR.D.HKD.EUR.SP00.A,D,HKD,EUR,SP00,A,2022-01-18,8.8576
EXR.D.HKD.EUR.SP00.A,D,HKD,EUR,SP00,A,2022-01-19,8.8392
EXR.D.HKD.EUR.SP00.A,D,HKD,EUR,SP00,A,2022-01-20,8.8274
EXR.D.HKD.EUR.SP00.A,D,HKD,EUR,SP00,A,2022-01-21,8.837
EXR.D.HKD.EUR.SP00.A,D,HKD,EUR,SP00,A,2022-01-24,8.8003
EXR.D.HKD.EUR.SP00.A,D,HKD,EUR,SP00,A,2022-01-25,8.7725
EXR.D.HKD.EUR.SP00.A,D,HKD,EUR,SP00,A,2022-01-26,8.7791
EXR.D.HKD.EUR.SP00.A,D,HKD,EUR,SP00,A,2022-01-27,8.6951
EXR.D.HKD.EUR.SP00.A,D,HKD,EUR,SP00,A,2022-01-28,8.681
EXR.D.HKD.EUR.SP00.A,D,HKD,EUR,SP00,A,2022-01-31,8.6994
EXR.D.HKD.EUR.SP00.A,D,HKD,EUR,SP00,A,2022-02-01,8.7779
EXR.D.HKD.EUR.SP00.A,D,HKD,EUR,SP00,A,2022-02-02,8.8245
EXR.D.HKD.EUR.SP00.A,D,HKD,EUR,SP00,A,2022-02-03,8.7966
EXR.D.HKD.EUR.SP00.A,D,HKD,EUR,SP00,A,2022-02-04,8.9286
EXR.D.HKD.EUR.SP00.A,D,HKD,EUR,SP00,A,2022-02-07,8.9202
EXR.D.HKD.EUR.SP00.A,D,HKD,EUR,SP00,A,2022-02-08,8.8923
EXR.D.HKD.EUR.SP00.A,D,HKD,EUR,SP00,A,2022-02-09,8.9106
EXR.D.HKD.EUR.SP00.A,D,HKD,EUR,SP00,A,2022-02-10,8.9142
EXR.D.HKD.EUR.SP00.A,D,HKD,EUR,SP00,A,2022-02-11,8.9054
EXR.D.HKD.EUR.SP00.A,D,HKD,EUR,SP00,A,2022-02-14,8.8283
EXR.D.HKD.EUR.SP00.A,D,HKD,EUR,SP00,A,2022-02-15,8.8527
EXR.D.HKD.EUR.SP00.A,D,HKD,EUR,SP00,A,2022-02-16,8.8712
EXR.D.HKD.EUR.SP00.A,D,HKD,EUR,SP00,A,2022-02-17,8.8692
EXR.D.HKD.EUR.SP00.A,D,HKD,EUR,SP00,A,2022-02-18,8.8566
EXR.D.HKD.EUR.SP00.A,D,HKD,EUR,SP00,A,2022-02-21,8.8443
EXR.D.HKD.EUR.SP00.A,D,HKD,EUR,SP00,A,2022-02-22,8.8495
EXR.D.HKD.EUR.SP00.A,D,HKD,EUR,SP00,A,2022-02-23,8.8529
EXR.D.HKD.EUR.SP00.A,D,HKD,EUR,SP00,A,2022-02-24,8.7178
EXR.D.HKD.EUR.SP00.A,D,HKD,EUR,SP00,A,2022-02-25,8.7578
EXR.D.HKD.EUR.SP00.A,D,HKD,EUR,SP00,A,2022-02-28,8.7514
EXR.D.HKD.EUR.SP00.A,D,HKD,EUR,SP00,A,2022-03-01,8.7234
EXR.D.HKD.EUR.SP00.A,D,HKD,EUR,SP00,A,2022-03-02,8.6785
EXR.D.HKD.EUR.SP00.A,D,HKD,EUR,SP00,A,2022-03-03,8.6547
EXR.D.HKD.EUR.SP00.A,D,HKD,EUR,SP00,A,2022-03-04,8.5411
EXR.D.HKD.EUR.SP00.A,D,HKD,EUR,SP00,A,2022-03-07,8.5154
EXR.D.HKD.EUR.SP00.A,D,HKD,EUR,SP00,A,2022-03-08,8.5183
EXR.D.HKD.EUR.SP00.A,D,HKD,EUR,SP00,A,2022-03-09,8.5974
EXR.D.HKD.EUR.SP00.A,D,HKD,EUR,SP00,A,2022-03-10,8.6688
EXR.D.HKD.EUR.SP00.A,D,HKD,EUR,SP00,A,2022-03-11,8.6007
EXR.D.HKD.EUR.SP00.A,D,HKD,EUR,SP00,A,2022-03-14,8.5815
EXR.D.HKD.EUR.SP00.A,D,HKD,EUR,SP00,A,2022-03-15,8.6026
EXR.D.HKD.EUR.SP00.A,D,HKD,EUR,SP00,A,2022-03-16,8.5996
EXR.D.HKD.EUR.SP00.A,D,HKD,EUR,SP00,A,2022-03-17,8.6391
EXR.D.HKD.EUR.SP00.A,D,HKD,EUR,SP00,A,2022-03-18,8.6101
EXR.D.HKD.EUR.SP00.A,D,HKD,EUR,SP00,A,2022-03-21,8.6387
EXR.D.HKD.EUR.SP00.A,D,HKD,EUR,SP00,A,2022-03-22,8.6285
EXR.D.HKD.EUR.SP00.A,D,HKD,EUR,SP00,A,2022-03-23,8.5948
EXR.D.HKD.EUR.SP00.A,D,HKD,EUR,SP00,A,2022-03-24,8.5897
EXR.D.HKD.EUR.SP00.A,D,HKD,EUR,SP00,A,2022-03-25,8.6117
EXR.D.HKD.EUR.SP00.A,D,HKD,EUR,SP00,A,2022-03-28,8.5861
EXR.D.HKD.EUR.SP00.A,D,HKD,EUR,SP00,A,2022-03-29,8.6767
EXR.D.HKD.EUR.SP00.A,D,HKD,EUR,SP00,A,2022-03-30,8.7081
EXR.D.HKD.EUR.SP00.A,D,HKD,EUR,SP00,A,2022-03-31,8.6918
EXR.D.HKD.EUR.SP00.A,D,HKD,EUR,SP00,A,2022-04-01,8.6596
EXR.D.HKD.EUR.SP00.A,D,HKD,EUR,SP00,A,2022-04-04,8.6226
EXR.D.HKD.EUR.SP00.A,D,HKD,EUR,SP00,A,2022-04-05,8.5917
EXR.D.HKD.EUR.SP00.A,D,HKD,EUR,SP00,A,2022-04-06,8.5617
EXR.D.HKD.EUR.SP00.A,D,HKD,EUR,SP00,A,2022-04-07,8.5554
EXR.D.HKD.EUR.SP00.A,D,HKD,EUR,SP00,A,2022-04-08,8.5134
EXR.D.HKD.EUR.SP00.A,D,HKD,EUR,SP00,A,2022-04-11,8.544
EXR.D.HKD.EUR.SP00.A,D,HKD,EUR,SP00,A,2022-04-12,8.5112
EXR.D.HKD.EUR.SP00.A,D,HKD,EUR,SP00,A,2022-04-13,8.4867
EXR.D.HKD.EUR.SP00.A,D,HKD,EUR,SP00,A,2022-04-14,8.5298
EXR.D.HKD.EUR.SP00.A,D,HKD,EUR,SP00,A,2022-04-19,8.4698
EXR.D.HKD.EUR.SP00.A,D,HKD,EUR,SP00,A,2022-04-20,8.494
EXR.D.HKD.EUR.SP00.A,D,HKD,EUR,SP00,A,2022-04-21,8.5406
EXR.D.HKD.EUR.SP00.A,D,HKD,EUR,SP00,A,2022-04-22,8.4859
EXR.D.HKD.EUR.SP00.A,D,HKD,EUR,SP00,A,2022-04-25,8.4325
EXR.D.HKD.EUR.SP00.A,D,HKD,EUR,SP00,A,2022-04-26,8.3735
EXR.D.HKD.EUR.SP00.A,D,HKD,EUR,SP00,A,2022-04-27,8.3045
EXR.D.HKD.EUR.SP00.A,D,HKD,EUR,SP00,A,2022-04-28,8.2267
EXR.D.HKD.EUR.SP00.A,D,HKD,EUR,SP00,A,2022-04-29,8.2703
EXR.D.HKD.EUR.SP00.A,D,HKD,EUR,SP00,A,2022-05-02,8.2581
EXR.D.HKD.EUR.SP00.A,D,HKD,EUR,SP00,A,2022-05-03,8.2838
EXR.D.HKD.EUR.SP00.A,D,HKD,EUR,SP00,A,2022-05-04,8.2655
EXR.D.HKD.EUR.SP00.A,D,HKD,EUR,SP00,A,2022-05-05,8.2948
EXR.D.HKD.EUR.SP00.A,D,HKD,EUR,SP00,A,2022-05-06,8.2969
EXR.D.HKD.EUR.SP00.A,D,HKD,EUR,SP00,A,2022-05-09,8.2887
EXR.D.HKD.EUR.SP00.A,D,HKD,EUR,SP00,A,2022-05-10,8.2847
EXR.D.HKD.EUR.SP00.A,D,HKD,EUR,SP00,A,2022-05-11,8.2839
EXR.D.HKD.EUR.SP00.A,D,HKD,EUR,SP00,A,2022-05-12,8.1702
EXR.D.HKD.EUR.SP00.A,D,HKD,EUR,SP00,A,2022-05-13,8.1522
EXR.D.HKD.EUR.SP00.A,D,HKD,EUR,SP00,A,2022-05-16,8.1812
EXR.D.HKD.EUR.SP00.A,D,HKD,EUR,SP00,A,2022-05-17,8.2744
EXR.D.HKD.EUR.SP00.A,D,HKD,EUR,SP00,A,2022-05-18,8.2591
EXR.D.HKD.EUR.SP00.A,D,HKD,EUR,SP00,A,2022-05-19,8.2594
EXR.D.HKD.EUR.SP00.A,D,HKD,EUR,SP00,A,2022-05-20,8.2999
EXR.D.HKD.EUR.SP00.A,D,HKD,EUR,SP00,A,2022-05-23,8.3664
EXR.D.HKD.EUR.SP00.A,D,HKD,EUR,SP00,A,2022-05-24,8.4143
EXR.D.HKD.EUR.SP00.A,D,HKD,EUR,SP00,A,2022-05-25,8.3647
EXR.D.HKD.EUR.SP00.A,D,HKD,EUR,SP00,A,2022-05-26,8.397
EXR.D.HKD.EUR.SP00.A,D,HKD,EUR,SP00,A,2022-05-27,8.4165
EXR.D.HKD.EUR.SP00.A,D,HKD,EUR,SP00,A,2022-05-30,8.449
EXR.D.HKD.EUR.SP00.A,D,HKD,EUR,SP00,A,2022-05-31,8.4063
EXR.D.HKD.EUR.SP00.A,D,HKD,EUR,SP00,A,2022-06-01,8.4057
EXR.D.HKD.EUR.SP00.A,D,HKD,EUR,SP00,A,2022-06-02,8.3896
EXR.D.HKD.EUR.SP00.A,D,HKD,EUR,SP00,A,2022-06-03,8.4167
EXR.D.HKD.EUR.SP00.A,D,HKD,EUR,SP00,A,2022-06-06,8.4154
EXR.D.HKD.EUR.SP00.A,D,HKD,EUR,SP00,A,2022-06-07,8.3656
EXR.D.HKD.EUR.SP00.A,D,HKD,EUR,SP00,A,2022-06-08,8.4275
EXR.D.HKD.EUR.SP00.A,D,HKD,EUR,SP00,A,2022-06-09,8.4317
EXR.D.HKD.EUR.SP00.A,D,HKD,EUR,SP00,A,2022-06-10,8.3031
EXR.D.HKD.EUR.SP00.A,D,HKD,EUR,SP00,A,2022-06-13,8.2071
EXR.D.HKD.EUR.SP00.A,D,HKD,EUR,SP00,A,2022-06-14,8.2048
EXR.D.HKD.EUR.SP00.A,D,HKD,EUR,SP00,A,2022-06-15,8.1883
EXR.D.HKD.EUR.SP00.A,D,HKD,EUR,SP00,A,2022-06-16,8.1638
EXR.D.HKD.EUR.SP00.A,D,HKD,EUR,SP00,A,2022-06-17,8.2314
EXR.D.HKD.EUR.SP00.A,D,HKD,EUR,SP00,A,2022-06-20,8.2558
EXR.D.HKD.EUR.SP00.A,D,HKD,EUR,SP00,A,2022-06-21,8.2817
EXR.D.HKD.EUR.SP00.A,D,HKD,EUR,SP00,A,2022-06-22,8.2589
EXR.D.HKD.EUR.SP00.A,D,HKD,EUR,SP00,A,2022-06-23,8.236
EXR.D.HKD.EUR.SP00.A,D,HKD,EUR,SP00,A,2022-06-24,8.2609
EXR.D.HKD.EUR.SP00.A,D,HKD,EUR,SP00,A,2022-06-27,8.2946
EXR.D.HKD.EUR.SP00.A,D,HKD,EUR,SP00,A,2022-06-28,8.288
EXR.D.HKD.EUR.SP00.A,D,HKD,EUR,SP00,A,2022-06-29,8.2532
EXR.D.HKD.EUR.SP00.A,D,HKD,EUR,SP00,A,2022-06-30,8.1493
EXR.D.HKD.EUR.SP00.A,D,HKD,EUR,SP00,A,2022-07-01,8.1801
EXR.D.HKD.EUR.SP00.A,D,HKD,EUR,SP00,A,2022-07-04,8.2033
EXR.D.HKD.EUR.SP00.A,D,HKD,EUR,SP00,A,2022-07-05,8.0748
EXR.D.HKD.EUR.SP00.A,D,HKD,EUR,SP00,A,2022-07-06,7.9864
EXR.D.HKD.EUR.SP00.A,D,HKD,EUR,SP00,A,2022-07-07,7.9893
EXR.D.HKD.EUR.SP00.A,D,HKD,EUR,SP00,A,2022-07-08,7.9769
EXR.D.HKD.EUR.SP00.A,D,HKD,EUR,SP00,A,2022-07-11,7.9265
EXR.D.HKD.EUR.SP00.A,D,HKD,EUR,SP00,A,2022-07-12,7.8828
EXR.D.HKD.EUR.SP00.A,D,HKD,EUR,SP00,A,2022-07-13,7.9025
EXR.D.HKD.EUR.SP00.A,D,HKD,EUR,SP00,A,2022-07-14,7.8539
EXR.D.HKD.EUR.SP00.A,D,HKD,EUR,SP00,A,2022-07-15,7.8963
EXR.D.HKD.EUR.SP00.A,D,HKD,EUR,SP00,A,2022-07-18,7.9528
EXR.D.HKD.EUR.SP00.A,D,HKD,EUR,SP00,A,2022-07-19,8.0423
EXR.D.HKD.EUR.SP00.A,D,HKD,EUR,SP00,A,2022-07-20,8.0062
EXR.D.HKD.EUR.SP00.A,D,HKD,EUR,SP00,A,2022-07-21,8.0056
EXR.D.HKD.EUR.SP00.A,D,HKD,EUR,SP00,A,2022-07-22,7.9985
EXR.D.HKD.EUR.SP00.A,D,HKD,EUR,SP00,A,2022-07-25,8.0345
EXR.D.HKD.EUR.SP00.A,D,HKD,EUR,SP00,A,2022-07-26,7.9466
EXR.D.HKD.EUR.SP00.A,D,HKD,EUR,SP00,A,2022-07-27,7.9692
EXR.D.HKD.EUR.SP00.A,D,HKD,EUR,SP00,A,2022-07-28,7.9456
EXR.D.HKD.EUR.SP00.A,D,HKD,EUR,SP00,A,2022-07-29,8.0054
EXR.D.HKD.EUR.SP00.A,D,HKD,EUR,SP00,A,2022-08-01,8.0329
EXR.D.HKD.EUR.SP00.A,D,HKD,EUR,SP00,A,2022-08-02,8.0257
EXR.D.HKD.EUR.SP00.A,D,HKD,EUR,SP00,A,2022-08-03,8.0022
EXR.D.HKD.EUR.SP00.A,D,HKD,EUR,SP00,A,2022-08-04,7.9919
EXR.D.HKD.EUR.SP00.A,D,HKD,EUR,SP00,A,2022-08-05,8.0328
EXR.D.HKD.EUR.SP00.A,D,HKD,EUR,SP00,A,2022-08-08,8.0061
EXR.D.HKD.EUR.SP00.A,D,HKD,EUR,SP00,A,2022-08-09,8.0334
EXR.D.HKD.EUR.SP00.A,D,HKD,EUR,SP00,A,2022-08-10,8.046
EXR.D.HKD.EUR.SP00.A,D,HKD,EUR,SP00,A,2022-08-11,8.1118
EXR.D.HKD.EUR.SP00.A,D,HKD,EUR,SP00,A,2022-08-12,8.06
EXR.D.HKD.EUR.SP00.A,D,HKD,EUR,SP00,A,2022-08-15,7.9899
EXR.D.HKD.EUR.SP00.A,D,HKD,EUR,SP00,A,2022-08-16,7.9449
EXR.D.HKD.EUR.SP00.A,D,HKD,EUR,SP00,A,2022-08-17,7.9705
EXR.D.HKD.EUR.SP00.A,D,HKD,EUR,SP00,A,2022-08-18,7.9844
EXR.D.HKD.EUR.SP00.A,D,HKD,EUR,SP00,A,2022-08-19,7.8877
EXR.D.HKD.EUR.SP00.A,D,HKD,EUR,SP00,A,2022-08-22,7.8468
EXR.D.HKD.EUR.SP00.A,D,HKD,EUR,SP00,A,2022-08-23,7.79
EXR.D.HKD.EUR.SP00.A,D,HKD,EUR,SP00,A,2022-08-24,7.795
EXR.D.HKD.EUR.SP00.A,D,HKD,EUR,SP00,A,2022-08-25,7.8234
EXR.D.HKD.EUR.SP00.A,D,HKD,EUR,SP00,A,2022-08-26,7.8521
EXR.D.HKD.EUR.SP00.A,D,HKD,EUR,SP00,A,2022-08-29,7.8368
EXR.D.HKD.EUR.SP00.A,D,HKD,EUR,SP00,A,2022-08-30,7.8751
EXR.D.HKD.EUR.SP00.A,D,HKD,EUR,SP00,A,2022-08-31,7.8488
EXR.D.HKD.EUR.SP00.A,D,HKD,EUR,SP00,A,2022-09-01,7.8511
EXR.D.HKD.EUR.SP00.A,D,HKD,EUR,SP00,A,2022-09-02,7.8439
EXR.D.HKD.EUR.SP00.A,D,HKD,EUR,SP00,A,2022-09-05,7.7867
EXR.D.HKD.EUR.SP00.A,D,HKD,EUR,SP00,A,2022-09-06,7.7932
EXR.D.HKD.EUR.SP00.A,D,HKD,EUR,SP00,A,2022-09-07,7.7596
EXR.D.HKD.EUR.SP00.A,D,HKD,EUR,SP00,A,2022-09-08,7.8568
EXR.D.HKD.EUR.SP00.A,D,HKD,EUR,SP00,A,2022-09-09,7.8871
EXR.D.HKD.EUR.SP00.A,D,HKD,EUR,SP00,A,2022-09-12,7.9709
EXR.D.HKD.EUR.SP00.A,D,HKD,EUR,SP00,A,2022-09-13,7.9855
EXR.D.HKD.EUR.SP00.A,D,HKD,EUR,SP00,A,2022-09-14,7.8405
EXR.D.HKD.EUR.SP00.A,D,HKD,EUR,SP00,A,2022-09-15,7.8423
EXR.D.HKD.EUR.SP00.A,D,HKD,EUR,SP00,A,2022-09-16,7.8133
EXR.D.HKD.EUR.SP00.A,D,HKD,EUR,SP00,A,2022-09-19,7.8416
EXR.D.HKD.EUR.SP00.A,D,HKD,EUR,SP00,A,2022-09-20,7.8382
EXR.D.HKD.EUR.SP00.A,D,HKD,EUR,SP00,A,2022-09-21,7.7761
EXR.D.HKD.EUR.SP00.A,D,HKD,EUR,SP00,A,2022-09-22,7.7583
EXR.D.HKD.EUR.SP00.A,D,HKD,EUR,SP00,A,2022-09-23,7.6567
EXR.D.HKD.EUR.SP00.A,D,HKD,EUR,SP00,A,2022-09-26,7.572
EXR.D.HKD.EUR.SP00.A,D,HKD,EUR,SP00,A,2022-09-27,7.5704
EXR.D.HKD.EUR.SP00.A,D,HKD,EUR,SP00,A,2022-09-28,7.5084
EXR.D.HKD.EUR.SP00.A,D,HKD,EUR,SP00,A,2022-09-29,7.6192
EXR.D.HKD.EUR.SP00.A,D,HKD,EUR,SP00,A,2022-09-30,7.6521
EXR.D.HKD.EUR.SP00.A,D,HKD,EUR,SP00,A,2022-10-03,7.6647
EXR.D.HKD.EUR.SP00.A,D,HKD,EUR,SP00,A,2022-10-04,7.7644
EXR.D.HKD.EUR.SP00.A,D,HKD,EUR,SP00,A,2022-10-05,7.7831
EXR.D.HKD.EUR.SP00.A,D,HKD,EUR,SP00,A,2022-10-06,7.74
EXR.D.HKD.EUR.SP00.A,D,HKD,EUR,SP00,A,2022-10-07,7.6906
EXR.D.HKD.EUR.SP00.A,D,HKD,EUR,SP00,A,2022-10-10,7.612
EXR.D.HKD.EUR.SP00.A,D,HKD,EUR,SP00,A,2022-10-11,7.6325
EXR.D.HKD.EUR.SP00.A,D,HKD,EUR,SP00,A,2022-10-12,7.6192
EXR.D.HKD.EUR.SP00.A,D,HKD,EUR,SP00,A,2022-10-13,7.644
EXR.D.HKD.EUR.SP00.A,D,HKD,EUR,SP00,A,2022-10-14,7.6278
EXR.D.HKD.EUR.SP00.A,D,HKD,EUR,SP00,A,2022-10-17,7.6448
EXR.D.HKD.EUR.SP00.A,D,HKD,EUR,SP00,A,2022-10-18,7.72
EXR.D.HKD.EUR.SP00.A,D,HKD,EUR,SP00,A,2022-10-19,7.6757
EXR.D.HKD.EUR.SP00.A,D,HKD,EUR,SP00,A,2022-10-20,7.7008
EXR.D.HKD.EUR.SP00.A,D,HKD,EUR,SP00,A,2022-10-21,7.6376
EXR.D.HKD.EUR.SP00.A,D,HKD,EUR,SP00,A,2022-10-24,7.7329
EXR.D.HKD.EUR.SP00.A,D,HKD,EUR,SP00,A,2022-10-25,7.7407
EXR.D.HKD.EUR.SP00.A,D,HKD,EUR,SP00,A,2022-10-26,7.8678
EXR.D.HKD.EUR.SP00.A,D,HKD,EUR,SP00,A,2022-10-27,7.8782
EXR.D.HKD.EUR.SP00.A,D,HKD,EUR,SP00,A,2022-10-28,7.8107
EXR.D.HKD.EUR.SP00.A,D,HKD,EUR,SP00,A,2022-10-31,7.7822
EXR.D.HKD.EUR.SP00.A,D,HKD,EUR,SP00,A,2022-11-01,7.8079
EXR.D.HKD.EUR.SP00.A,D,HKD,EUR,SP00,A,2022-11-02,7.7774
EXR.D.HKD.EUR.SP00.A,D,HKD,EUR,SP00,A,2022-11-03,7.656
EXR.D.HKD.EUR.SP00.A,D,HKD,EUR,SP00,A,2022-11-04,7.7493
EXR.D.HKD.EUR.SP00.A,D,HKD,EUR,SP00,A,2022-11-07,7.8444
EXR.D.HKD.EUR.SP00.A,D,HKD,EUR,SP00,A,2022-11-08,7.8468
EXR.D.HKD.EUR.SP00.A,D,HKD,EUR,SP00,A,2022-11-09,7.8801
EXR.D.HKD.EUR.SP00.A,D,HKD,EUR,SP00,A,2022-11-10,7.8128
EXR.D.HKD.EUR.SP00.A,D,HKD,EUR,SP00,A,2022-11-11,8.0758
EXR.D.HKD.EUR.SP00.A,D,HKD,EUR,SP00,A,2022-11-14,8.0852
EXR.D.HKD.EUR.SP00.A,D,HKD,EUR,SP00,A,2022-11-15,8.143
EXR.D.HKD.EUR.SP00.A,D,HKD,EUR,SP00,A,2022-11-16,8.1444
EXR.D.HKD.EUR.SP00.A,D,HKD,EUR,SP00,A,2022-11-17,8.077
EXR.D.HKD.EUR.SP00.A,D,HKD,EUR,SP00,A,2022-11-18,8.1092
EXR.D.HKD.EUR.SP00.A,D,HKD,EUR,SP00,A,2022-11-21,7.9989
EXR.D.HKD.EUR.SP00.A,D,HKD,EUR,SP00,A,2022-11-22,8.0313
EXR.D.HKD.EUR.SP00.A,D,HKD,EUR,SP00,A,2022-11-23,8.0708
EXR.D.HKD.EUR.SP00.A,D,HKD,EUR,SP00,A,2022-11-24,8.1324
EXR.D.HKD.EUR.SP00.A,D,HKD,EUR,SP00,A,2022-11-25,8.1084
EXR.D.HKD.EUR.SP00.A,D,HKD,EUR,SP00,A,2022-11-28,8.1782
EXR.D.HKD.EUR.SP00.A,D,HKD,EUR,SP00,A,2022-11-29,8.0965
EXR.D.HKD.EUR.SP00.A,D,HKD,EUR,SP00,A,2022-11-30,8.0944
EXR.D.HKD.EUR.SP00.A,D,HKD,EUR,SP00,A,2022-12-01,8.1371
EXR.D.HKD.EUR.SP00.A,D,HKD,EUR,SP00,A,2022-12-02,8.2035
EXR.D.HKD.EUR.SP00.A,D,HKD,EUR,SP00,A,2022-12-05,8.2236
EXR.D.HKD.EUR.SP00.A,D,HKD,EUR,SP00,A,2022-12-06,8.1813
EXR.D.HKD.EUR.SP00.A,D,HKD,EUR,SP00,A,2022-12-07,8.1997
EXR.D.HKD.EUR.SP00.A,D,HKD,EUR,SP00,A,2022-12-08,8.1889
EXR.D.HKD.EUR.SP00.A,D,HKD,EUR,SP00,A,2022-12-09,8.2169
EXR.D.HKD.EUR.SP00.A,D,HKD,EUR,SP00,A,2022-12-12,8.2103
EXR.D.HKD.EUR.SP00.A,D,HKD,EUR,SP00,A,2022-12-13,8.2033
EXR.D.HKD.EUR.SP00.A,D,HKD,EUR,SP00,A,2022-12-14,8.2751
EXR.D.HKD.EUR.SP00.A,D,HKD,EUR,SP00,A,2022-12-15,8.2551
EXR.D.HKD.EUR.SP00.A,D,HKD,EUR,SP00,A,2022-12-16,8.2632
EXR.D.HKD.EUR.SP00.A,D,HKD,EUR,SP00,A,2022-12-19,8.2428
EXR.D.HKD.EUR.SP00.A,D,HKD,EUR,SP00,A,2022-12-20,8.2488
EXR.D.HKD.EUR.SP00.A,D,HKD,EUR,SP00,A,2022-12-21,8.2902
EXR.D.HKD.EUR.SP00.A,D,HKD,EUR,SP00,A,2022-12-22,8.2883
EXR.D.HKD.EUR.SP00.A,D,HKD,EUR,SP00,A,2022-12-23,8.2878
EXR.D.HKD.EUR.SP00.A,D,HKD,EUR,SP00,A,2022-12-27,8.2874
EXR.D.HKD.EUR.SP00.A,D,HKD,EUR,SP00,A,2022-12-28,8.2931
EXR.D.HKD.EUR.SP00.A,D,HKD,EUR,SP00,A,2022-12-29,8.2994
EXR.D.HKD.EUR.SP00.A,D,HKD,EUR,SP00,A,2022-12-30,8.3163
EXR.D.HKD.EUR.SP00.A,D,HKD,EUR,SP00,A,2023-01-02,8.3389
EXR.D.HKD.EUR.SP00.A,D,HKD,EUR,SP00,A,2023-01-03,8.2392
EXR.D.HKD.EUR.SP00.A,D,HKD,EUR,SP00,A,2023-01-04,8.2864
EXR.D.HKD.EUR.SP00.A,D,HKD,EUR,SP00,A,2023-01-05,8.2788
EXR.D.HKD.EUR.SP00.A,D,HKD,EUR,SP00,A,2023-01-06,8.2006
EXR.D.HKD.EUR.SP00.A,D,HKD,EUR,SP00,A,2023-01-09,8.3508
EXR.D.HKD.EUR.SP00.A,D,HKD,EUR,SP00,A,2023-01-10,8.374
EXR.D.HKD.EUR.SP00.A,D,HKD,EUR,SP00,A,2023-01-11,8.3974
EXR.D.HKD.EUR.SP00.A,D,HKD,EUR,SP00,A,2023-01-12,8.4121
EXR.D.HKD.EUR.SP00.A,D,HKD,EUR,SP00,A,2023-01-13,8.4471
EXR.D.HKD.EUR.SP00.A,D,HKD,EUR,SP00,A,2023-01-16,8.4449
EXR.D.HKD.EUR.SP00.A,D,HKD,EUR,SP00,A,2023-01-17,8.4807
EXR.D.HKD.EUR.SP00.A,D,HKD,EUR,SP00,A,2023-01-18,8.4814
EXR.D.HKD.EUR.SP00.A,D,HKD,EUR,SP00,A,2023-01-19,8.4696
EXR.D.HKD.EUR.SP00.A,D,HKD,EUR,SP00,A,2023-01-20,8.4775
EXR.D.HKD.EUR.SP00.A,D,HKD,EUR,SP00,A,2023-01-23,8.5105
EXR.D.HKD.EUR.SP00.A,D,HKD,EUR,SP00,A,2023-01-24,8.5014
EXR.D.HKD.EUR.SP00.A,D,HKD,EUR,SP00,A,2023-01-25,8.5202
EXR.D.HKD.EUR.SP00.A,D,HKD,EUR,SP00,A,2023-01-26,8.5295
EXR.D.HKD.EUR.SP00.A,D,HKD,EUR,SP00,A,2023-01-27,8.5061
EXR.D.HKD.EUR.SP00.A,D,HKD,EUR,SP00,A,2023-01-30,8.5415
EXR.D.HKD.EUR.SP00.A,D,HKD,EUR,SP00,A,2023-01-31,8.4898
EXR.D.HKD.EUR.SP00.A,D,HKD,EUR,SP00,A,2023-02-01,8.5444
EXR.D.HKD.EUR.SP00.A,D,HKD,EUR,SP00,A,2023-02-02,8.6183
EXR.D.HKD.EUR.SP00.A,D,HKD,EUR,SP00,A,2023-02-03,8.5802
EXR.D.HKD.EUR.SP00.A,D,HKD,EUR,SP00,A,2023-02-06,8.4539
EXR.D.HKD.EUR.SP00.A,D,HKD,EUR,SP00,A,2023-02-07,8.3974
EXR.D.HKD.EUR.SP00.A,D,HKD,EUR,SP00,A,2023-02-08,8.4265
EXR.D.HKD.EUR.SP00.A,D,HKD,EUR,SP00,A,2023-02-09,8.4551
EXR.D.HKD.EUR.SP00.A,D,HKD,EUR,SP00,A,2023-02-10,8.3916
EXR.D.HKD.EUR.SP00.A,D,HKD,EUR,SP00,A,2023-02-13,8.3885
EXR.D.HKD.EUR.SP00.A,D,HKD,EUR,SP00,A,2023-02-14,8.4457
EXR.D.HKD.EUR.SP00.A,D,HKD,EUR,SP00,A,2023-02-15,8.3983
EXR.D.HKD.EUR.SP00.A,D,HKD,EUR,SP00,A,2023-02-16,8.3985
EXR.D.HKD.EUR.SP00.A,D,HKD,EUR,SP00,A,2023-02-17,8.3349
EXR.D.HKD.EUR.SP00.A,D,HKD,EUR,SP00,A,2023-02-20,8.3623
EXR.D.HKD.EUR.SP00.A,D,HKD,EUR,SP00,A,2023-02-21,8.3645
EXR.D.HKD.EUR.SP00.A,D,HKD,EUR,SP00,A,2023-02-22,8.3512
EXR.D.HKD.EUR.SP00.A,D,HKD,EUR,SP00,A,2023-02-23,8.3291
EXR.D.HKD.EUR.SP00.A,D,HKD,EUR,SP00,A,2023-02-24,8.2959
EXR.D.HKD.EUR.SP00.A,D,HKD,EUR,SP00,A,2023-02-27,8.2818
EXR.D.HKD.EUR.SP00.A,D,HKD,EUR,SP00,A,2023-02-28,8.3351
EXR.D.HKD.EUR.SP00.A,D,HKD,EUR,SP00,A,2023-03-01,8.3866
EXR.D.HKD.EUR.SP00.A,D,HKD,EUR,SP00,A,2023-03-02,8.3244
EXR.D.HKD.EUR.SP00.A,D,HKD,EUR,SP00,A,2023-03-03,8.3325
EXR.D.HKD.EUR.SP00.A,D,HKD,EUR,SP00,A,2023-03-06,8.357
EXR.D.HKD.EUR.SP00.A,D,HKD,EUR,SP00,A,2023-03-07,8.3719
EXR.D.HKD.EUR.SP00.A,D,HKD,EUR,SP00,A,2023-03-08,8.2777
EXR.D.HKD.EUR.SP00.A,D,HKD,EUR,SP00,A,2023-03-09,8.2848
EXR.D.HKD.EUR.SP00.A,D,HKD,EUR,SP00,A,2023-03-10,8.3095
EXR.D.HKD.EUR.SP00.A,D,HKD,EUR,SP00,A,2023-03-13,8.3963
EXR.D.HKD.EUR.SP00.A,D,HKD,EUR,SP00,A,2023-03-14,8.4248
EXR.D.HKD.EUR.SP00.A,D,HKD,EUR,SP00,A,2023-03-15,8.2796
EXR.D.HKD.EUR.SP00.A,D,HKD,EUR,SP00,A,2023-03-16,8.3165
EXR.D.HKD.EUR.SP00.A,D,HKD,EUR,SP00,A,2023-03-17,8.3387
EXR.D.HKD.EUR.SP00.A,D,HKD,EUR,SP00,A,2023-03-20,8.4038
EXR.D.HKD.EUR.SP00.A,D,HKD,EUR,SP00,A,2023-03-21,8.4547
EXR.D.HKD.EUR.SP00.A,D,HKD,EUR,SP00,A,2023-03-22,8.4636
EXR.D.HKD.EUR.SP00.A,D,HKD,EUR,SP00,A,2023-03-23,8.5396
EXR.D.HKD.EUR.SP00.A,D,HKD,EUR,SP00,A,2023-03-24,8.4344
EXR.D.HKD.EUR.SP00.A,D,HKD,EUR,SP00,A,2023-03-27,8.4566
EXR.D.HKD.EUR.SP00.A,D,HKD,EUR,SP00,A,2023-03-28,8.51
EXR.D.HKD.EUR.SP00.A,D,HKD,EUR,SP00,A,2023-03-29,8.5147
EXR.D.HKD.EUR.SP00.A,D,HKD,EUR,SP00,A,2023-03-30,8.5455
EXR.D.HKD.EUR.SP00.A,D,HKD,EUR,SP00,A,2023-03-31,8.5367
EXR.D.HKD.EUR.SP00.A,D,HKD,EUR,SP00,A,2023-04-03,8.5328
EXR.D.HKD.EUR.SP00.A,D,HKD,EUR,SP00,A,2023-04-04,8.5569
EXR.D.HKD.EUR.SP00.A,D,HKD,EUR,SP00,A,2023-04-05,8.5877
EXR.D.HKD.EUR.SP00.A,D,HKD,EUR,SP00,A,2023-04-06,8.5682
EXR.D.HKD.EUR.SP00.A,D,HKD,EUR,SP00,A,2023-04-11,8.5603
EXR.D.HKD.EUR.SP00.A,D,HKD,EUR,SP00,A,2023-04-12,8.5737
EXR.D.HKD.EUR.SP00.A,D,HKD,EUR,SP00,A,2023-04-13,8.6468
EXR.D.HKD.EUR.SP00.A,D,HKD,EUR,SP00,A,2023-04-14,8.6797
EXR.D.HKD.EUR.SP00.A,D,HKD,EUR,SP00,A,2023-04-17,8.62
EXR.D.HKD.EUR.SP00.A,D,HKD,EUR,SP00,A,2023-04-18,8.6129
EXR.D.HKD.EUR.SP00.A,D,HKD,EUR,SP00,A,2023-04-19,8.5816
EXR.D.HKD.EUR.SP00.A,D,HKD,EUR,SP00,A,2023-04-20,8.5907
EXR.D.HKD.EUR.SP00.A,D,HKD,EUR,SP00,A,2023-04-21,8.6157
EXR.D.HKD.EUR.SP00.A,D,HKD,EUR,SP00,A,2023-04-24,8.6346
EXR.D.HKD.EUR.SP00.A,D,HKD,EUR,SP00,A,2023-04-25,8.652
EXR.D.HKD.EUR.SP00.A,D,HKD,EUR,SP00,A,2023-04-26,8.6655
EXR.D.HKD.EUR.SP00.A,D,HKD,EUR,SP00,A,2023-04-27,8.6679
EXR.D.HKD.EUR.SP00.A,D,HKD,EUR,SP00,A,2023-04-28,8.6199
EXR.D.HKD.EUR.SP00.A,D,HKD,EUR,SP00,A,2023-05-02,8.6075
EXR.D.HKD.EUR.SP00.A,D,HKD,EUR,SP00,A,2023-05-03,8.6687
EXR.D.HKD.EUR.SP00.A,D,HKD,EUR,SP00,A,2023-05-04,8.6909
EXR.D.HKD.EUR.SP00.A,D,HKD,EUR,SP00,A,2023-05-05,8.6434
EXR.D.HKD.EUR.SP00.A,D,HKD,EUR,SP00,A,2023-05-08,8.6618
EXR.D.HKD.EUR.SP00.A,D,HKD,EUR,SP00,A,2023-05-09,8.5934
EXR.D.HKD.EUR.SP00.A,D,HKD,EUR,SP00,A,2023-05-10,8.5739
EXR.D.HKD.EUR.SP00.A,D,HKD,EUR,SP00,A,2023-05-11,8.5671
EXR.D.HKD.EUR.SP00.A,D,HKD,EUR,SP00,A,2023-05-12,8.5425
EXR.D.HKD.EUR.SP00.A,D,HKD,EUR,SP00,A,2023-05-15,8.525
EXR.D.HKD.EUR.SP00.A,D,HKD,EUR,SP00,A,2023-05-16,8.5293
EXR.D.HKD.EUR.SP00.A,D,HKD,EUR,SP00,A,2023-05-17,8.4788
EXR.D.HKD.EUR.SP00.A,D,HKD,EUR,SP00,A,2023-05-18,8.464
EXR.D.HKD.EUR.SP00.A,D,HKD,EUR,SP00,A,2023-05-19,8.4494
EXR.D.HKD.EUR.SP00.A,D,HKD,EUR,SP00,A,2023-05-22,8.4696
EXR.D.HKD.EUR.SP00.A,D,HKD,EUR,SP00,A,2023-05-23,8.448
EXR.D.HKD.EUR.SP00.A,D,HKD,EUR,SP00,A,2023-05-24,8.4462
EXR.D.HKD.EUR.SP00.A,D,HKD,EUR,SP00,A,2023-05-25,8.4092
EXR.D.HKD.EUR.SP00.A,D,HKD,EUR,SP00,A,2023-05-26,8.423
EXR.D.HKD.EUR.SP00.A,D,HKD,EUR,SP00,A,2023-05-29,8.39
EXR.D.HKD.EUR.SP00.A,D,HKD,EUR,SP00,A,2023-05-30,8.4158
EXR.D.HKD.EUR.SP00.A,D,HKD,EUR,SP00,A,2023-05-31,8.3696
EXR.D.HKD.EUR.SP00.A,D,HKD,EUR,SP00,A,2023-06-01,8.3786
EXR.D.HKD.EUR.SP00.A,D,HKD,EUR,SP00,A,2023-06-02,8.4346
EXR.D.HKD.EUR.SP00.A,D,HKD,EUR,SP00,A,2023-06-05,8.3787
EXR.D.HKD.EUR.SP00.A,D,HKD,EUR,SP00,A,2023-06-06,8.3777
EXR.D.HKD.EUR.SP00.A,D,HKD,EUR,SP00,A,2023-06-07,8.4029
EXR.D.HKD.EUR.SP00.A,D,HKD,EUR,SP00,A,2023-06-08,8.4126
EXR.D.HKD.EUR.SP00.A,D,HKD,EUR,SP00,A,2023-06-09,8.4493
EXR.D.HKD.EUR.SP00.A,D,HKD,EUR,SP00,A,2023-06-12,8.4326
EXR.D.HKD.EUR.SP00.A,D,HKD,EUR,SP00,A,2023-06-13,8.455
EXR.D.HKD.EUR.SP00.A,D,HKD,EUR,SP00,A,2023-06-14,8.4645
EXR.D.HKD.EUR.SP00.A,D,HKD,EUR,SP00,A,2023-06-15,8.4661
EXR.D.HKD.EUR.SP00.A,D,HKD,EUR,SP00,A,2023-06-16,8.5799
EXR.D.HKD.EUR.SP00.A,D,HKD,EUR,SP00,A,2023-06-19,8.5379
EXR.D.HKD.EUR.SP00.A,D,HKD,EUR,SP00,A,2023-06-20,8.556
EXR.D.HKD.EUR.SP00.A,D,HKD,EUR,SP00,A,2023-06-21,8.551
EXR.D.HKD.EUR.SP00.A,D,HKD,EUR,SP00,A,2023-06-22,8.5987
EXR.D.HKD.EUR.SP00.A,D,HKD,EUR,SP00,A,2023-06-23,8.5216
EXR.D.HKD.EUR.SP00.A,D,HKD,EUR,SP00,A,2023-06-26,8.5481
EXR.D.HKD.EUR.SP00.A,D,HKD,EUR,SP00,A,2023-06-27,8.5782
EXR.D.HKD.EUR.SP00.A,D,HKD,EUR,SP00,A,2023-06-28,8.5667
EXR.D.HKD.EUR.SP00.A,D,HKD,EUR,SP00,A,2023-06-29,8.5713
EXR.D.HKD.EUR.SP00.A,D,HKD,EUR,SP00,A,2023-06-30,8.5157
EXR.D.HKD.EUR.SP00.A,D,HKD,EUR,SP00,A,2023-07-03,8.5402
EXR.D.HKD.EUR.SP00.A,D,HKD,EUR,SP00,A,2023-07-04,8.5314
EXR.D.HKD.EUR.SP00.A,D,HKD,EUR,SP00,A,2023-07-05,8.5108
EXR.D.HKD.EUR.SP00.A,D,HKD,EUR,SP00,A,2023-07-06,8.5239
EXR.D.HKD.EUR.SP00.A,D,HKD,EUR,SP00,A,2023-07-07,8.5232
EXR.D.HKD.EUR.SP00.A,D,HKD,EUR,SP00,A,2023-07-10,8.5783
EXR.D.HKD.EUR.SP00.A,D,HKD,EUR,SP00,A,2023-07-11,8.6023
EXR.D.HKD.EUR.SP00.A,D,HKD,EUR,SP00,A,2023-07-12,8.6268
EXR.D.HKD.EUR.SP00.A,D,HKD,EUR,SP00,A,2023-07-13,8.7481
EXR.D.HKD.EUR.SP00.A,D,HKD,EUR,SP00,A,2023-07-14,8.7694
EXR.D.HKD.EUR.SP00.A,D,HKD,EUR,SP00,A,2023-07-17,8.775
EXR.D.HKD.EUR.SP00.A,D,HKD,EUR,SP00,A,2023-07-18,8.7918
EXR.D.HKD.EUR.SP00.A,D,HKD,EUR,SP00,A,2023-07-19,8.7612
EXR.D.HKD.EUR.SP00.A,D,HKD,EUR,SP00,A,2023-07-20,8.7465
EXR.D.HKD.EUR.SP00.A,D,HKD,EUR,SP00,A,2023-07-21,8.6946
EXR.D.HKD.EUR.SP00.A,D,HKD,EUR,SP00,A,2023-07-24,8.6688
EXR.D.HKD.EUR.SP00.A,D,HKD,EUR,SP00,A,2023-07-25,8.6336
EXR.D.HKD.EUR.SP00.A,D,HKD,EUR,SP00,A,2023-07-26,8.6308
EXR.D.HKD.EUR.SP00.A,D,HKD,EUR,SP00,A,2023-07-27,8.6787
EXR.D.HKD.EUR.SP00.A,D,HKD,EUR,SP00,A,2023-07-28,8.5865
EXR.D.HKD.EUR.SP00.A,D,HKD,EUR,SP00,A,2023-07-31,8.5966
EXR.D.HKD.EUR.SP00.A,D,HKD,EUR,SP00,A,2023-08-01,8.5508
EXR.D.HKD.EUR.SP00.A,D,HKD,EUR,SP00,A,2023-08-02,8.5679
EXR.D.HKD.EUR.SP00.A,D,HKD,EUR,SP00,A,2023-08-03,8.5331
EXR.D.HKD.EUR.SP00.A,D,HKD,EUR,SP00,A,2023-08-04,8.5485
EXR.D.HKD.EUR.SP00.A,D,HKD,EUR,SP00,A,2023-08-07,8.5744
EXR.D.HKD.EUR.SP00.A,D,HKD,EUR,SP00,A,2023-08-08,8.5491
EXR.D.HKD.EUR.SP00.A,D,HKD,EUR,SP00,A,2023-08-09,8.5766
EXR.D.HKD.EUR.SP00.A,D,HKD,EUR,SP00,A,2023-08-10,8.6127
EXR.D.HKD.EUR.SP00.A,D,HKD,EUR,SP00,A,2023-08-11,8.6007
EXR.D.HKD.EUR.SP00.A,D,HKD,EUR,SP00,A,2023-08-14,8.5458
EXR.D.HKD.EUR.SP00.A,D,HKD,EUR,SP00,A,2023-08-15,8.5482
EXR.D.HKD.EUR.SP00.A,D,HKD,EUR,SP00,A,2023-08-16,8.5466
EXR.D.HKD.EUR.SP00.A,D,HKD,EUR,SP00,A,2023-08-17,8.5318
EXR.D.HKD.EUR.SP00.A,D,HKD,EUR,SP00,A,2023-08-18,8.5105
EXR.D.HKD.EUR.SP00.A,D,HKD,EUR,SP00,A,2023-08-21,8.5488
EXR.D.HKD.EUR.SP00.A,D,HKD,EUR,SP00,A,2023-08-22,8.5328
EXR.D.HKD.EUR.SP00.A,D,HKD,EUR,SP00,A,2023-08-23,8.4716
EXR.D.HKD.EUR.SP00.A,D,HKD,EUR,SP00,A,2023-08-24,8.5009
EXR.D.HKD.EUR.SP00.A,D,HKD,EUR,SP00,A,2023-08-25,8.477
EXR.D.HKD.EUR.SP00.A,D,HKD,EUR,SP00,A,2023-08-28,8.4789
EXR.D.HKD.EUR.SP00.A,D,HKD,EUR,SP00,A,2023-08-29,8.477
EXR.D.HKD.EUR.SP00.A,D,HKD,EUR,SP00,A,2023-08-30,8.5427
EXR.D.HKD.EUR.SP00.A,D,HKD,EUR,SP00,A,2023-08-31,8.525
EXR.D.HKD.EUR.SP00.A,D,HKD,EUR,SP00,A,2023-09-01,8.5068
EXR.D.HKD.EUR.SP00.A,D,HKD,EUR,SP00,A,2023-09-04,8.462
EXR.D.HKD.EUR.SP00.A,D,HKD,EUR,SP00,A,2023-09-05,8.4134
EXR.D.HKD.EUR.SP00.A,D,HKD,EUR,SP00,A,2023-09-06,8.4261
EXR.D.HKD.EUR.SP00.A,D,HKD,EUR,SP00,A,2023-09-07,8.3961
EXR.D.HKD.EUR.SP00.A,D,HKD,EUR,SP00,A,2023-09-08,8.3915
EXR.D.HKD.EUR.SP00.A,D,HKD,EUR,SP00,A,2023-09-11,8.3995
EXR.D.HKD.EUR.SP00.A,D,HKD,EUR,SP00,A,2023-09-12,8.3879
EXR.D.HKD.EUR.SP00.A,D,HKD,EUR,SP00,A,2023-09-13,8.3984
EXR.D.HKD.EUR.SP00.A,D,HKD,EUR,SP00,A,2023-09-14,8.3998
EXR.D.HKD.EUR.SP00.A,D,HKD,EUR,SP00,A,2023-09-15,8.3416
EXR.D.HKD.EUR.SP00.A,D,HKD,EUR,SP00,A,2023-09-18,8.3386
EXR.D.HKD.EUR.SP00.A,D,HKD,EUR,SP00,A,2023-09-19,8.3756
EXR.D.HKD.EUR.SP00.A,D,HKD,EUR,SP00,A,2023-09-20,8.3719
EXR.D.HKD.EUR.SP00.A,D,HKD,EUR,SP00,A,2023-09-21,8.3181
EXR.D.HKD.EUR.SP00.A,D,HKD,EUR,SP00,A,2023-09-22,8.3262
EXR.D.HKD.EUR.SP00.A,D,HKD,EUR,SP00,A,2023-09-25,8.3126
EXR.D.HKD.EUR.SP00.A,D,HKD,EUR,SP00,A,2023-09-26,8.2942
EXR.D.HKD.EUR.SP00.A,D,HKD,EUR,SP00,A,2023-09-27,8.2397
EXR.D.HKD.EUR.SP00.A,D,HKD,EUR,SP00,A,2023-09-28,8.2491
EXR.D.HKD.EUR.SP00.A,D,HKD,EUR,SP00,A,2023-09-29,8.2959
EXR.D.HKD.EUR.SP00.A,D,HKD,EUR,SP00,A,2023-10-02,8.2476
EXR.D.HKD.EUR.SP00.A,D,HKD,EUR,SP00,A,2023-10-03,8.1992
EXR.D.HKD.EUR.SP00.A,D,HKD,EUR,SP00,A,2023-10-04,8.2191
EXR.D.HKD.EUR.SP00.A,D,HKD,EUR,SP00,A,2023-10-05,8.2412
EXR.D.HKD.EUR.SP00.A,D,HKD,EUR,SP00,A,2023-10-06,8.2728
EXR.D.HKD.EUR.SP00.A,D,HKD,EUR,SP00,A,2023-10-09,8.2458
EXR.D.HKD.EUR.SP00.A,D,HKD,EUR,SP00,A,2023-10-10,8.2744
EXR.D.HKD.EUR.SP00.A,D,HKD,EUR,SP00,A,2023-10-11,8.2917
EXR.D.HKD.EUR.SP00.A,D,HKD,EUR,SP00,A,2023-10-12,8.3056
EXR.D.HKD.EUR.SP00.A,D,HKD,EUR,SP00,A,2023-10-13,8.2353
EXR.D.HKD.EUR.SP00.A,D,HKD,EUR,SP00,A,2023-10-16,8.2382
EXR.D.HKD.EUR.SP00.A,D,HKD,EUR,SP00,A,2023-10-17,8.2681
EXR.D.HKD.EUR.SP00.A,D,HKD,EUR,SP00,A,2023-10-18,8.2687
EXR.D.HKD.EUR.SP00.A,D,HKD,EUR,SP00,A,2023-10-19,8.2624
EXR.D.HKD.EUR.SP00.A,D,HKD,EUR,SP00,A,2023-10-20,8.2851
EXR.D.HKD.EUR.SP00.A,D,HKD,EUR,SP00,A,2023-10-23,8.293
EXR.D.HKD.EUR.SP00.A,D,HKD,EUR,SP00,A,2023-10-24,8.3169
EXR.D.HKD.EUR.SP00.A,D,HKD,EUR,SP00,A,2023-10-25,8.2728
EXR.D.HKD.EUR.SP00.A,D,HKD,EUR,SP00,A,2023-10-26,8.2432
EXR.D.HKD.EUR.SP00.A,D,HKD,EUR,SP00,A,2023-10-27,8.2426
EXR.D.HKD.EUR.SP00.A,D,HKD,EUR,SP00,A,2023-10-30,8.2939
EXR.D.HKD.EUR.SP00.A,D,HKD,EUR,SP00,A,2023-10-31,8.3079
EXR.D.HKD.EUR.SP00.A,D,HKD,EUR,SP00,A,2023-11-01,8.2436
EXR.D.HKD.EUR.SP00.A,D,HKD,EUR,SP00,A,2023-11-02,8.3424
EXR.D.HKD.EUR.SP00.A,D,HKD,EUR,SP00,A,2023-11-03,8.3745
EXR.D.HKD.EUR.SP00.A,D,HKD,EUR,SP00,A,2023-11-06,8.402
EXR.D.HKD.EUR.SP00.A,D,HKD,EUR,SP00,A,2023-11-07,8.3558
EXR.D.HKD.EUR.SP00.A,D,HKD,EUR,SP00,A,2023-11-08,8.3408
EXR.D.HKD.EUR.SP00.A,D,HKD,EUR,SP00,A,2023-11-09,8.3505
EXR.D.HKD.EUR.SP00.A,D,HKD,EUR,SP00,A,2023-11-10,8.3433
EXR.D.HKD.EUR.SP00.A,D,HKD,EUR,SP00,A,2023-11-13,8.3309
EXR.D.HKD.EUR.SP00.A,D,HKD,EUR,SP00,A,2023-11-14,8.3754
EXR.D.HKD.EUR.SP00.A,D,HKD,EUR,SP00,A,2023-11-15,8.4852
EXR.D.HKD.EUR.SP00.A,D,HKD,EUR,SP00,A,2023-11-16,8.464
EXR.D.HKD.EUR.SP00.A,D,HKD,EUR,SP00,A,2023-11-17,8.4785
EXR.D.HKD.EUR.SP00.A,D,HKD,EUR,SP00,A,2023-11-20,8.5165
EXR.D.HKD.EUR.SP00.A,D,HKD,EUR,SP00,A,2023-11-21,8.5409
EXR.D.HKD.EUR.SP00.A,D,HKD,EUR,SP00,A,2023-11-22,8.5061
EXR.D.HKD.EUR.SP00.A,D,HKD,EUR,SP00,A,2023-11-23,8.5
EXR.D.HKD.EUR.SP00.A,D,HKD,EUR,SP00,A,2023-11-24,8.5086
EXR.D.HKD.EUR.SP00.A,D,HKD,EUR,SP00,A,2023-11-27,8.531
EXR.D.HKD.EUR.SP00.A,D,HKD,EUR,SP00,A,2023-11-28,8.5368
EXR.D.HKD.EUR.SP00.A,D,HKD,EUR,SP00,A,2023-11-29,8.5711
EXR.D.HKD.EUR.SP00.A,D,HKD,EUR,SP00,A,2023-11-30,8.5384
EXR.D.HKD.EUR.SP00.A,D,HKD,EUR,SP00,A,2023-12-01,8.497
EXR.D.HKD.EUR.SP00.A,D,HKD,EUR,SP00,A,2023-12-04,8.4929
EXR.D.HKD.EUR.SP00.A,D,HKD,EUR,SP00,A,2023-12-05,8.4562
EXR.D.HKD.EUR.SP00.A,D,HKD,EUR,SP00,A,2023-12-06,8.4173
EXR.D.HKD.EUR.SP00.A,D,HKD,EUR,SP00,A,2023-12-07,8.4174
EXR.D.HKD.EUR.SP00.A,D,HKD,EUR,SP00,A,2023-12-08,8.419
EXR.D.HKD.EUR.SP00.A,D,HKD,EUR,SP00,A,2023-12-11,8.3971
EXR.D.HKD.EUR.SP00.A,D,HKD,EUR,SP00,A,2023-12-12,8.4377
EXR.D.HKD.EUR.SP00.A,D,HKD,EUR,SP00,A,2023-12-13,8.4288
EXR.D.HKD.EUR.SP00.A,D,HKD,EUR,SP00,A,2023-12-14,8.5251
EXR.D.HKD.EUR.SP00.A,D,HKD,EUR,SP00,A,2023-12-15,8.5438
EXR.D.HKD.EUR.SP00.A,D,HKD,EUR,SP00,A,2023-12-18,8.5135
EXR.D.HKD.EUR.SP00.A,D,HKD,EUR,SP00,A,2023-12-19,8.5498
EXR.D.HKD.EUR.SP00.A,D,HKD,EUR,SP00,A,2023-12-20,8.5439
EXR.D.HKD.EUR.SP00.A,D,HKD,EUR,SP00,A,2023-12-21,8.5781
EXR.D.HKD.EUR.SP00.A,D,HKD,EUR,SP00,A,2023-12-22,8.6105
EXR.D.HKD.EUR.SP00.A,D,HKD,EUR,SP00,A,2023-12-27,8.6409
EXR.D.HKD.EUR.SP00.A,D,HKD,EUR,SP00,A,2023-12-28,8.6876
EXR.D.HKD.EUR.SP00.A,D,HKD,EUR,SP00,A,2023-12-29,8.6314
EXR.D.HKD.EUR.SP00.A,D,HKD,EUR,SP00,A,2024-01-02,8.5609
EXR.D.HKD.EUR.SP00.A,D,HKD,EUR,SP00,A,2024-01-03,8.5257
EXR.D.HKD.EUR.SP00.A,D,HKD,EUR,SP00,A,2024-01-04,8.5523
EXR.D.HKD.EUR.SP00.A,D,HKD,EUR,SP00,A,2024-01-05,8.5297
EXR.D.HKD.EUR.SP00.A,D,HKD,EUR,SP00,A,2024-01-08,8.5459
EXR.D.HKD.EUR.SP00.A,D,HKD,EUR,SP00,A,2024-01-09,8.5499
EXR.D.HKD.EUR.SP00.A,D,HKD,EUR,SP00,A,2024-01-10,8.5602
EXR.D.HKD.EUR.SP00.A,D,HKD,EUR,SP00,A,2024-01-11,8.5899
EXR.D.HKD.EUR.SP00.A,D,HKD,EUR,SP00,A,2024-01-12,8.5599
EXR.D.HKD.EUR.SP00.A,D,HKD,EUR,SP00,A,2024-01-15,8.5599
EXR.D.HKD.EUR.SP00.A,D,HKD,EUR,SP00,A,2024-01-16,8.516
EXR.D.HKD.EUR.SP00.A,D,HKD,EUR,SP00,A,2024-01-17,8.511
EXR.D.HKD.EUR.SP00.A,D,HKD,EUR,SP00,A,2024-01-18,8.5062
EXR.D.HKD.EUR.SP00.A,D,HKD,EUR,SP00,A,2024-01-19,8.5128
EXR.D.HKD.EUR.SP00.A,D,HKD,EUR,SP00,A,2024-01-22,8.513
EXR.D.HKD.EUR.SP00.A,D,HKD,EUR,SP00,A,2024-01-23,8.5046
EXR.D.HKD.EUR.SP00.A,D,HKD,EUR,SP00,A,2024-01-24,8.5265
EXR.D.HKD.EUR.SP00.A,D,HKD,EUR,SP00,A,2024-01-25,8.5136
EXR.D.HKD.EUR.SP00.A,D,HKD,EUR,SP00,A,2024-01-26,8.4933
EXR.D.HKD.EUR.SP00.A,D,HKD,EUR,SP00,A,2024-01-29,8.4549
EXR.D.HKD.EUR.SP00.A,D,HKD,EUR,SP00,A,2024-01-30,8.4775
EXR.D.HKD.EUR.SP00.A,D,HKD,EUR,SP00,A,2024-01-31,8.4734
EXR.D.HKD.EUR.SP00.A,D,HKD,EUR,SP00,A,2024-02-01,8.4563
EXR.D.HKD.EUR.SP00.A,D,HKD,EUR,SP00,A,2024-02-02,8.509
EXR.D.HKD.EUR.SP00.A,D,HKD,EUR,SP00,A,2024-02-05,8.4053
EXR.D.HKD.EUR.SP00.A,D,HKD,EUR,SP00,A,2024-02-06,8.4042
EXR.D.HKD.EUR.SP00.A,D,HKD,EUR,SP00,A,2024-02-07,8.4273
EXR.D.HKD.EUR.SP00.A,D,HKD,EUR,SP00,A,2024-02-08,8.4139
EXR.D.HKD.EUR.SP00.A,D,HKD,EUR,SP00,A,2024-02-09,8.4237
EXR.D.HKD.EUR.SP00.A,D,HKD,EUR,SP00,A,2024-02-12,8.4245
EXR.D.HKD.EUR.SP00.A,D,HKD,EUR,SP00,A,2024-02-13,8.4372
EXR.D.HKD.EUR.SP00.A,D,HKD,EUR,SP00,A,2024-02-14,8.3754
EXR.D.HKD.EUR.SP00.A,D,HKD,EUR,SP00,A,2024-02-15,8.4009
EXR.D.HKD.EUR.SP00.A,D,HKD,EUR,SP00,A,2024-02-16,8.4236
EXR.D.HKD.EUR.SP00.A,D,HKD,EUR,SP00,A,2024-02-19,8.4273
EXR.D.HKD.EUR.SP00.A,D,HKD,EUR,SP00,A,2024-02-20,8.4487
EXR.D.HKD.EUR.SP00.A,D,HKD,EUR,SP00,A,2024-02-21,8.4544
EXR.D.HKD.EUR.SP00.A,D,HKD,EUR,SP00,A,2024-02-22,8.4817
EXR.D.HKD.EUR.SP00.A,D,HKD,EUR,SP00,A,2024-02-23,8.476
EXR.D.HKD.EUR.SP00.A,D,HKD,EUR,SP00,A,2024-02-26,8.4898
EXR.D.HKD.EUR.SP00.A,D,HKD,EUR,SP00,A,2024-02-27,8.4947
EXR.D.HKD.EUR.SP00.A,D,HKD,EUR,SP00,A,2024-02-28,8.4599
EXR.D.HKD.EUR.SP00.A,D,HKD,EUR,SP00,A,2024-02-29,8.4735
EXR.D.HKD.EUR.SP00.A,D,HKD,EUR,SP00,A,2024-03-01,8.465
EXR.D.HKD.EUR.SP00.A,D,HKD,EUR,SP00,A,2024-03-04,8.4861
EXR.D.HKD.EUR.SP00.A,D,HKD,EUR,SP00,A,2024-03-05,8.4873
EXR.D.HKD.EUR.SP00.A,D,HKD,EUR,SP00,A,2024-03-06,8.5088
EXR.D.HKD.EUR.SP00.A,D,HKD,EUR,SP00,A,2024-03-07,8.5215
EXR.D.HKD.EUR.SP00.A,D,HKD,EUR,SP00,A,2024-03-08,8.5492
EXR.D.HKD.EUR.SP00.A,D,HKD,EUR,SP00,A,2024-03-11,8.544
EXR.D.HKD.EUR.SP00.A,D,HKD,EUR,SP00,A,2024-03-12,8.5405
EXR.D.HKD.EUR.SP00.A,D,HKD,EUR,SP00,A,2024-03-13,8.5574
EXR.D.HKD.EUR.SP00.A,D,HKD,EUR,SP00,A,2024-03-14,8.5455
EXR.D.HKD.EUR.SP00.A,D,HKD,EUR,SP00,A,2024-03-15,8.5199
EXR.D.HKD.EUR.SP00.A,D,HKD,EUR,SP00,A,2024-03-18,8.5168
EXR.D.HKD.EUR.SP00.A,D,HKD,EUR,SP00,A,2024-03-19,8.4902
EXR.D.HKD.EUR.SP00.A,D,HKD,EUR,SP00,A,2024-03-20,8.4837
EXR.D.HKD.EUR.SP00.A,D,HKD,EUR,SP00,A,2024-03-21,8.53
EXR.D.HKD.EUR.SP00.A,D,HKD,EUR,SP00,A,2024-03-22,8.4645
EXR.D.HKD.EUR.SP00.A,D,HKD,EUR,SP00,A,2024-03-25,8.4748
EXR.D.HKD.EUR.SP00.A,D,HKD,EUR,SP00,A,2024-03-26,8.492
EXR.D.HKD.EUR.SP00.A,D,HKD,EUR,SP00,A,2024-03-27,8.4615
EXR.D.HKD.EUR.SP00.A,D,HKD,EUR,SP00,A,2024-03-28,8.4594
EXR.D.HKD.EUR.SP00.A,D,HKD,EUR,SP00,A,2024-04-02,8.4148
EXR.D.HKD.EUR.SP00.A,D,HKD,EUR,SP00,A,2024-04-03,8.4421
EXR.D.HKD.EUR.SP00.A,D,HKD,EUR,SP00,A,2024-04-04,8.4957
EXR.D.HKD.EUR.SP00.A,D,HKD,EUR,SP00,A,2024-04-05,8.4868
EXR.D.HKD.EUR.SP00.A,D,HKD,EUR,SP00,A,2024-04-08,8.4761
EXR.D.HKD.EUR.SP00.A,D,HKD,EUR,SP00,A,2024-04-09,8.5096
EXR.D.HKD.EUR.SP00.A,D,HKD,EUR,SP00,A,2024-04-10,8.506
EXR.D.HKD.EUR.SP00.A,D,HKD,EUR,SP00,A,2024-04-11,8.4058
EXR.D.HKD.EUR.SP00.A,D,HKD,EUR,SP00,A,2024-04-12,8.3478
EXR.D.HKD.EUR.SP00.A,D,HKD,EUR,SP00,A,2024-04-15,8.3419
EXR.D.HKD.EUR.SP00.A,D,HKD,EUR,SP00,A,2024-04-16,8.3304
EXR.D.HKD.EUR.SP00.A,D,HKD,EUR,SP00,A,2024-04-17,8.3307
EXR.D.HKD.EUR.SP00.A,D,HKD,EUR,SP00,A,2024-04-18,8.3635
EXR.D.HKD.EUR.SP00.A,D,HKD,EUR,SP00,A,2024-04-19,8.3443
EXR.D.HKD.EUR.SP00.A,D,HKD,EUR,SP00,A,2024-04-22,8.3316
EXR.D.HKD.EUR.SP00.A,D,HKD,EUR,SP00,A,2024-04-23,8.364
EXR.D.HKD.EUR.SP00.A,D,HKD,EUR,SP00,A,2024-04-24,8.37
EXR.D.HKD.EUR.SP00.A,D,HKD,EUR,SP00,A,2024-04-25,8.392
EXR.D.HKD.EUR.SP00.A,D,HKD,EUR,SP00,A,2024-04-26,8.3873
EXR.D.HKD.EUR.SP00.A,D,HKD,EUR,SP00,A,2024-04-29,8.3904
EXR.D.HKD.EUR.SP00.A,D,HKD,EUR,SP00,A,2024-04-30,8.3817
EXR.D.HKD.EUR.SP00.A,D,HKD,EUR,SP00,A,2024-05-02,8.3633
EXR.D.HKD.EUR.SP00.A,D,HKD,EUR,SP00,A,2024-05-03,8.3961
EXR.D.HKD.EUR.SP00.A,D,HKD,EUR,SP00,A,2024-05-06,8.4223
EXR.D.HKD.EUR.SP00.A,D,HKD,EUR,SP00,A,2024-05-07,8.4197
EXR.D.HKD.EUR.SP00.A,D,HKD,EUR,SP00,A,2024-05-08,8.3989
EXR.D.HKD.EUR.SP00.A,D,HKD,EUR,SP00,A,2024-05-09,8.3881
EXR.D.HKD.EUR.SP00.A,D,HKD,EUR,SP00,A,2024-05-10,8.4228
EXR.D.HKD.EUR.SP00.A,D,HKD,EUR,SP00,A,2024-05-13,8.4329
EXR.D.HKD.EUR.SP00.A,D,HKD,EUR,SP00,A,2024-05-14,8.4341
EXR.D.HKD.EUR.SP00.A,D,HKD,EUR,SP00,A,2024-05-15,8.4578
EXR.D.HKD.EUR.SP00.A,D,HKD,EUR,SP00,A,2024-05-16,8.4798
EXR.D.HKD.EUR.SP00.A,D,HKD,EUR,SP00,A,2024-05-17,8.46
EXR.D.HKD.EUR.SP00.A,D,HKD,EUR,SP00,A,2024-05-20,8.4712
EXR.D.HKD.EUR.SP00.A,D,HKD,EUR,SP00,A,2024-05-21,8.4778
EXR.D.HKD.EUR.SP00.A,D,HKD,EUR,SP00,A,2024-05-22,8.4538
EXR.D.HKD.EUR.SP00.A,D,HKD,EUR,SP00,A,2024-05-23,8.4749
EXR.D.HKD.EUR.SP00.A,D,HKD,EUR,SP00,A,2024-05-24,8.468
EXR.D.HKD.EUR.SP00.A,D,HKD,EUR,SP00,A,2024-05-27,8.4663
EXR.D.HKD.EUR.SP00.A,D,HKD,EUR,SP00,A,2024-05-28,8.4994
EXR.D.HKD.EUR.SP00.A,D,HKD,EUR,SP00,A,2024-05-29,8.4811
EXR.D.HKD.EUR.SP00.A,D,HKD,EUR,SP00,A,2024-05-30,8.4556
EXR.D.HKD.EUR.SP00.A,D,HKD,EUR,SP00,A,2024-05-31,8.4838
EXR.D.HKD.EUR.SP00.A,D,HKD,EUR,SP00,A,2024-06-03,8.4797
EXR.D.HKD.EUR.SP00.A,D,HKD,EUR,SP00,A,2024-06-04,8.4901
EXR.D.HKD.EUR.SP00.A,D,HKD,EUR,SP00,A,2024-06-05,8.4904
EXR.D.HKD.EUR.SP00.A,D,HKD,EUR,SP00,A,2024-06-06,8.4853
EXR.D.HKD.EUR.SP00.A,D,HKD,EUR,SP00,A,2024-06-07,8.5095
EXR.D.HKD.EUR.SP00.A,D,HKD,EUR,SP00,A,2024-06-10,8.4043
EXR.D.HKD.EUR.SP00.A,D,HKD,EUR,SP00,A,2024-06-11,8.3802
EXR.D.HKD.EUR.SP00.A,D,HKD,EUR,SP00,A,2024-06-12,8.4082
EXR.D.HKD.EUR.SP00.A,D,HKD,EUR,SP00,A,2024-06-13,8.4224
EXR.D.HKD.EUR.SP00.A,D,HKD,EUR,SP00,A,2024-06-14,8.347
EXR.D.HKD.EUR.SP00.A,D,HKD,EUR,SP00,A,2024-06-17,8.3667
EXR.D.HKD.EUR.SP00.A,D,HKD,EUR,SP00,A,2024-06-18,8.3664
EXR.D.HKD.EUR.SP00.A,D,HKD,EUR,SP00,A,2024-06-19,8.3905
EXR.D.HKD.EUR.SP00.A,D,HKD,EUR,SP00,A,2024-06-20,8.3654
EXR.D.HKD.EUR.SP00.A,D,HKD,EUR,SP00,A,2024-06-21,8.3401
EXR.D.HKD.EUR.SP00.A,D,HKD,EUR,SP00,A,2024-06-24,8.3772
EXR.D.HKD.EUR.SP00.A,D,HKD,EUR,SP00,A,2024-06-25,8.3652
EXR.D.HKD.EUR.SP00.A,D,HKD,EUR,SP00,A,2024-06-26,8.3459
EXR.D.HKD.EUR.SP00.A,D,HKD,EUR,SP00,A,2024-06-27,8.3521
EXR.D.HKD.EUR.SP00.A,D,HKD,EUR,SP00,A,2024-06-28,8.3594
EXR.D.HKD.EUR.SP00.A,D,HKD,EUR,SP00,A,2024-07-01,8.3945
EXR.D.HKD.EUR.SP00.A,D,HKD,EUR,SP00,A,2024-07-02,8.3829
EXR.D.HKD.EUR.SP00.A,D,HKD,EUR,SP00,A,2024-07-03,8.4033
EXR.D.HKD.EUR.SP00.A,D,HKD,EUR,SP00,A,2024-07-04,8.434
EXR.D.HKD.EUR.SP00.A,D,HKD,EUR,SP00,A,2024-07-05,8.4544
EXR.D.HKD.EUR.SP00.A,D,HKD,EUR,SP00,A,2024-07-08,8.4631
EXR.D.HKD.EUR.SP00.A,D,HKD,EUR,SP00,A,2024-07-09,8.4477
EXR.D.HKD.EUR.SP00.A,D,HKD,EUR,SP00,A,2024-07-10,8.4554
EXR.D.HKD.EUR.SP00.A,D,HKD,EUR,SP00,A,2024-07-11,8.4767
EXR.D.HKD.EUR.SP00.A,D,HKD,EUR,SP00,A,2024-07-12,8.5019
EXR.D.HKD.EUR.SP00.A,D,HKD,EUR,SP00,A,2024-07-15,8.5133
EXR.D.HKD.EUR.SP00.A,D,HKD,EUR,SP00,A,2024-07-16,8.5082
EXR.D.HKD.EUR.SP00.A,D,HKD,EUR,SP00,A,2024-07-17,8.5368
EXR.D.HKD.EUR.SP00.A,D,HKD,EUR,SP00,A,2024-07-18,8.535
EXR.D.HKD.EUR.SP00.A,D,HKD,EUR,SP00,A,2024-07-19,8.5049
EXR.D.HKD.EUR.SP00.A,D,HKD,EUR,SP00,A,2024-07-22,8.5006
EXR.D.HKD.EUR.SP00.A,D,HKD,EUR,SP00,A,2024-07-23,8.4788
EXR.D.HKD.EUR.SP00.A,D,HKD,EUR,SP00,A,2024-07-24,8.4716
EXR.D.HKD.EUR.SP00.A,D,HKD,EUR,SP00,A,2024-07-25,8.4682
EXR.D.HKD.EUR.SP00.A,D,HKD,EUR,SP00,A,2024-07-26,8.4782
EXR.D.HKD.EUR.SP00.A,D,HKD,EUR,SP00,A,2024-07-29,8.449
EXR.D.HKD.EUR.SP00.A,D,HKD,EUR,SP00,A,2024-07-30,8.4558
EXR.D.HKD.EUR.SP00.A,D,HKD,EUR,SP00,A,2024-07-31,8.4589
EXR.D.HKD.EUR.SP00.A,D,HKD,EUR,SP00,A,2024-08-01,8.432
EXR.D.HKD.EUR.SP00.A,D,HKD,EUR,SP00,A,2024-08-02,8.4625
EXR.D.HKD.EUR.SP00.A,D,HKD,EUR,SP00,A,2024-08-05,8.5335
EXR.D.HKD.EUR.SP00.A,D,HKD,EUR,SP00,A,2024-08-06,8.5055
EXR.D.HKD.EUR.SP00.A,D,HKD,EUR,SP00,A,2024-08-07,8.5162
EXR.D.HKD.EUR.SP00.A,D,HKD,EUR,SP00,A,2024-08-08,8.5168
EXR.D.HKD.EUR.SP00.A,D,HKD,EUR,SP00,A,2024-08-09,8.514
EXR.D.HKD.EUR.SP00.A,D,HKD,EUR,SP00,A,2024-08-12,8.5157
EXR.D.HKD.EUR.SP00.A,D,HKD,EUR,SP00,A,2024-08-13,8.5143
EXR.D.HKD.EUR.SP00.A,D,HKD,EUR,SP00,A,2024-08-14,8.5824
EXR.D.HKD.EUR.SP00.A,D,HKD,EUR,SP00,A,2024-08-15,8.58
EXR.D.HKD.EUR.SP00.A,D,HKD,EUR,SP00,A,2024-08-16,8.5705
EXR.D.HKD.EUR.SP00.A,D,HKD,EUR,SP00,A,2024-08-19,8.604
EXR.D.HKD.EUR.SP00.A,D,HKD,EUR,SP00,A,2024-08-20,8.6345
EXR.D.HKD.EUR.SP00.A,D,HKD,EUR,SP00,A,2024-08-21,8.6634
EXR.D.HKD.EUR.SP00.A,D,HKD,EUR,SP00,A,2024-08-22,8.6814
EXR.D.HKD.EUR.SP00.A,D,HKD,EUR,SP00,A,2024-08-23,8.6728
EXR.D.HKD.EUR.SP00.A,D,HKD,EUR,SP00,A,2024-08-26,8.7023
EXR.D.HKD.EUR.SP00.A,D,HKD,EUR,SP00,A,2024-08-27,8.7073
EXR.D.HKD.EUR.SP00.A,D,HKD,EUR,SP00,A,2024-08-28,8.6711
EXR.D.HKD.EUR.SP00.A,D,HKD,EUR,SP00,A,2024-08-29,8.6422
EXR.D.HKD.EUR.SP00.A,D,HKD,EUR,SP00,A,2024-08-30,8.6455
EXR.D.HKD.EUR.SP00.A,D,HKD,EUR,SP00,A,2024-09-02,8.6239
EXR.D.HKD.EUR.SP00.A,D,HKD,EUR,SP00,A,2024-09-03,8.605
EXR.D.HKD.EUR.SP00.A,D,HKD,EUR,SP00,A,2024-09-04,8.6174
EXR.D.HKD.EUR.SP00.A,D,HKD,EUR,SP00,A,2024-09-05,8.6493
EXR.D.HKD.EUR.SP00.A,D,HKD,EUR,SP00,A,2024-09-06,8.6526
EXR.D.HKD.EUR.SP00.A,D,HKD,EUR,SP00,A,2024-09-09,8.6101
EXR.D.HKD.EUR.SP00.A,D,HKD,EUR,SP00,A,2024-09-10,8.6004
EXR.D.HKD.EUR.SP00.A,D,HKD,EUR,SP00,A,2024-09-11,8.6106
EXR.D.HKD.EUR.SP00.A,D,HKD,EUR,SP00,A,2024-09-12,8.5945
EXR.D.HKD.EUR.SP00.A,D,HKD,EUR,SP00,A,2024-09-13,8.6411
EXR.D.HKD.EUR.SP00.A,D,HKD,EUR,SP00,A,2024-09-16,8.6723
EXR.D.HKD.EUR.SP00.A,D,HKD,EUR,SP00,A,2024-09-17,8.6796
EXR.D.HKD.EUR.SP00.A,D,HKD,EUR,SP00,A,2024-09-18,8.6692
EXR.D.HKD.EUR.SP00.A,D,HKD,EUR,SP00,A,2024-09-19,8.6952
EXR.D.HKD.EUR.SP00.A,D,HKD,EUR,SP00,A,2024-09-20,8.7022
EXR.D.HKD.EUR.SP00.A,D,HKD,EUR,SP00,A,2024-09-23,8.6576
EXR.D.HKD.EUR.SP00.A,D,HKD,EUR,SP00,A,2024-09-24,8.6668
EXR.D.HKD.EUR.SP00.A,D,HKD,EUR,SP00,A,2024-09-25,8.716
EXR.D.HKD.EUR.SP00.A,D,HKD,EUR,SP00,A,2024-09-26,8.6773
EXR.D.HKD.EUR.SP00.A,D,HKD,EUR,SP00,A,2024-09-27,8.6737
EXR.D.HKD.EUR.SP00.A,D,HKD,EUR,SP00,A,2024-09-30,8.6933
EXR.D.HKD.EUR.SP00.A,D,HKD,EUR,SP00,A,2024-10-01,8.6181
EXR.D.HKD.EUR.SP00.A,D,HKD,EUR,SP00,A,2024-10-02,8.5947
EXR.D.HKD.EUR.SP00.A,D,HKD,EUR,SP00,A,2024-10-03,8.5734
EXR.D.HKD.EUR.SP00.A,D,HKD,EUR,SP00,A,2024-10-04,8.5629
EXR.D.HKD.EUR.SP00.A,D,HKD,EUR,SP00,A,2024-10-07,8.5291
EXR.D.HKD.EUR.SP00.A,D,HKD,EUR,SP00,A,2024-10-08,8.537
EXR.D.HKD.EUR.SP00.A,D,HKD,EUR,SP00,A,2024-10-09,8.5176
EXR.D.HKD.EUR.SP00.A,D,HKD,EUR,SP00,A,2024-10-10,8.496
EXR.D.HKD.EUR.SP00.A,D,HKD,EUR,SP00,A,2024-10-11,8.5001
EXR.D.HKD.EUR.SP00.A,D,HKD,EUR,SP00,A,2024-10-14,8.4718
EXR.D.HKD.EUR.SP00.A,D,HKD,EUR,SP00,A,2024-10-15,8.469
EXR.D.HKD.EUR.SP00.A,D,HKD,EUR,SP00,A,2024-10-16,8.4676
EXR.D.HKD.EUR.SP00.A,D,HKD,EUR,SP00,A,2024-10-17,8.4477
EXR.D.HKD.EUR.SP00.A,D,HKD,EUR,SP00,A,2024-10-18,8.427
EXR.D.HKD.EUR.SP00.A,D,HKD,EUR,SP00,A,2024-10-21,8.4351
EXR.D.HKD.EUR.SP00.A,D,HKD,EUR,SP00,A,2024-10-22,8.411
EXR.D.HKD.EUR.SP00.A,D,HKD,EUR,SP00,A,2024-10-23,8.3656
EXR.D.HKD.EUR.SP00.A,D,HKD,EUR,SP00,A,2024-10-24,8.3926
EXR.D.HKD.EUR.SP00.A,D,HKD,EUR,SP00,A,2024-10-25,8.411
EXR.D.HKD.EUR.SP00.A,D,HKD,EUR,SP00,A,2024-10-28,8.4072
EXR.D.HKD.EUR.SP00.A,D,HKD,EUR,SP00,A,2024-10-29,8.3716
EXR.D.HKD.EUR.SP00.A,D,HKD,EUR,SP00,A,2024-10-30,8.405
EXR.D.HKD.EUR.SP00.A,D,HKD,EUR,SP00,A,2024-10-31,8.4598
EXR.D.HKD.EUR.SP00.A,D,HKD,EUR,SP00,A,2024-11-01,8.466
EXR.D.HKD.EUR.SP00.A,D,HKD,EUR,SP00,A,2024-11-04,8.4761
EXR.D.HKD.EUR.SP00.A,D,HKD,EUR,SP00,A,2024-11-05,8.4687
EXR.D.HKD.EUR.SP00.A,D,HKD,EUR,SP00,A,2024-11-06,8.3167
EXR.D.HKD.EUR.SP00.A,D,HKD,EUR,SP00,A,2024-11-07,8.3818
EXR.D.HKD.EUR.SP00.A,D,HKD,EUR,SP00,A,2024-11-08,8.3745
EXR.D.HKD.EUR.SP00.A,D,HKD,EUR,SP00,A,2024-11-11,8.2812
EXR.D.HKD.EUR.SP00.A,D,HKD,EUR,SP00,A,2024-11-12,8.2586
EXR.D.HKD.EUR.SP00.A,D,HKD,EUR,SP00,A,2024-11-13,8.2682
EXR.D.HKD.EUR.SP00.A,D,HKD,EUR,SP00,A,2024-11-14,8.1975
EXR.D.HKD.EUR.SP00.A,D,HKD,EUR,SP00,A,2024-11-15,8.2385
EXR.D.HKD.EUR.SP00.A,D,HKD,EUR,SP00,A,2024-11-18,8.214
EXR.D.HKD.EUR.SP00.A,D,HKD,EUR,SP00,A,2024-11-19,8.2335
EXR.D.HKD.EUR.SP00.A,D,HKD,EUR,SP00,A,2024-11-20,8.2208
EXR.D.HKD.EUR.SP00.A,D,HKD,EUR,SP00,A,2024-11-21,8.1921
EXR.D.HKD.EUR.SP00.A,D,HKD,EUR,SP00,A,2024-11-22,8.1052
EXR.D.HKD.EUR.SP00.A,D,HKD,EUR,SP00,A,2024-11-25,8.1659
EXR.D.HKD.EUR.SP00.A,D,HKD,EUR,SP00,A,2024-11-26,8.187
EXR.D.HKD.EUR.SP00.A,D,HKD,EUR,SP00,A,2024-11-27,8.1949
EXR.D.HKD.EUR.SP00.A,D,HKD,EUR,SP00,A,2024-11-28,8.2046
EXR.D.HKD.EUR.SP00.A,D,HKD,EUR,SP00,A,2024-11-29,8.2211
EXR.D.HKD.EUR.SP00.A,D,HKD,EUR,SP00,A,2024-12-02,8.1753
EXR.D.HKD.EUR.SP00.A,D,HKD,EUR,SP00,A,2024-12-03,8.1818
EXR.D.HKD.EUR.SP00.A,D,HKD,EUR,SP00,A,2024-12-04,8.167
EXR.D.HKD.EUR.SP00.A,D,HKD,EUR,SP00,A,2024-12-05,8.2027
EXR.D.HKD.EUR.SP00.A,D,HKD,EUR,SP00,A,2024-12-06,8.2314
EXR.D.HKD.EUR.SP00.A,D,HKD,EUR,SP00,A,2024-12-09,8.2164
EXR.D.HKD.EUR.SP00.A,D,HKD,EUR,SP00,A,2024-12-10,8.1858
EXR.D.HKD.EUR.SP00.A,D,HKD,EUR,SP00,A,2024-12-11,8.1677
EXR.D.HKD.EUR.SP00.A,D,HKD,EUR,SP00,A,2024-12-12,8.1575
EXR.D.HKD.EUR.SP00.A,D,HKD,EUR,SP00,A,2024-12-13,8.1777
EXR.D.HKD.EUR.SP00.A,D,HKD,EUR,SP00,A,2024-12-16,8.1625
EXR.D.HKD.EUR.SP00.A,D,HKD,EUR,SP00,A,2024-12-17,8.1571
EXR.D.HKD.EUR.SP00.A,D,HKD,EUR,SP00,A,2024-12-18,8.1563
EXR.D.HKD.EUR.SP00.A,D,HKD,EUR,SP00,A,2024-12-19,8.0785
EXR.D.HKD.EUR.SP00.A,D,HKD,EUR,SP00,A,2024-12-20,8.0755
EXR.D.HKD.EUR.SP00.A,D,HKD,EUR,SP00,A,2024-12-23,8.0757
EXR.D.HKD.EUR.SP00.A,D,HKD,EUR,SP00,A,2024-12-24,8.0743
EXR.D.HKD.EUR.SP00.A,D,HKD,EUR,SP00,A,2024-12-27,8.099
EXR.D.HKD.EUR.SP00.A,D,HKD,EUR,SP00,A,2024-12-30,8.1065
EXR.D.HKD.EUR.SP00.A,D,HKD,EUR,SP00,A,2024-12-31,8.0686
EXR.D.HKD.EUR.SP00.A,D,HKD,EUR,SP00,A,2025-01-02,8.0261
EXR.D.HKD.EUR.SP00.A,D,HKD,EUR,SP00,A,2025-01-03,8.0122
EXR.D.HKD.EUR.SP00.A,D,HKD,EUR,SP00,A,2025-01-06,8.1035
EXR.D.HKD.EUR.SP00.A,D,HKD,EUR,SP00,A,2025-01-07,8.0824
EXR.D.HKD.EUR.SP00.A,D,HKD,EUR,SP00,A,2025-01-08,8.0018
EXR.D.HKD.EUR.SP00.A,D,HKD,EUR,SP00,A,2025-01-09,8.0189
EXR.D.HKD.EUR.SP00.A,D,HKD,EUR,SP00,A,2025-01-10,8.0224
EXR.D.HKD.EUR.SP00.A,D,HKD,EUR,SP00,A,2025-01-13,7.9412
EXR.D.HKD.EUR.SP00.A,D,HKD,EUR,SP00,A,2025-01-14,7.9761
EXR.D.HKD.EUR.SP00.A,D,HKD,EUR,SP00,A,2025-01-15,8.0201
EXR.D.HKD.EUR.SP00.A,D,HKD,EUR,SP00,A,2025-01-16,8.0007
EXR.D.HKD.EUR.SP00.A,D,HKD,EUR,SP00,A,2025-01-17,8.0194
EXR.D.HKD.EUR.SP00.A,D,HKD,EUR,SP00,A,2025-01-20,8.0301
EXR.D.HKD.EUR.SP00.A,D,HKD,EUR,SP00,A,2025-01-21,8.0636
EXR.D.HKD.EUR.SP00.A,D,HKD,EUR,SP00,A,2025-01-22,8.1322
EXR.D.HKD.EUR.SP00.A,D,HKD,EUR,SP00,A,2025-01-23,8.1045
EXR.D.HKD.EUR.SP00.A,D,HKD,EUR,SP00,A,2025-01-24,8.1559
EXR.D.HKD.EUR.SP00.A,D,HKD,EUR,SP00,A,2025-01-27,8.1987
EXR.D.HKD.EUR.SP00.A,D,HKD,EUR,SP00,A,2025-01-28,8.1189
EXR.D.HKD.EUR.SP00.A,D,HKD,EUR,SP00,A,2025-01-29,8.0992
EXR.D.HKD.EUR.SP00.A,D,HKD,EUR,SP00,A,2025-01-30,8.105
EXR.D.HKD.EUR.SP00.A,D,HKD,EUR,SP00,A,2025-01-31,8.099
EXR.D.HKD.EUR.SP00.A,D,HKD,EUR,SP00,A,2025-02-03,8.0072
EXR.D.HKD.EUR.SP00.A,D,HKD,EUR,SP00,A,2025-02-04,8.0489
EXR.D.HKD.EUR.SP00.A,D,HKD,EUR,SP00,A,2025-02-05,8.1162
EXR.D.HKD.EUR.SP00.A,D,HKD,EUR,SP00,A,2025-02-06,8.0668
EXR.D.HKD.EUR.SP00.A,D,HKD,EUR,SP00,A,2025-02-07,8.0828
EXR.D.HKD.EUR.SP00.A,D,HKD,EUR,SP00,A,2025-02-10,8.04
EXR.D.HKD.EUR.SP00.A,D,HKD,EUR,SP00,A,2025-02-11,8.0452
EXR.D.HKD.EUR.SP00.A,D,HKD,EUR,SP00,A,2025-02-12,8.0769
EXR.D.HKD.EUR.SP00.A,D,HKD,EUR,SP00,A,2025-02-13,8.0926
EXR.D.HKD.EUR.SP00.A,D,HKD,EUR,SP00,A,2025-02-14,8.1554
EXR.D.HKD.EUR.SP00.A,D,HKD,EUR,SP00,A,2025-02-17,8.1481
EXR.D.HKD.EUR.SP00.A,D,HKD,EUR,SP00,A,2025-02-18,8.1235
EXR.D.HKD.EUR.SP00.A,D,HKD,EUR,SP00,A,2025-02-19,8.1148
EXR.D.HKD.EUR.SP00.A,D,HKD,EUR,SP00,A,2025-02-20,8.1211
EXR.D.HKD.EUR.SP00.A,D,HKD,EUR,SP00,A,2025-02-21,8.1327
EXR.D.HKD.EUR.SP00.A,D,HKD,EUR,SP00,A,2025-02-24,8.1356
EXR.D.HKD.EUR.SP00.A,D,HKD,EUR,SP00,A,2025-02-25,8.1609
EXR.D.HKD.EUR.SP00.A,D,HKD,EUR,SP00,A,2025-02-26,8.1516
EXR.D.HKD.EUR.SP00.A,D,HKD,EUR,SP00,A,2025-02-27,8.1446
EXR.D.HKD.EUR.SP00.A,D,HKD,EUR,SP00,A,2025-02-28,8.098
EXR.D.HKD.EUR.SP00.A,D,HKD,EUR,SP00,A,2025-03-03,8.1386
EXR.D.HKD.EUR.SP00.A,D,HKD,EUR,SP00,A,2025-03-04,8.2056
EXR.D.HKD.EUR.SP00.A,D,HKD,EUR,SP00,A,2025-03-05,8.3106
EXR.D.HKD.EUR.SP00.A,D,HKD,EUR,SP00,A,2025-03-06,8.3922
EXR.D.HKD.EUR.SP00.A,D,HKD,EUR,SP00,A,2025-03-07,8.4357
EXR.D.HKD.EUR.SP00.A,D,HKD,EUR,SP00,A,2025-03-10,8.4241
EXR.D.HKD.EUR.SP00.A,D,HKD,EUR,SP00,A,2025-03-11,8.4784
EXR.D.HKD.EUR.SP00.A,D,HKD,EUR,SP00,A,2025-03-12,8.4579
EXR.D.HKD.EUR.SP00.A,D,HKD,EUR,SP00,A,2025-03-13,8.4175
EXR.D.HKD.EUR.SP00.A,D,HKD,EUR,SP00,A,2025-03-14,8.4635
EXR.D.HKD.EUR.SP00.A,D,HKD,EUR,SP00,A,2025-03-17,8.4719
EXR.D.HKD.EUR.SP00.A,D,HKD,EUR,SP00,A,2025-03-18,8.4833
EXR.D.HKD.EUR.SP00.A,D,HKD,EUR,SP00,A,2025-03-19,8.4674
EXR.D.HKD.EUR.SP00.A,D,HKD,EUR,SP00,A,2025-03-20,8.4189
EXR.D.HKD.EUR.SP00.A,D,HKD,EUR,SP00,A,2025-03-21,8.4166
EXR.D.HKD.EUR.SP00.A,D,HKD,EUR,SP00,A,2025-03-24,8.4141
EXR.D.HKD.EUR.SP00.A,D,HKD,EUR,SP00,A,2025-03-25,8.416
EXR.D.HKD.EUR.SP00.A,D,HKD,EUR,SP00,A,2025-03-26,8.3886
EXR.D.HKD.EUR.SP00.A,D,HKD,EUR,SP00,A,2025-03-27,8.3867
EXR.D.HKD.EUR.SP00.A,D,HKD,EUR,SP00,A,2025-03-28,8.3988
EXR.D.HKD.EUR.SP00.A,D,HKD,EUR,SP00,A,2025-03-31,8.413
EXR.D.HKD.EUR.SP00.A,D,HKD,EUR,SP00,A,2025-04-01,8.3943
EXR.D.HKD.EUR.SP00.A,D,HKD,EUR,SP00,A,2025-04-02,8.4067
EXR.D.HKD.EUR.SP00.A,D,HKD,EUR,SP00,A,2025-04-03,8.6311
EXR.D.HKD.EUR.SP00.A,D,HKD,EUR,SP00,A,2025-04-04,8.5933
EXR.D.HKD.EUR.SP00.A,D,HKD,EUR,SP00,A,2025-04-07,8.5198
EXR.D.HKD.EUR.SP00.A,D,HKD,EUR,SP00,A,2025-04-08,8.5059
EXR.D.HKD.EUR.SP00.A,D,HKD,EUR,SP00,A,2025-04-09,8.5645
EXR.D.HKD.EUR.SP00.A,D,HKD,EUR,SP00,A,2025-04-10,8.6004
EXR.D.HKD.EUR.SP00.A,D,HKD,EUR,SP00,A,2025-04-11,8.799
EXR.D.HKD.EUR.SP00.A,D,HKD,EUR,SP00,A,2025-04-14,8.8221
EXR.D.HKD.EUR.SP00.A,D,HKD,EUR,SP00,A,2025-04-15,8.8238
EXR.D.HKD.EUR.SP00.A,D,HKD,EUR,SP00,A,2025-04-16,8.8124
EXR.D.HKD.EUR.SP00.A,D,HKD,EUR,SP00,A,2025-04-17,8.8195
EXR.D.HKD.EUR.SP00.A,D,HKD,EUR,SP00,A,2025-04-22,8.9027
EXR.D.HKD.EUR.SP00.A,D,HKD,EUR,SP00,A,2025-04-23,8.8567
EXR.D.HKD.EUR.SP00.A,D,HKD,EUR,SP00,A,2025-04-24,8.826
EXR.D.HKD.EUR.SP00.A,D,HKD,EUR,SP00,A,2025-04-25,8.8089
EXR.D.HKD.EUR.SP00.A,D,HKD,EUR,SP00,A,2025-04-28,8.8105
EXR.D.HKD.EUR.SP00.A,D,HKD,EUR,SP00,A,2025-04-29,8.8237
EXR.D.HKD.EUR.SP00.A,D,HKD,EUR,SP00,A,2025-04-30,8.8214
EXR.D.HKD.EUR.SP00.A,D,HKD,EUR,SP00,A,2025-05-02,8.7908
EXR.D.HKD.EUR.SP00.A,D,HKD,EUR,SP00,A,2025-05-05,8.7909
EXR.D.HKD.EUR.SP00.A,D,HKD,EUR,SP00,A,2025-05-06,8.7769
EXR.D.HKD.EUR.SP00.A,D,HKD,EUR,SP00,A,2025-05-07,8.8139
EXR.D.HKD.EUR.SP00.A,D,HKD,EUR,SP00,A,2025-05-08,8.7796
EXR.D.HKD.EUR.SP00.A,D,HKD,EUR,SP00,A,2025-05-09,8.7519
EXR.D.HKD.EUR.SP00.A,D,HKD,EUR,SP00,A,2025-05-12,8.6534
EXR.D.HKD.EUR.SP00.A,D,HKD,EUR,SP00,A,2025-05-13,8.6621
EXR.D.HKD.EUR.SP00.A,D,HKD,EUR,SP00,A,2025-05-14,8.7519
EXR.D.HKD.EUR.SP00.A,D,HKD,EUR,SP00,A,2025-05-15,8.7325
EXR.D.HKD.EUR.SP00.A,D,HKD,EUR,SP00,A,2025-05-16,8.7478
EXR.D.HKD.EUR.SP00.A,D,HKD,EUR,SP00,A,2025-05-19,8.8062
EXR.D.HKD.EUR.SP00.A,D,HKD,EUR,SP00,A,2025-05-20,8.7968
EXR.D.HKD.EUR.SP00.A,D,HKD,EUR,SP00,A,2025-05-21,8.8655
EXR.D.HKD.EUR.SP00.A,D,HKD,EUR,SP00,A,2025-05-22,8.8496
EXR.D.HKD.EUR.SP00.A,D,HKD,EUR,SP00,A,2025-05-23,8.8508
EXR.D.HKD.EUR.SP00.A,D,HKD,EUR,SP00,A,2025-05-26,8.9184
EXR.D.HKD.EUR.SP00.A,D,HKD,EUR,SP00,A,2025-05-27,8.9009
EXR.D.HKD.EUR.SP00.A,D,HKD,EUR,SP00,A,2025-05-28,8.8704
EXR.D.HKD.EUR.SP00.A,D,HKD,EUR,SP00,A,2025-05-29,8.8426
EXR.D.HKD.EUR.SP00.A,D,HKD,EUR,SP00,A,2025-05-30,8.8926
EXR.D.HKD.EUR.SP00.A,D,HKD,EUR,SP00,A,2025-06-02,8.9576
EXR.D.HKD.EUR.SP00.A,D,HKD,EUR,SP00,A,2025-06-03,8.9315
EXR.D.HKD.EUR.SP00.A,D,HKD,EUR,SP00,A,2025-06-04,8.9327
EXR.D.HKD.EUR.SP00.A,D,HKD,EUR,SP00,A,2025-06-05,8.9635
EXR.D.HKD.EUR.SP00.A,D,HKD,EUR,SP00,A,2025-06-06,8.954
EXR.D.HKD.EUR.SP00.A,D,HKD,EUR,SP00,A,2025-06-09,8.9547
EXR.D.HKD.EUR.SP00.A,D,HKD,EUR,SP00,A,2025-06-10,8.97
EXR.D.HKD.EUR.SP00.A,D,HKD,EUR,SP00,A,2025-06-11,8.974
EXR.D.HKD.EUR.SP00.A,D,HKD,EUR,SP00,A,2025-06-12,9.1004
EXR.D.HKD.EUR.SP00.A,D,HKD,EUR,SP00,A,2025-06-13,9.0362
EXR.D.HKD.EUR.SP00.A,D,HKD,EUR,SP00,A,2025-06-16,9.0853
EXR.D.HKD.EUR.SP00.A,D,HKD,EUR,SP00,A,2025-06-17,9.0805
EXR.D.HKD.EUR.SP00.A,D,HKD,EUR,SP00,A,2025-06-18,9.0337
EXR.D.HKD.EUR.SP00.A,D,HKD,EUR,SP00,A,2025-06-19,9.0101
EXR.D.HKD.EUR.SP00.A,D,HKD,EUR,SP00,A,2025-06-20,9.0391
EXR.D.HKD.EUR.SP00.A,D,HKD,EUR,SP00,A,2025-06-23,9.0055
EXR.D.HKD.EUR.SP00.A,D,HKD,EUR,SP00,A,2025-06-24,9.1114
EXR.D.HKD.EUR.SP00.A,D,HKD,EUR,SP00,A,2025-06-25,9.1044
EXR.D.HKD.EUR.SP00.A,D,HKD,EUR,SP00,A,2025-06-26,9.1803
EXR.D.HKD.EUR.SP00.A,D,HKD,EUR,SP00,A,2025-06-27,9.1876
EXR.D.HKD.EUR.SP00.A,D,HKD,EUR,SP00,A,2025-06-30,9.2001
EXR.D.HKD.EUR.SP00.A,D,HKD,EUR,SP00,A,2025-07-01,9.2709
EXR.D.HKD.EUR.SP00.A,D,HKD,EUR,SP00,A,2025-07-02,9.2274
EXR.D.HKD.EUR.SP00.A,D,HKD,EUR,SP00,A,2025-07-03,9.2488
EXR.D.HKD.EUR.SP00.A,D,HKD,EUR,SP00,A,2025-07-04,9.2367
EXR.D.HKD.EUR.SP00.A,D,HKD,EUR,SP00,A,2025-07-07,9.2062
EXR.D.HKD.EUR.SP00.A,D,HKD,EUR,SP00,A,2025-07-08,9.1986
EXR.D.HKD.EUR.SP00.A,D,HKD,EUR,SP00,A,2025-07-09,9.1829
EXR.D.HKD.EUR.SP00.A,D,HKD,EUR,SP00,A,2025-07-10,9.1915
EXR.D.HKD.EUR.SP00.A,D,HKD,EUR,SP00,A,2025-07-11,9.1711
EXR.D.HKD.EUR.SP00.A,D,HKD,EUR,SP00,A,2025-07-14,9.1766
EXR.D.HKD.EUR.SP00.A,D,HKD,EUR,SP00,A,2025-07-15,9.157
EXR.D.HKD.EUR.SP00.A,D,HKD,EUR,SP00,A,2025-07-16,9.1075
EXR.D.HKD.EUR.SP00.A,D,HKD,EUR,SP00,A,2025-07-17,9.0883
EXR.D.HKD.EUR.SP00.A,D,HKD,EUR,SP00,A,2025-07-18,9.1439
EXR.D.HKD.EUR.SP00.A,D,HKD,EUR,SP00,A,2025-07-21,9.1582
EXR.D.HKD.EUR.SP00.A,D,HKD,EUR,SP00,A,2025-07-22,9.1837
EXR.D.HKD.EUR.SP00.A,D,HKD,EUR,SP00,A,2025-07-23,9.2049
EXR.D.HKD.EUR.SP00.A,D,HKD,EUR,SP00,A,2025-07-24,9.2283
EXR.D.HKD.EUR.SP00.A,D,HKD,EUR,SP00,A,2025-07-25,9.2027
EXR.D.HKD.EUR.SP00.A,D,HKD,EUR,SP00,A,2025-07-28,9.1483
EXR.D.HKD.EUR.SP00.A,D,HKD,EUR,SP00,A,2025-07-29,9.0533
EXR.D.HKD.EUR.SP00.A,D,HKD,EUR,SP00,A,2025-07-30,9.0486
EXR.D.HKD.EUR.SP00.A,D,HKD,EUR,SP00,A,2025-07-31,8.9851
EXR.D.HKD.EUR.SP00.A,D,HKD,EUR,SP00,A,2025-08-01,8.9521
EXR.D.HKD.EUR.SP00.A,D,HKD,EUR,SP00,A,2025-08-04,9.0785
EXR.D.HKD.EUR.SP00.A,D,HKD,EUR,SP00,A,2025-08-05,9.0633
EXR.D.HKD.EUR.SP00.A,D,HKD,EUR,SP00,A,2025-08-06,9.109
EXR.D.HKD.EUR.SP00.A,D,HKD,EUR,SP00,A,2025-08-07,9.1393
EXR.D.HKD.EUR.SP00.A,D,HKD,EUR,SP00,A,2025-08-08,9.1436
EXR.D.HKD.EUR.SP00.A,D,HKD,EUR,SP00,A,2025-08-11,9.1232
EXR.D.HKD.EUR.SP00.A,D,HKD,EUR,SP00,A,2025-08-12,9.1107
EXR.D.HKD.EUR.SP00.A,D,HKD,EUR,SP00,A,2025-08-13,9.1931
EXR.D.HKD.EUR.SP00.A,D,HKD,EUR,SP00,A,2025-08-14,9.1677
EXR.D.HKD.EUR.SP00.A,D,HKD,EUR,SP00,A,2025-08-15,9.1401
EXR.D.HKD.EUR.SP00.A,D,HKD,EUR,SP00,A,2025-08-18,9.1256
EXR.D.HKD.EUR.SP00.A,D,HKD,EUR,SP00,A,2025-08-19,9.1137
EXR.D.HKD.EUR.SP00.A,D,HKD,EUR,SP00,A,2025-08-20,9.1038
EXR.D.HKD.EUR.SP00.A,D,HKD,EUR,SP00,A,2025-08-21,9.0943
EXR.D.HKD.EUR.SP00.A,D,HKD,EUR,SP00,A,2025-08-22,9.075
EXR.D.HKD.EUR.SP00.A,D,HKD,EUR,SP00,A,2025-08-25,9.1369
EXR.D.HKD.EUR.SP00.A,D,HKD,EUR,SP00,A,2025-08-26,9.0921
EXR.D.HKD.EUR.SP00.A,D,HKD,EUR,SP00,A,2025-08-27,9.0229
EXR.D.HKD.EUR.SP00.A,D,HKD,EUR,SP00,A,2025-08-28,9.1008
EXR.D.HKD.EUR.SP00.A,D,HKD,EUR,SP00,A,2025-08-29,9.0877
EXR.D.HKD.EUR.SP00.A,D,HKD,EUR,SP00,A,2025-09-01,9.1339
EXR.D.HKD.EUR.SP00.A,D,HKD,EUR,SP00,A,2025-09-02,9.0915
EXR.D.HKD.EUR.SP00.A,D,HKD,EUR,SP00,A,2025-09-03,9.0909
EXR.D.HKD.EUR.SP00.A,D,HKD,EUR,SP00,A,2025-09-04,9.0828
EXR.D.HKD.EUR.SP00.A,D,HKD,EUR,SP00,A,2025-09-05,9.1263
EXR.D.HKD.EUR.SP00.A,D,HKD,EUR,SP00,A,2025-09-08,9.1402
EXR.D.HKD.EUR.SP00.A,D,HKD,EUR,SP00,A,2025-09-09,9.1458
EXR.D.HKD.EUR.SP00.A,D,HKD,EUR,SP00,A,2025-09-10,9.1189
EXR.D.HKD.EUR.SP00.A,D,HKD,EUR,SP00,A,2025-09-11,9.1031
EXR.D.HKD.EUR.SP00.A,D,HKD,EUR,SP00,A,2025-09-12,9.1198
EXR.D.HKD.EUR.SP00.A,D,HKD,EUR,SP00,A,2025-09-15,9.1524
EXR.D.HKD.EUR.SP00.A,D,HKD,EUR,SP00,A,2025-09-16,9.189
EXR.D.HKD.EUR.SP00.A,D,HKD,EUR,SP00,A,2025-09-17,9.2045
EXR.D.HKD.EUR.SP00.A,D,HKD,EUR,SP00,A,2025-09-18,9.191
EXR.D.HKD.EUR.SP00.A,D,HKD,EUR,SP00,A,2025-09-19,9.1256
EXR.D.HKD.EUR.SP00.A,D,HKD,EUR,SP00,A,2025-09-22,9.1548
EXR.D.HKD.EUR.SP00.A,D,HKD,EUR,SP00,A,2025-09-23,9.1696
EXR.D.HKD.EUR.SP00.A,D,HKD,EUR,SP00,A,2025-09-24,9.1422
EXR.D.HKD.EUR.SP00.A,D,HKD,EUR,SP00,A,2025-09-25,9.1306
EXR.D.HKD.EUR.SP00.A,D,HKD,EUR,SP00,A,2025-09-26,9.0819
EXR.D.HKD.EUR.SP00.A,D,HKD,EUR,SP00,A,2025-09-29,9.1208
EXR.D.HKD.EUR.SP00.A,D,HKD,EUR,SP00,A,2025-09-30,9.1359
EXR.D.HKD.EUR.SP00.A,D,HKD,EUR,SP00,A,2025-10-01,9.1235
EXR.D.HKD.EUR.SP00.A,D,HKD,EUR,SP00,A,2025-10-02,9.1458
EXR.D.HKD.EUR.SP00.A,D,HKD,EUR,SP00,A,2025-10-03,9.1318
EXR.D.HKD.EUR.SP00.A,D,HKD,EUR,SP00,A,2025-10-06,9.0896
EXR.D.HKD.EUR.SP00.A,D,HKD,EUR,SP00,A,2025-10-07,9.0799
EXR.D.HKD.EUR.SP00.A,D,HKD,EUR,SP00,A,2025-10-08,9.0484
EXR.D.HKD.EUR.SP00.A,D,HKD,EUR,SP00,A,2025-10-09,9.0334
EXR.D.HKD.EUR.SP00.A,D,HKD,EUR,SP00,A,2025-10-10,9.0022
EXR.D.HKD.EUR.SP00.A,D,HKD,EUR,SP00,A,2025-10-13,8.9974
EXR.D.HKD.EUR.SP00.A,D,HKD,EUR,SP00,A,2025-10-14,8.9823
EXR.D.HKD.EUR.SP00.A,D,HKD,EUR,SP00,A,2025-10-15,9.0342
EXR.D.HKD.EUR.SP00.A,D,HKD,EUR,SP00,A,2025-10-16,9.0545
EXR.D.HKD.EUR.SP00.A,D,HKD,EUR,SP00,A,2025-10-17,9.0732
EXR.D.HKD.EUR.SP00.A,D,HKD,EUR,SP00,A,2025-10-20,9.0556
EXR.D.HKD.EUR.SP00.A,D,HKD,EUR,SP00,A,2025-10-21,9.0204
EXR.D.HKD.EUR.SP00.A,D,HKD,EUR,SP00,A,2025-10-22,9.0044
EXR.D.HKD.EUR.SP00.A,D,HKD,EUR,SP00,A,2025-10-23,9.0092
EXR.D.HKD.EUR.SP00.A,D,HKD,EUR,SP00,A,2025-10-24,9.0222
EXR.D.HKD.EUR.SP00.A,D,HKD,EUR,SP00,A,2025-10-27,9.0414
EXR.D.HKD.EUR.SP00.A,D,HKD,EUR,SP00,A,2025-10-28,9.0365
EXR.D.HKD.EUR.SP00.A,D,HKD,EUR,SP00,A,2025-10-29,9.0422
EXR.D.HKD.EUR.SP00.A,D,HKD,EUR,SP00,A,2025-10-30,8.9724
EXR.D.HKD.EUR.SP00.A,D,HKD,EUR,SP00,A,2025-10-31,8.9787
EXR.D.HKD.EUR.SP00.A,D,HKD,EUR,SP00,A,2025-11-03,8.9501
EXR.D.HKD.EUR.SP00.A,D,HKD,EUR,SP00,A,2025-11-04,8.9328
EXR.D.HKD.EUR.SP00.A,D,HKD,EUR,SP00,A,2025-11-05,8.9361
EXR.D.HKD.EUR.SP00.A,D,HKD,EUR,SP00,A,2025-11-06,8.967
EXR.D.HKD.EUR.SP00.A,D,HKD,EUR,SP00,A,2025-11-07,8.9908
EXR.D.HKD.EUR.SP00.A,D,HKD,EUR,SP00,A,2025-11-10,8.9945
EXR.D.HKD.EUR.SP00.A,D,HKD,EUR,SP00,A,2025-11-11,8.997
EXR.D.HKD.EUR.SP00.A,D,HKD,EUR,SP00,A,2025-11-12,8.9958
EXR.D.HKD.EUR.SP00.A,D,HKD,EUR,SP00,A,2025-11-13,9.0288
EXR.D.HKD.EUR.SP00.A,D,HKD,EUR,SP00,A,2025-11-14,9.0517
EXR.D.HKD.EUR.SP00.A,D,HKD,EUR,SP00,A,2025-11-17,9.012
EXR.D.HKD.EUR.SP00.A,D,HKD,EUR,SP00,A,2025-11-18,9.0233
EXR.D.HKD.EUR.SP00.A,D,HKD,EUR,SP00,A,2025-11-19,9.0196
EXR.D.HKD.EUR.SP00.A,D,HKD,EUR,SP00,A,2025-11-20,8.9644
EXR.D.HKD.EUR.SP00.A,D,HKD,EUR,SP00,A,2025-11-21,8.9679
EXR.D.HKD.EUR.SP00.A,D,HKD,EUR,SP00,A,2025-11-24,8.9647
EXR.D.HKD.EUR.SP00.A,D,HKD,EUR,SP00,A,2025-11-25,8.9823
EXR.D.HKD.EUR.SP00.A,D,HKD,EUR,SP00,A,2025-11-26,9.0042
EXR.D.HKD.EUR.SP00.A,D,HKD,EUR,SP00,A,2025-11-27,9.0118
EXR.D.HKD.EUR.SP00.A,D,HKD,EUR,SP00,A,2025-11-28,9.002
EXR.D.HKD.EUR.SP00.A,D,HKD,EUR,SP00,A,2025-12-01,9.0703
EXR.D.HKD.EUR.SP00.A,D,HKD,EUR,SP00,A,2025-12-02,9.0424
EXR.D.HKD.EUR.SP00.A,D,HKD,EUR,SP00,A,2025-12-03,9.0826
EXR.D.HKD.EUR.SP00.A,D,HKD,EUR,SP00,A,2025-12-04,9.0801
EXR.D.HKD.EUR.SP00.A,D,HKD,EUR,SP00,A,2025-12-05,9.0652
EXR.D.HKD.EUR.SP00.A,D,HKD,EUR,SP00,A,2025-12-08,9.0681
EXR.D.HKD.EUR.SP00.A,D,HKD,EUR,SP00,A,2025-12-09,9.056
EXR.D.HKD.EUR.SP00.A,D,HKD,EUR,SP00,A,2025-12-10,9.0532
EXR.D.HKD.EUR.SP00.A,D,HKD,EUR,SP00,A,2025-12-11,9.1154
EXR.D.HKD.EUR.SP00.A,D,HKD,EUR,SP00,A,2025-12-12,9.1332
EXR.D.HKD.EUR.SP00.A,D,HKD,EUR,SP00,A,2025-12-15,9.1462
EXR.D.HKD.EUR.SP00.A,D,HKD,EUR,SP00,A,2025-12-16,9.1609
EXR.D.HKD.EUR.SP00.A,D,HKD,EUR,SP00,A,2025-12-17,9.1207
EXR.D.HKD.EUR.SP00.A,D,HKD,EUR,SP00,A,2025-12-18,9.119
EXR.D.HKD.EUR.SP00.A,D,HKD,EUR,SP00,A,2025-12-19,9.113
EXR.D.HKD.EUR.SP00.A,D,HKD,EUR,SP00,A,2025-12-22,9.1362
EXR.D.HKD.EUR.SP00.A,D,HKD,EUR,SP00,A,2025-12-23,9.1674
EXR.D.HKD.EUR.SP00.A,D,HKD,EUR,SP00,A,2025-12-24,9.1655
EXR.D.HKD.EUR.SP00.A,D,HKD,EUR,SP00,A,2025-12-29,9.1467
EXR.D.HKD.EUR.SP00.A,D,HKD,EUR,SP00,A,2025-12-30,9.1511
EXR.D.HKD.EUR.SP00.A,D,HKD,EUR,SP00,A,2025-12-31,9.1464
EXR.D.HKD.EUR.SP00.A,D,HKD,EUR,SP00,A,2026-01-02,9.1329
EXR.D.HKD.EUR.SP00.A,D,HKD,EUR,SP00,A,2026-01-05,9.0822
EXR.D.HKD.EUR.SP00.A,D,HKD,EUR,SP00,A,2026-01-06,9.1172
EXR.D.HKD.EUR.SP00.A,D,HKD,EUR,SP00,A,2026-01-07,9.0976
EXR.D.HKD.EUR.SP00.A,D,HKD,EUR,SP00,A,2026-01-08,9.0981
EXR.D.HKD.EUR.SP00.A,D,HKD,EUR,SP00,A,2026-01-09,9.0763
EXR.D.HKD.EUR.SP00.A,D,HKD,EUR,SP00,A,2026-01-12,9.1156
EXR.D.HKD.EUR.SP00.A,D,HKD,EUR,SP00,A,2026-01-13,9.0925
EXR.D.HKD.EUR.SP00.A,D,HKD,EUR,SP00,A,2026-01-14,9.0841
EXR.D.HKD.EUR.SP00.A,D,HKD,EUR,SP00,A,2026-01-15,9.0657
EXR.D.HKD.EUR.SP00.A,D,HKD,EUR,SP00,A,2026-01-16,9.0613
EXR.D.HKD.EUR.SP00.A,D,HKD,EUR,SP00,A,2026-01-19,9.0685
EXR.D.HKD.EUR.SP00.A,D,HKD,EUR,SP00,A,2026-01-20,9.1456
EXR.D.HKD.EUR.SP00.A,D,HKD,EUR,SP00,A,2026-01-21,9.1532
EXR.D.HKD.EUR.SP00.A,D,HKD,EUR,SP00,A,2026-01-22,9.1283
EXR.D.HKD.EUR.SP00.A,D,HKD,EUR,SP00,A,2026-01-23,9.1561
EXR.D.HKD.EUR.SP00.A,D,HKD,EUR,SP00,A,2026-01-26,9.2289
EXR.D.HKD.EUR.SP00.A,D,HKD,EUR,SP00,A,2026-01-27,9.3046
EXR.D.HKD.EUR.SP00.A,D,HKD,EUR,SP00,A,2026-01-28,9.3415
EXR.D.HKD.EUR.SP00.A,D,HKD,EUR,SP00,A,2026-01-29,9.3407
EXR.D.HKD.EUR.SP00.A,D,HKD,EUR,SP00,A,2026-01-30,9.3067
EXR.D.HKD.EUR.SP00.A,D,HKD,EUR,SP00,A,2026-02-02,9.2484
EXR.D.HKD.EUR.SP00.A,D,HKD,EUR,SP00,A,2026-02-03,9.2201
EXR.D.HKD.EUR.SP00.A,D,HKD,EUR,SP00,A,2026-02-04,9.2334
EXR.D.HKD.EUR.SP00.A,D,HKD,EUR,SP00,A,2026-02-05,9.2171
EXR.D.HKD.EUR.SP00.A,D,HKD,EUR,SP00,A,2026-02-06,9.2152
EXR.D.HKD.EUR.SP00.A,D,HKD,EUR,SP00,A,2026-02-09,9.2888
EXR.D.HKD.EUR.SP00.A,D,HKD,EUR,SP00,A,2026-02-10,9.2983
EXR.D.HKD.EUR.SP00.A,D,HKD,EUR,SP00,A,2026-02-11,9.3013
EXR.D.HKD.EUR.SP00.A,D,HKD,EUR,SP00,A,2026-02-12,9.2815
EXR.D.HKD.EUR.SP00.A,D,HKD,EUR,SP00,A,2026-02-13,9.2725
EXR.D.HKD.EUR.SP00.A,D,HKD,EUR,SP00,A,2026-02-16,9.265
EXR.D.HKD.EUR.SP00.A,D,HKD,EUR,SP00,A,2026-02-17,9.2428
EXR.D.HKD.EUR.SP00.A,D,HKD,EUR,SP00,A,2026-02-18,9.2565
EXR.D.HKD.EUR.SP00.A,D,HKD,EUR,SP00,A,2026-02-19,9.1846
EXR.D.HKD.EUR.SP00.A,D,HKD,EUR,SP00,A,2026-02-20,9.1961
EXR.D.HKD.EUR.SP00.A,D,HKD,EUR,SP00,A,2026-02-23,9.2136
EXR.D.HKD.EUR.SP00.A,D,HKD,EUR,SP00,A,2026-02-24,9.2126
EXR.D.HKD.EUR.SP00.A,D,HKD,EUR,SP00,A,2026-02-25,9.2157
EXR.D.HKD.EUR.SP00.A,D,HKD,EUR,SP00,A,2026-02-26,9.2417
EXR.D.HKD.EUR.SP00.A,D,HKD,EUR,SP00,A,2026-02-27,9.2359
EXR.D.HKD.EUR.SP00.A,D,HKD,EUR,SP00,A,2026-03-02,9.1509
EXR.D.HKD.EUR.SP00.A,D,HKD,EUR,SP00,A,2026-03-03,9.0552
EXR.D.HKD.EUR.SP00.A,D,HKD,EUR,SP00,A,2026-03-04,9.1064
EXR.D.HKD.EUR.SP00.A,D,HKD,EUR,SP00,A,2026-03-05,9.0863
EXR.D.HKD.EUR.SP00.A,D,HKD,EUR,SP00,A,2026-03-06,9.04
EXR.D.HKD.EUR.SP00.A,D,HKD,EUR,SP00,A,2026-03-09,9.0311
EXR.D.HKD.EUR.SP00.A,D,HKD,EUR,SP00,A,2026-03-10,9.1075
EXR.D.HKD.EUR.SP00.A,D,HKD,EUR,SP00,A,2026-03-11,9.0642
EXR.D.HKD.EUR.SP00.A,D,HKD,EUR,SP00,A,2026-03-12,9.038
EXR.D.HKD.EUR.SP00.A,D,HKD,EUR,SP00,A,2026-03-13,8.9827
EXR.D.HKD.EUR.SP00.A,D,HKD,EUR,SP00,A,2026-03-16,8.9881
EXR.D.HKD.EUR.SP00.A,D,HKD,EUR,SP00,A,2026-03-17,9.0355
EXR.D.HKD.EUR.SP00.A,D,HKD,EUR,SP00,A,2026-03-18,9.0135
EXR.D.HKD.EUR.SP00.A,D,HKD,EUR,SP00,A,2026-03-19,8.9966
EXR.D.HKD.EUR.SP00.A,D,HKD,EUR,SP00,A,2026-03-20,9.0545
EXR.D.HKD.EUR.SP00.A,D,HKD,EUR,SP00,A,2026-03-23,9.0819
EXR.D.HKD.EUR.SP00.A,D,HKD,EUR,SP00,A,2026-03-24,9.0575
EXR.D.HKD.EUR.SP00.A,D,HKD,EUR,SP00,A,2026-03-25,9.0637
EXR.D.HKD.EUR.SP00.A,D,HKD,EUR,SP00,A,2026-03-26,9.0281
EXR.D.HKD.EUR.SP00.A,D,HKD,EUR,SP00,A,2026-03-27,9.0223
EXR.D.HKD.EUR.SP00.A,D,HKD,EUR,SP00,A,2026-03-30,8.9969
EXR.D.HKD.EUR.SP00.A,D,HKD,EUR,SP00,A,2026-03-31,9.0136
EXR.D.HKD.EUR.SP00.A,D,HKD,EUR,SP00,A,2026-04-01,9.0955
EXR.D.HKD.EUR.SP00.A,D,HKD,EUR,SP00,A,2026-04-02,9.0325
EXR.D.HKD.EUR.SP00.A,D,HKD,EUR,SP00,A,2026-04-07,9.0564
EXR.D.HKD.EUR.SP00.A,D,HKD,EUR,SP00,A,2026-04-08,9.1685
EXR.D.HKD.EUR.SP00.A,D,HKD,EUR,SP00,A,2026-04-09,9.1551
EXR.D.HKD.EUR.SP00.A,D,HKD,EUR,SP00,A,2026-04-10,9.1729
EXR.D.HKD.EUR.SP00.A,D,HKD,EUR,SP00,A,2026-04-13,9.1507
EXR.D.HKD.EUR.SP00.A,D,HKD,EUR,SP00,A,2026-04-14,9.2372
EXR.D.HKD.EUR.SP00.A,D,HKD,EUR,SP00,A,2026-04-15,9.2289
EXR.D.HKD.EUR.SP00.A,D,HKD,EUR,SP00,A,2026-04-16,9.2195
EXR.D.HKD.EUR.SP00.A,D,HKD,EUR,SP00,A,2026-04-17,9.2382
EXR.D.HKD.EUR.SP00.A,D,HKD,EUR,SP00,A,2026-04-20,9.2105
EXR.D.HKD.EUR.SP00.A,D,HKD,EUR,SP00,A,2026-04-21,9.214
EXR.D.HKD.EUR.SP00.A,D,HKD,EUR,SP00,A,2026-04-22,9.1892
EXR.D.HKD.EUR.SP00.A,D,HKD,EUR,SP00,A,2026-04-23,9.16
EXR.D.HKD.EUR.SP00.A,D,HKD,EUR,SP00,A,2026-04-24,9.1763
EXR.D.HKD.EUR.SP00.A,D,HKD,EUR,SP00,A,2026-04-27,9.208
EXR.D.HKD.EUR.SP00.A,D,HKD,EUR,SP00,A,2026-04-28,9.1527
EXR.D.HKD.EUR.SP00.A,D,HKD,EUR,SP00,A,2026-04-29,9.1736
EXR.D.HKD.EUR.SP00.A,D,HKD,EUR,SP00,A,2026-04-30,9.1662
EXR.D.HKD.EUR.SP00.A,D,HKD,EUR,SP00,A,2026-05-04,9.1647
EXR.D.HKD.EUR.SP00.A,D,HKD,EUR,SP00,A,2026-05-05,9.1577
EXR.D.HKD.EUR.SP00.A,D,HKD,EUR,SP00,A,2026-05-06,9.2163
EXR.D.HKD.EUR.SP00.A,D,HKD,EUR,SP00,A,2026-05-07,9.218
EXR.D.HKD.EUR.SP00.A,D,HKD,EUR,SP00,A,2026-05-08,9.2067
EXR.D.HKD.EUR.SP00.A,D,HKD,EUR,SP00,A,2026-05-11,9.2112
EXR.D.HKD.EUR.SP00.A,D,HKD,EUR,SP00,A,2026-05-12,9.1887
EXR.D.HKD.EUR.SP00.A,D,HKD,EUR,SP00,A,2026-05-13,9.1735
EXR.D.HKD.EUR.SP00.A,D,HKD,EUR,SP00,A,2026-05-14,9.1662
EXR.D.HKD.EUR.SP00.A,D,HKD,EUR,SP00,A,2026-05-15,9.1065
EXR.D.HKD.EUR.SP00.A,D,HKD,EUR,SP00,A,2026-05-18,9.1211
EXR.D.HKD.EUR.SP00.A,D,HKD,EUR,SP00,A,2026-05-19,9.1015
EXR.D.HKD.EUR.SP00.A,D,HKD,EUR,SP00,A,2026-05-20,9.0861
EXR.D.HKD.EUR.SP00.A,D,HKD,EUR,SP00,A,2026-05-21,9.0873
EXR.D.HKD.EUR.SP00.A,D,HKD,EUR,SP00,A,2026-05-22,9.0865
EXR.D.HKD.EUR.SP00.A,D,HKD,EUR,SP00,A,2026-05-25,9.1214
EXR.D.HKD.EUR.SP00.A,D,HKD,EUR,SP00,A,2026-05-26,9.1161
EXR.D.HKD.EUR.SP00.A,D,HKD,EUR,SP00,A,2026-05-27,9.1173
EXR.D.HKD.EUR.SP00.A,D,HKD,EUR,SP00,A,2026-05-28,9.1015
EXR.D.HKD.EUR.SP00.A,D,HKD,EUR,SP00,A,2026-05-29,9.1238
EXR.D.HKD.EUR.SP00.A,D,HKD,EUR,SP00,A,2026-06-01,9.1271
EXR.D.HKD.EUR.SP00.A,D,HKD,EUR,SP00,A,2026-06-02,9.1298
EXR.D.HKD.EUR.SP00.A,D,HKD,EUR,SP00,A,2026-06-03,9.1012
EXR.D.HKD.EUR.SP00.A,D,HKD,EUR,SP00,A,2026-06-04,9.1185
EXR.D.HKD.EUR.SP00.A,D,HKD,EUR,SP00,A,2026-06-05,9.1185
EXR.D.HKD.EUR.SP00.A,D,HKD,EUR,SP00,A,2026-06-08,9.0427
EXR.D.HKD.EUR.SP00.A,D,HKD,EUR,SP00,A,2026-06-09,9.0691
EXR.D.HKD.EUR.SP00.A,D,HKD,EUR,SP00,A,2026-06-10,9.0426
EXR.D.HKD.EUR.SP00.A,D,HKD,EUR,SP00,A,2026-06-11,9.041
EXR.D.HKD.EUR.SP00.A,D,HKD,EUR,SP00,A,2026-06-12,9.0633
EXR.D.HKD.EUR.SP00.A,D,HKD,EUR,SP00,A,2026-06-15,9.093
EXR.D.HKD.EUR.SP00.A,D,HKD,EUR,SP00,A,2026-06-16,9.0821
EXR.D.HKD.EUR.SP00.A,D,HKD,EUR,SP00,A,2026-06-17,9.0821
EXR.D.HKD.EUR.SP00.A,D,HKD,EUR,SP00,A,2026-06-18,8.9827
EXR.D.HKD.EUR.SP00.A,D,HKD,EUR,SP00,A,2026-06-19,8.9887
EXR.D.HKD.EUR.SP00.A,D,HKD,EUR,SP00,A,2026-06-22,8.981
EXR.D.HKD.EUR.SP00.A,D,HKD,EUR,SP00,A,2026-06-23,8.9313
EXR.D.HKD.EUR.SP00.A,D,HKD,EUR,SP00,A,2026-06-24,8.891
EXR.D.HKD.EUR.SP00.A,D,HKD,EUR,SP00,A,2026-06-25,8.8928
EXR.D.HKD.EUR.SP00.A,D,HKD,EUR,SP00,A,2026-06-26,8.9408
EXR.D.HKD.EUR.SP00.A,D,HKD,EUR,SP00,A,2026-06-29,8.9449
EXR.D.HKD.EUR.SP00.A,D,HKD,EUR,SP00,A,2026-06-30,8.935
EXR.D.HKD.EUR.SP00.A,D,HKD,EUR,SP00,A,2026-07-01,8.9287
EXR.D.HKD.EUR.SP00.A,D,HKD,EUR,SP00,A,2026-07-02,8.9414
EXR.D.HKD.EUR.SP00.A,D,HKD,EUR,SP00,A,2026-07-03,8.9791
EXR.D.HKD.EUR.SP00.A,D,HKD,EUR,SP00,A,2026-07-06,8.9528
EXR.D.HKD.EUR.SP00.A,D,HKD,EUR,SP00,A,2026-07-07,8.9661
EXR.D.HKD.EUR.SP00.A,D,HKD,EUR,SP00,A,2026-07-08,8.9395
EXR.D.HKD.EUR.SP00.A,D,HKD,EUR,SP00,A,2026-07-09,8.9605
EXR.D.HKD.EUR.SP00.A,D,HKD,EUR,SP00,A,2026-07-10,8.9611
EXR.D.HKD.EUR.SP00.A,D,HKD,EUR,SP00,A,2026-07-13,8.9548
EXR.D.HKD.EUR.SP00.A,D,HKD,EUR,SP00,A,2026-07-14,8.9387
EXR.D.HKD.EUR.SP00.A,D,HKD,EUR,SP00,A,2026-07-15,8.9412
EXR.D.HKD.EUR.SP00.A,D,HKD,EUR,SP00,A,2026-07-16,8.9898
EXR.D.HKD.EUR.SP00.A,D,HKD,EUR,SP00,A,2026-07-17,8.9653
EXR.D.HKD.EUR.SP00.A,D,HKD,EUR,SP00,A,2026-07-20,8.9587
EXR.D.HKD.EUR.SP00.A,D,HKD,EUR,SP00,A,2026-07-21,8.9525
EXR.D.HKD.EUR.SP00.A,D,HKD,EUR,SP00,A,2026-07-22,8.9443
EXR.D.HKD.EUR.SP00.A,D,HKD,EUR,SP00,A,2026-07-23,8.9328
EXR.D.HKD.EUR.SP00.A,D,HKD,EUR,SP00,A,2026-07-24,8.9225
EXR.D.HKD.EUR.SP00.A,D,HKD,EUR,SP00,A,2026-07-27,8.9313
EXR.D.HKD.EUR.SP00.A,D,HKD,EUR,SP00,A,2026-07-28,8.9136
EXR.D.HKD.EUR.SP00.A,D,HKD,EUR,SP00,A,2026-07-29,8.9246
EXR.D.HKD.EUR.SP00.A,D,HKD,EUR,SP00,A,2026-07-30,9.0018
EXR.D.HKD.EUR.SP00.A,D,HKD,EUR,SP00,A,2026-07-31,9.0079
